{
  "materials": [
    {
      "item": {
        "type": "forge:partial_nbt",
        "item": "tacz:ammo",
        "nbt": {
          "AmmoId": "trisdyna:emx_b2"
        }
      },
      "count": 4
    },
    {
      "item": {
        "item": "minecraft:redstone_block"
      },
      "count": 10
    },
    {
      "item": {
        "item": "minecraft:iron_ingot"
      },
      "count": 64
    },
    {
      "item": {
        "item": "twilightforest:knightmetal_ingot"
      },
      "count": 15
    },
    {
      "item": {
        "item": "minecraft:glass"
      },
      "count": 24
    },
    {
      "item": {
        "item": "twilightforest:knight_phantom_trophy"
      },
      "count": 1
    }
  ],
  "result": {
    "type": "gun",
    "id": "trisdyna:ch104",
    "ammo_count": 150
  },
  "type": "tacz:gun_smith_table_crafting"
}