{
  "materials": [
    {
      "item": {
        "type": "forge:partial_nbt",
        "item": "tacz:ammo",
        "nbt": {
          "AmmoId": "trisdyna:emx_b1"
        }
      },
      "count": 1
    },
    {
      "item": {
        "item": "minecraft:redstone"
      },
      "count": 8
    },
    {
      "item": {
        "item": "minecraft:iron_ingot"
      },
      "count": 10
    },
    {
      "item": {
        "item": "minecraft:glass"
      },
      "count": 8
    },
    {
      "item": {
        "item": "twilightforest:ironwood_ingot"
      },
      "count": 5
    }
  ],
  "result": {
    "type": "gun",
    "id": "trisdyna:fl00",
    "ammo_count": 120
  },
  "type": "tacz:gun_smith_table_crafting"
}