{
  "materials": [
    {
      "item": {
        "type": "forge:partial_nbt",
        "item": "tacz:ammo",
        "nbt": {
          "AmmoId": "trisdyna:emx_b2"
        }
      },
      "count": 4
    },
    {
      "item": {
        "type": "forge:partial_nbt",
        "item": "tacz:modern_kinetic_gun",
        "nbt": {
          "GunId": "trisdyna:fl00"
        }
      },
      "count": 1
    },
    {
      "item": {
        "item": "minecraft:redstone_block"
      },
      "count": 12
    },
    {
      "item": {
        "item": "minecraft:iron_ingot"
      },
      "count": 45
    },
    {
      "item": {
        "item": "minecraft:gold_ingot"
      },
      "count": 16
    },
    {
      "item": {
        "item": "minecraft:glass"
      },
      "count": 25
    },
    {
      "item": {
        "item": "twilightforest:triple_bow"
      },
      "count": 1
    },
    {
      "item": {
        "item": "twilightforest:alpha_yeti_trophy"
      },
      "count": 1
    }
  ],
  "result": {
    "type": "gun",
    "id": "trisdyna:fpc211",
    "ammo_count": 40
  },
  "type": "tacz:gun_smith_table_crafting"
}