{
  "materials": [
    {
      "item": {
        "type": "forge:partial_nbt",
        "item": "tacz:ammo",
        "nbt": {
          "AmmoId": "trisdyna:emx_b3"
        }
      },
      "count": 8
    },
    {
      "item": {
        "item": "cataclysm:infernal_forge"
      },
      "count": 1
    },
    {
      "item": {
        "item": "minecraft:iron_ingot"
      },
      "count": 320
    },
    {
      "item": {
        "item": "minecraft:gold_ingot"
      },
      "count": 90
    },
    {
      "item": {
        "item": "minecraft:glass"
      },
      "count": 140
    }
  ],
  "result": {
    "type": "gun",
    "id": "trisdyna:tris_sf7e",
    "ammo_count": 12
  },
  "type": "tacz:gun_smith_table_crafting"
}