{
  "materials": [
    {
      "item": {
        "type": "forge:partial_nbt",
        "item": "tacz:ammo",
        "nbt": {
          "AmmoId": "emxcust:emx_cus_tool"
        }
      },
      "count": 8
    },
    {
      "item": {
        "type": "forge:partial_nbt",
        "item": "tacz:modern_kinetic_gun",
        "nbt": {
          "GunId": "emxarms:emx_mk951l"
        }
      },
      "count": 1
    },
    {
      "item": {
        "type": "forge:partial_nbt",
        "item": "tacz:attachment",
        "nbt": {
          "AttachmentId": "emxarms:sight_emx_char1"
        }
      },
      "count": 1
    },
    {
      "item": {
        "item": "minecraft:purple_dye"
      },
      "count": 16
    },
    {
      "item": {
        "item": "blue_archivescraft:prena_pats_card"
      },
      "count": 1
    }
  ],
  "result": {
    "type": "gun",
    "id": "emxarms:emx_mk951l_ba",
    "attachments": {
      "scope": "emxarms:sight_emx_aw_ba"
    }
  },
  "type": "tacz:gun_smith_table_crafting"
}