{
  "materials": [
    {
      "item": {
        "type": "forge:partial_nbt",
        "item": "tacz:ammo",
        "nbt": {
          "AmmoId": "emxcust:emx_cus_tool"
        }
      },
      "count": 1
    },
    {
      "item": {
        "type": "forge:partial_nbt",
        "item": "tacz:modern_kinetic_gun",
        "nbt": {
          "GunId": "emxarms:emx_pulse"
        }
      },
      "count": 1
    },
    {
      "item": {
        "item": "threateningly_mobs:moon_priest_head"
      },
      "count": 1
    },
    {
      "item": {
        "item": "minecraft:lime_dye"
      },
      "count": 4
    }
  ],
  "result": {
    "type": "gun",
    "id": "emxarms:emx_pulse_dl2"
  },
  "type": "tacz:gun_smith_table_crafting"
}