{
  "materials": [
    {
      "item": {
        "type": "forge:partial_nbt",
        "item": "tacz:ammo",
        "nbt": {
          "AmmoId": "emxcust:emx_cus_tool"
        }
      },
      "count": 10
    },
    {
      "item": {
        "type": "forge:partial_nbt",
        "item": "tacz:modern_kinetic_gun",
        "nbt": {
          "GunId": "emxarms:emx_umx57"
        }
      },
      "count": 1
    },
    {
      "item": {
        "type": "forge:partial_nbt",
        "item": "tacz:attachment",
        "nbt": {
          "AttachmentId": "emxarms:sight_emx_char2"
        }
      },
      "count": 1
    },
    {
      "item": {
        "item": "minecraft:dragon_breath"
      },
      "count": 16
    },
    {
      "item": {
        "item": "terramity:gundalfs_hat_helmet"
      },
      "count": 1
    }
  ],
  "result": {
    "type": "gun",
    "id": "emxarms:emx_umx57h",
    "attachments": {
      "scope": "emxarms:sight_emx_aw_h",
      "grip": "emxarms:grip_emx_double_h"
    }
  },
  "type": "tacz:gun_smith_table_crafting"
}