{
  "materials": [
    {
      "item": {
        "type": "forge:partial_nbt",
        "item": "tacz:ammo",
        "nbt": {
          "AmmoId": "emxcust:emx_cus_tool"
        }
      },
      "count": 5
    },
    {
      "item": {
        "type": "forge:partial_nbt",
        "item": "tacz:modern_kinetic_gun",
        "nbt": {
          "GunId": "emxarms:emx_expel32"
        }
      },
      "count": 1
    },
    {
      "item": {
        "item": "aquamirae:ship_graveyard_echo"
      },
      "count": 8
    },
    {
      "item": {
        "item": "born_in_chaos_v1:sea_terror_stomach"
      },
      "count": 1
    }
  ],
  "result": {
    "type": "gun",
    "id": "emxarms:emx_expel32_lb"
  },
  "type": "tacz:gun_smith_table_crafting"
}