{
  "materials": [
    {
      "item": {
        "tag": "forge:ingots/iron"
      },
      "count": 16
    },
    {
      "item": {
        "tag": "forge:ingots/copper"
      },
      "count": 10
    },
    {
      "item": {
        "tag": "forge:ingots/gold"
      },
      "count": 6
    },
    {
      "item": {
        "tag": "forge:dusts/redstone"
      },
      "count": 8
    },
    {
      "item": {
        "tag": "forge:glass"
      },
      "count": 6
    }
  ],
  "result": {
    "type": "attachment",
    "id": "immersive_armorer:extended_capacitor_3"
  },
  "type": "tacz:gun_smith_table_crafting"
}