{
  "materials": [
    {
      "item": {
        "tag": "forge:ingots/iron"
      },
      "count": 8
    },
    {
      "item": {
        "tag": "forge:ingots/copper"
      },
      "count": 6
    },
    {
      "item": {
        "tag": "forge:ingots/gold"
      },
      "count": 2
    },
    {
      "item": {
        "tag": "forge:glass_panes"
      },
      "count": 2
    }
  ],
  "result": {
    "type": "attachment",
    "id": "immersive_armorer:scope_spyglass_ie"
  },
  "type": "tacz:gun_smith_table_crafting"
}