{
  "materials": [
    {
      "item": {
        "tag": "forge:ingots/iron"
      },
      "count": 20
    },
    {
      "item": {
        "tag": "forge:ingots/copper"
      },
      "count": 80
    },
    {
      "item": {
        "tag": "forge:rods/blaze"
      },
      "count": 4
    },
    {
      "item": {
        "tag": "forge:gunpowder"
      },
      "count": 30
    }
  ],
  "result": {
    "type": "ammo",
    "id": "cake:20_82",
    "count": 30
  },
  "type": "tacz:gun_smith_table_crafting"
}