{
  "model": "trisdyna:gun/s10dmd_geo",
  "texture": "trisdyna:gun/uv/s10dmd_ff",
//  "lod": {
//   "model": "trisdyna:gun/lod/emx_cf007_lod",
//   "texture": "trisdyna:gun/uv/emx_cf007"
//  },
  "hud": "trisdyna:gun/hud/s10dmd",
  "slot": "trisdyna:gun/slot/s10dmd_ff",
  //"state_machine": "trisdyna:default_state_machine",
  // 弹药计量样式，可选值：”normal“(显示实际值)、”percent“(显示百分比)，默认为”normal“
  "ammo_count_style": "normal",
  "animation": "trisdyna:s10dmd",
  "use_default_animation": "rifle",
  "third_person_animation": "default",
  // 显示准星，默认情况下瞄准会隐藏准星，将其设置为 true 则不会
  "show_crosshair": false,
  "transform": {
    "scale": {
      "thirdperson": [0.9, 0.9, 0.9],
      "ground": [0.65, 0.65, 0.65],
      "fixed": [1.0, 1.0, 1.0]
    }
  },
  "muzzle_flash": {
    "texture": "trisdyna:flash/tris_muzzle_flash",
    "scale": 3.0
  },
  "ammo": {
    // 曳光弹颜色，没有则为 #FFFFFF，没有此字段时，会调用 ammo 的相关字段
    // 严格遵循 RGB 颜色代码
    //"tracer_color": "#FF8888"
    // 粒子效果，部分参数和原版指令完全一致，具体可参考 wiki：https://minecraft.fandom.com/zh/wiki/%E5%91%BD%E4%BB%A4/particle
    // 没有此字段时，会调用 ammo 的相关字段
        "particle": {
    //      // 名称，具体可选粒子可参考 wiki：https://minecraft.fandom.com/zh/wiki/%E7%B2%92%E5%AD%90
          "name": "sonic_boom",
    //      // 生成的区域，默认为 0 0 0
          "delta": [
            0,
            0,
            0
          ],
    //      // 速度，默认为0，必须至少为 0
          "speed": 0,
    //      // 粒子存在时间，单位 tick，默认为 20 tick
          "life_time": 10,
    //      // 粒子数量，当子弹速度过快时，可以增大此数量，能够填满子弹路径的空隙
          "count": 5
        }
  },
  //"shell": {
  //  "initial_velocity": [5, 2, 1],
  //  "random_velocity": [1, 1, 0.25],
  //  "acceleration": [0.0, -10, 0.0],
  //  "angular_velocity": [360, -1200, 90],
  //  "living_time": 1.0
  //},
  "sounds": {
    "shoot": "trisdyna:rc/ff_shoot",
    "shoot_3p": "trisdyna:rc/ff_shoot",
    "dry_fire": "trisdyna:emx_dw3",
    "fire_select": "trisdyna:emx_mode",
    "head_hit": "trisdyna:tris_hit1",
    "flesh_hit": "trisdyna:tris_hit2",
	"kill": "trisdyna:emx_hit1"
  },
    // 抛壳的渲染数据，可为空，若为空，则枪械不抛壳
    //"shell": {
        // 抛壳的初速度的 xyz 值
    //    "initial_velocity": [5, 2, 1],
        // 抛壳随机变化的运动速度 xyz 值，从 0 ~ 1 随机缩放后叠加在初速度上。
    //    "random_velocity": [1, 1, 0.25],
        // 抛壳的加速度
    //    "acceleration": [0.0, -10, 0.0],
        // 抛壳的三轴角速度，从 0.5 ~ 1 随机缩放。
    //    "angular_velocity": [360, -1200, 90],
        // 抛壳渲染存活时间，单位为秒
    //    "living_time": 1.5
    //},
  "text_show": {
    // 作用的组名，该组的旋转点决定文本的位置和朝向
    "playername": {
      // 文本缩放，默认大小对于 BlockBench 里的 1
      "scale": 0.4,
      // 对齐方式：right，center，left
      "align": "left",
      // 阴影
      "shadow": false,
      // 文本颜色
      "color": "#ffffff",
      // 亮度：1-15
      "light": 15,
      // 本地化，且支持PlaceholderAPI 风格的占位符
      // 目前仅支持两个：%player_name% %ammo_count%
      "text": "%player_name%"
    }
  },
  "offhand_show": {
    "pos": [0, 20, 5],
    "rotate": [-20, 0, 30],
    "scale": [0.5, 0.5, 0.5]
  },
  "hotbar_show": {
    "0": {
      "pos": [-4, 24, 4],
      "rotate": [-90, -5, -90],
      "scale": [0.5, 0.5, 0.5]
    }
  }
}