{
  "materials": [
    {
      "item": {
        "type": "forge:partial_nbt",
        "item": "tacz:ammo",
        "nbt": {
          "AmmoId": "emxcust:emx_cus_tool"
        }
      },
      "count": 8
    },
    {
      "item": {
        "type": "forge:partial_nbt",
        "item": "tacz:modern_kinetic_gun",
        "nbt": {
          "GunId": "tacz:ak47"
        }
      },
      "count": 1
    },
    {
      "item": {
        "item": "terramity:hellspec_alloy"
      },
      "count": 2
    },
    {
      "item": {
        "item": "legendary_monsters:withered_horn"
      },
      "count": 2
    }
  ],
  "result": {
    "type": "gun",
    "id": "emxcust:rd704_murusama"
  },
  "type": "tacz:gun_smith_table_crafting"
}