{
  "materials": [
    {
      "item": {
        "type": "forge:partial_nbt",
        "item": "tacz:ammo",
        "nbt": {
          "AmmoId": "trisdyna:tris_core"
        }
      },
      "count": 30
    },
    {
      "item": {
        "item": "minecraft:iron_ingot"
      },
      "count": 100
    },
    {
      "item": {
        "item": "minecraft:gold_ingot"
      },
      "count": 20
    },
    {
      "item": {
        "item": "minecraft:netherite_ingot"
      },
      "count": 30
    }
  ],
  "result": {
    "type": "ammo",
    "id": "trisdyna:emx_b6",
    "count": 1
  },
  "type": "tacz:gun_smith_table_crafting"
}