{
	"format_version": "1.12.0",
	"minecraft:geometry": [
		{
			"description": {
				"identifier": "geometry.unknown",
				"texture_width": 32,
				"texture_height": 32,
				"visible_bounds_width": 2,
				"visible_bounds_height": 1.5,
				"visible_bounds_offset": [0, 0.25, 0]
			},
			"bones": [
				{
					"name": "root",
					"pivot": [0, 0, 0]
				},
				{
					"name": "bone",
					"parent": "root",
					"pivot": [0, 0.75, -1.6875],
					"rotation": [-90, 0, 0]
				},
				{
					"name": "bone3",
					"parent": "bone",
					"pivot": [0.825, 2.83004, -8.50382],
					"rotation": [90, 0, 0]
				},
				{
					"name": "bone8",
					"parent": "bone3",
					"pivot": [1.31925, -4.95191, -7.14026],
					"cubes": [
						{
							"origin": [0.4395, -2.26465, -8.54961],
							"size": [0.621, 0.34275, 0.9315],
							"uv": {
								"north": {"uv": [13, 22], "uv_size": [1, 1]},
								"south": {"uv": [22, 13], "uv_size": [1, 1]},
								"up": {"uv": [14, 22], "uv_size": [1, 1]},
								"down": {"uv": [22, 15], "uv_size": [1, -1]}
							}
						},
						{
							"origin": [0.336, -2.26465, -7.94611],
							"size": [0.828, 0.34275, 0.2245],
							"uv": {
								"north": {"uv": [15, 22], "uv_size": [1, 1]},
								"east": {"uv": [22, 15], "uv_size": [1, 1]},
								"south": {"uv": [16, 22], "uv_size": [1, 1]},
								"west": {"uv": [22, 16], "uv_size": [1, 1]},
								"up": {"uv": [17, 22], "uv_size": [1, 1]},
								"down": {"uv": [22, 18], "uv_size": [1, -1]}
							}
						},
						{
							"origin": [0.36725, -2.12403, -8.22736],
							"size": [0.7655, 0.20212, 0.287],
							"uv": {
								"north": {"uv": [18, 22], "uv_size": [1, 1]},
								"east": {"uv": [22, 18], "uv_size": [1, 1]},
								"south": {"uv": [19, 22], "uv_size": [1, 1]},
								"west": {"uv": [22, 19], "uv_size": [1, 1]},
								"up": {"uv": [20, 22], "uv_size": [1, 1]},
								"down": {"uv": [22, 21], "uv_size": [1, -1]}
							}
						},
						{
							"origin": [0.336, -2.26465, -8.44611],
							"size": [0.828, 0.34275, 0.2245],
							"uv": {
								"north": {"uv": [21, 22], "uv_size": [1, 1]},
								"east": {"uv": [22, 21], "uv_size": [1, 1]},
								"south": {"uv": [22, 22], "uv_size": [1, 1]},
								"west": {"uv": [0, 23], "uv_size": [1, 1]},
								"up": {"uv": [23, 0], "uv_size": [1, 1]},
								"down": {"uv": [1, 24], "uv_size": [1, -1]}
							}
						},
						{
							"origin": [0.84354, -2.26465, -8.32593],
							"size": [0.11346, 0.34275, 0.14637],
							"pivot": [1.31925, 4.71935, -7.41111],
							"rotation": [0, 45, 0],
							"uv": {
								"east": {"uv": [23, 1], "uv_size": [1, 1]},
								"up": {"uv": [2, 23], "uv_size": [1, 1]},
								"down": {"uv": [23, 3], "uv_size": [1, -1]}
							}
						},
						{
							"origin": [0.543, -2.26465, -8.32593],
							"size": [0.11346, 0.34275, 0.14637],
							"pivot": [0.18075, 4.71935, -7.41111],
							"rotation": [0, -45, 0],
							"uv": {
								"west": {"uv": [3, 23], "uv_size": [1, 1]},
								"up": {"uv": [23, 3], "uv_size": [1, 1]},
								"down": {"uv": [4, 24], "uv_size": [1, -1]}
							}
						},
						{
							"origin": [0.543, -2.26465, -7.98816],
							"size": [0.11346, 0.34275, 0.14637],
							"pivot": [0.18075, 4.71935, -8.75661],
							"rotation": [0, 45, 0],
							"uv": {
								"west": {"uv": [23, 4], "uv_size": [1, 1]},
								"up": {"uv": [5, 23], "uv_size": [1, 1]},
								"down": {"uv": [23, 6], "uv_size": [1, -1]}
							}
						},
						{
							"origin": [0.84354, -2.26465, -7.98816],
							"size": [0.11346, 0.34275, 0.14637],
							"pivot": [1.31925, 4.71935, -8.75661],
							"rotation": [0, -45, 0],
							"uv": {
								"east": {"uv": [6, 23], "uv_size": [1, 1]},
								"up": {"uv": [23, 6], "uv_size": [1, 1]},
								"down": {"uv": [7, 24], "uv_size": [1, -1]}
							}
						}
					]
				},
				{
					"name": "bone7",
					"parent": "bone3",
					"pivot": [1.31925, -1.11059, -7.14026],
					"cubes": [
						{
							"origin": [0.4395, -4.1406, -8.54961],
							"size": [0.621, 0.34275, 0.9315],
							"uv": {
								"north": {"uv": [21, 17], "uv_size": [1, 1]},
								"south": {"uv": [18, 21], "uv_size": [1, 1]},
								"up": {"uv": [21, 18], "uv_size": [1, 1]},
								"down": {"uv": [19, 22], "uv_size": [1, -1]}
							}
						},
						{
							"origin": [0.336, -4.1406, -7.94611],
							"size": [0.828, 0.34275, 0.2245],
							"uv": {
								"north": {"uv": [21, 19], "uv_size": [1, 1]},
								"east": {"uv": [20, 21], "uv_size": [1, 1]},
								"south": {"uv": [21, 20], "uv_size": [1, 1]},
								"west": {"uv": [21, 21], "uv_size": [1, 1]},
								"up": {"uv": [0, 22], "uv_size": [1, 1]},
								"down": {"uv": [22, 1], "uv_size": [1, -1]}
							}
						},
						{
							"origin": [0.36725, -4.1406, -8.22736],
							"size": [0.7655, 0.20212, 0.287],
							"uv": {
								"north": {"uv": [1, 22], "uv_size": [1, 1]},
								"east": {"uv": [22, 1], "uv_size": [1, 1]},
								"south": {"uv": [2, 22], "uv_size": [1, 1]},
								"west": {"uv": [22, 2], "uv_size": [1, 1]},
								"up": {"uv": [3, 22], "uv_size": [1, 1]},
								"down": {"uv": [22, 4], "uv_size": [1, -1]}
							}
						},
						{
							"origin": [0.336, -4.1406, -8.44611],
							"size": [0.828, 0.34275, 0.2245],
							"uv": {
								"north": {"uv": [4, 22], "uv_size": [1, 1]},
								"east": {"uv": [22, 4], "uv_size": [1, 1]},
								"south": {"uv": [5, 22], "uv_size": [1, 1]},
								"west": {"uv": [22, 5], "uv_size": [1, 1]},
								"up": {"uv": [6, 22], "uv_size": [1, 1]},
								"down": {"uv": [22, 7], "uv_size": [1, -1]}
							}
						},
						{
							"origin": [0.84354, -4.1406, -8.32593],
							"size": [0.11346, 0.34275, 0.14637],
							"pivot": [1.31925, -10.78185, -7.41111],
							"rotation": [0, 45, 0],
							"uv": {
								"east": {"uv": [7, 22], "uv_size": [1, 1]},
								"up": {"uv": [22, 7], "uv_size": [1, 1]},
								"down": {"uv": [8, 23], "uv_size": [1, -1]}
							}
						},
						{
							"origin": [0.543, -4.1406, -8.32593],
							"size": [0.11346, 0.34275, 0.14637],
							"pivot": [0.18075, -10.78185, -7.41111],
							"rotation": [0, -45, 0],
							"uv": {
								"west": {"uv": [22, 8], "uv_size": [1, 1]},
								"up": {"uv": [9, 22], "uv_size": [1, 1]},
								"down": {"uv": [22, 10], "uv_size": [1, -1]}
							}
						},
						{
							"origin": [0.543, -4.1406, -7.98816],
							"size": [0.11346, 0.34275, 0.14637],
							"pivot": [0.18075, -10.78185, -8.75661],
							"rotation": [0, 45, 0],
							"uv": {
								"west": {"uv": [10, 22], "uv_size": [1, 1]},
								"up": {"uv": [22, 10], "uv_size": [1, 1]},
								"down": {"uv": [11, 23], "uv_size": [1, -1]}
							}
						},
						{
							"origin": [0.84354, -4.1406, -7.98816],
							"size": [0.11346, 0.34275, 0.14637],
							"pivot": [1.31925, -10.78185, -8.75661],
							"rotation": [0, -45, 0],
							"uv": {
								"east": {"uv": [22, 11], "uv_size": [1, 1]},
								"up": {"uv": [12, 22], "uv_size": [1, 1]},
								"down": {"uv": [22, 13], "uv_size": [1, -1]}
							}
						}
					]
				},
				{
					"name": "b5one0_illuminated",
					"parent": "bone3",
					"pivot": [1.20787, 1.25047, -7.54274],
					"cubes": [
						{
							"origin": [0.50025, -4.25815, -8.45849],
							"size": [0.4995, 2.45, 0.74925],
							"uv": {
								"north": {"uv": [9, 9], "uv_size": [1, 2]},
								"south": {"uv": [10, 0], "uv_size": [1, 2]}
							}
						},
						{
							"origin": [0.417, -4.25815, -8.37524],
							"size": [0.666, 2.45, 0.58275],
							"uv": {
								"east": {"uv": [10, 2], "uv_size": [1, 2]},
								"west": {"uv": [10, 4], "uv_size": [1, 2]}
							}
						},
						{
							"origin": [0.82524, -4.25815, -8.27856],
							"size": [0.09126, 2.45, 0.11773],
							"pivot": [1.20787, -2.74553, -7.54274],
							"rotation": [0, 45, 0],
							"uv": {
								"east": {"uv": [10, 6], "uv_size": [1, 2]},
								"up": {"uv": [21, 13], "uv_size": [1, 1]},
								"down": {"uv": [14, 22], "uv_size": [1, -1]}
							}
						},
						{
							"origin": [0.5835, -4.25815, -8.27856],
							"size": [0.09126, 2.45, 0.11773],
							"pivot": [0.29213, -2.74553, -7.54274],
							"rotation": [0, -45, 0],
							"uv": {
								"west": {"uv": [10, 8], "uv_size": [1, 2]},
								"up": {"uv": [21, 14], "uv_size": [1, 1]},
								"down": {"uv": [15, 22], "uv_size": [1, -1]}
							}
						},
						{
							"origin": [0.5835, -4.25815, -8.00689],
							"size": [0.09126, 2.45, 0.11773],
							"pivot": [0.29213, -2.74553, -8.62499],
							"rotation": [0, 45, 0],
							"uv": {
								"west": {"uv": [10, 10], "uv_size": [1, 2]},
								"up": {"uv": [21, 15], "uv_size": [1, 1]},
								"down": {"uv": [16, 22], "uv_size": [1, -1]}
							}
						},
						{
							"origin": [0.82524, -4.25815, -8.00689],
							"size": [0.09126, 2.45, 0.11773],
							"pivot": [1.20787, -2.74553, -8.62499],
							"rotation": [0, -45, 0],
							"uv": {
								"east": {"uv": [11, 0], "uv_size": [1, 2]},
								"up": {"uv": [21, 16], "uv_size": [1, 1]},
								"down": {"uv": [17, 22], "uv_size": [1, -1]}
							}
						}
					]
				},
				{
					"name": "bone6",
					"parent": "bone3",
					"pivot": [1.575, -0.34808, -6.71632],
					"cubes": [
						{
							"origin": [0.3, -4.7394, -8.75886],
							"size": [0.9, 0.6, 0.1625],
							"uv": {
								"north": {"uv": [19, 7], "uv_size": [1, 1]},
								"south": {"uv": [8, 19], "uv_size": [1, 1]},
								"up": {"uv": [19, 8], "uv_size": [1, 1]},
								"down": {"uv": [9, 20], "uv_size": [1, -1]}
							}
						},
						{
							"origin": [0.3, -4.7394, -7.57136],
							"size": [0.9, 0.6, 0.1625],
							"uv": {
								"north": {"uv": [19, 9], "uv_size": [1, 1]},
								"south": {"uv": [10, 19], "uv_size": [1, 1]},
								"up": {"uv": [19, 10], "uv_size": [1, 1]},
								"down": {"uv": [11, 20], "uv_size": [1, -1]}
							}
						},
						{
							"origin": [0.15, -4.3644, -8.60886],
							"size": [1.2, 0.225, 1.05],
							"uv": {
								"east": {"uv": [19, 11], "uv_size": [1, 1]},
								"west": {"uv": [12, 19], "uv_size": [1, 1]},
								"up": {"uv": [19, 12], "uv_size": [1, 1]},
								"down": {"uv": [13, 20], "uv_size": [1, -1]}
							}
						},
						{
							"origin": [0.15, -4.6769, -8.60886],
							"size": [0.12187, 0.06875, 1.05],
							"uv": {
								"east": {"uv": [19, 13], "uv_size": [1, 1]},
								"west": {"uv": [14, 19], "uv_size": [1, 1]},
								"up": {"uv": [19, 14], "uv_size": [1, 1]},
								"down": {"uv": [15, 20], "uv_size": [1, -1]}
							}
						},
						{
							"origin": [0.15, -4.7394, -7.70261],
							"size": [0.12187, 0.06875, 0.14375],
							"uv": {
								"east": {"uv": [19, 15], "uv_size": [1, 1]},
								"west": {"uv": [16, 19], "uv_size": [1, 1]},
								"up": {"uv": [19, 16], "uv_size": [1, 1]},
								"down": {"uv": [17, 20], "uv_size": [1, -1]}
							}
						},
						{
							"origin": [0.15, -4.49154, -7.71343],
							"size": [0.12187, 0.06875, 0.12813],
							"pivot": [-0.03125, -4.39658, -8.10649],
							"rotation": [-30, 0, 0],
							"uv": {
								"east": {"uv": [19, 17], "uv_size": [1, 1]},
								"west": {"uv": [18, 19], "uv_size": [1, 1]},
								"up": {"uv": [19, 18], "uv_size": [1, 1]},
								"down": {"uv": [19, 20], "uv_size": [1, -1]}
							}
						},
						{
							"origin": [0.15, -4.49154, -8.58242],
							"size": [0.12187, 0.06875, 0.12813],
							"pivot": [-0.03125, -4.39658, -8.06124],
							"rotation": [30, 0, 0],
							"uv": {
								"east": {"uv": [0, 20], "uv_size": [1, 1]},
								"west": {"uv": [20, 0], "uv_size": [1, 1]},
								"up": {"uv": [1, 20], "uv_size": [1, 1]},
								"down": {"uv": [20, 2], "uv_size": [1, -1]}
							}
						},
						{
							"origin": [0.15, -4.73941, -8.60886],
							"size": [0.12187, 0.06875, 0.14375],
							"uv": {
								"east": {"uv": [2, 20], "uv_size": [1, 1]},
								"west": {"uv": [20, 2], "uv_size": [1, 1]},
								"up": {"uv": [3, 20], "uv_size": [1, 1]},
								"down": {"uv": [20, 4], "uv_size": [1, -1]}
							}
						},
						{
							"origin": [0.15, -4.6769, -8.67136],
							"size": [0.12187, 0.06875, 0.58125],
							"pivot": [-0.03125, -4.64444, -8.08004],
							"rotation": [-32.5, 0, 0],
							"uv": {
								"east": {"uv": [4, 20], "uv_size": [1, 1]},
								"west": {"uv": [20, 4], "uv_size": [1, 1]},
								"up": {"uv": [5, 20], "uv_size": [1, 1]},
								"down": {"uv": [20, 6], "uv_size": [1, -1]}
							}
						},
						{
							"origin": [0.15, -4.6769, -8.07761],
							"size": [0.12187, 0.06875, 0.58125],
							"pivot": [-0.03125, -4.64444, -8.08004],
							"rotation": [32.5, 0, 0],
							"uv": {
								"east": {"uv": [6, 20], "uv_size": [1, 1]},
								"west": {"uv": [20, 6], "uv_size": [1, 1]},
								"up": {"uv": [7, 20], "uv_size": [1, 1]},
								"down": {"uv": [20, 8], "uv_size": [1, -1]}
							}
						},
						{
							"origin": [1.22813, -4.49154, -8.58242],
							"size": [0.12187, 0.06875, 0.12813],
							"pivot": [1.53125, -4.39658, -8.06124],
							"rotation": [30, 0, 0],
							"uv": {
								"east": {"uv": [8, 20], "uv_size": [1, 1]},
								"west": {"uv": [20, 8], "uv_size": [1, 1]},
								"up": {"uv": [9, 20], "uv_size": [1, 1]},
								"down": {"uv": [20, 10], "uv_size": [1, -1]}
							}
						},
						{
							"origin": [1.22813, -4.73941, -8.60886],
							"size": [0.12187, 0.06875, 0.14375],
							"uv": {
								"east": {"uv": [10, 20], "uv_size": [1, 1]},
								"west": {"uv": [20, 10], "uv_size": [1, 1]},
								"up": {"uv": [11, 20], "uv_size": [1, 1]},
								"down": {"uv": [20, 12], "uv_size": [1, -1]}
							}
						},
						{
							"origin": [1.22813, -4.6769, -8.67136],
							"size": [0.12187, 0.06875, 0.58125],
							"pivot": [1.53125, -4.64444, -8.08004],
							"rotation": [-32.5, 0, 0],
							"uv": {
								"east": {"uv": [12, 20], "uv_size": [1, 1]},
								"west": {"uv": [20, 12], "uv_size": [1, 1]},
								"up": {"uv": [13, 20], "uv_size": [1, 1]},
								"down": {"uv": [20, 14], "uv_size": [1, -1]}
							}
						},
						{
							"origin": [1.22813, -4.6769, -8.60886],
							"size": [0.12187, 0.06875, 1.05],
							"uv": {
								"east": {"uv": [14, 20], "uv_size": [1, 1]},
								"west": {"uv": [20, 14], "uv_size": [1, 1]},
								"up": {"uv": [15, 20], "uv_size": [1, 1]},
								"down": {"uv": [20, 16], "uv_size": [1, -1]}
							}
						},
						{
							"origin": [1.22813, -4.6769, -8.07761],
							"size": [0.12187, 0.06875, 0.58125],
							"pivot": [1.53125, -4.64444, -8.08004],
							"rotation": [32.5, 0, 0],
							"uv": {
								"east": {"uv": [16, 20], "uv_size": [1, 1]},
								"west": {"uv": [20, 16], "uv_size": [1, 1]},
								"up": {"uv": [17, 20], "uv_size": [1, 1]},
								"down": {"uv": [20, 18], "uv_size": [1, -1]}
							}
						},
						{
							"origin": [1.22813, -4.7394, -7.70261],
							"size": [0.12187, 0.06875, 0.14375],
							"uv": {
								"east": {"uv": [18, 20], "uv_size": [1, 1]},
								"west": {"uv": [20, 18], "uv_size": [1, 1]},
								"up": {"uv": [19, 20], "uv_size": [1, 1]},
								"down": {"uv": [20, 20], "uv_size": [1, -1]}
							}
						},
						{
							"origin": [1.22813, -4.49154, -7.71343],
							"size": [0.12187, 0.06875, 0.12813],
							"pivot": [1.53125, -4.39658, -8.10649],
							"rotation": [-30, 0, 0],
							"uv": {
								"east": {"uv": [20, 20], "uv_size": [1, 1]},
								"west": {"uv": [0, 21], "uv_size": [1, 1]},
								"up": {"uv": [21, 0], "uv_size": [1, 1]},
								"down": {"uv": [1, 22], "uv_size": [1, -1]}
							}
						},
						{
							"origin": [0.88557, -4.7394, -8.43468],
							"size": [0.16443, 0.6, 0.21213],
							"pivot": [1.575, -14.3644, -7.10886],
							"rotation": [0, 45, 0],
							"uv": {
								"north": {"uv": [21, 1], "uv_size": [1, 1]},
								"east": {"uv": [2, 21], "uv_size": [1, 1]},
								"south": {"uv": [21, 2], "uv_size": [1, 1]},
								"west": {"uv": [3, 21], "uv_size": [1, 1]},
								"up": {"uv": [21, 3], "uv_size": [1, 1]},
								"down": {"uv": [4, 22], "uv_size": [1, -1]}
							}
						},
						{
							"origin": [0.45, -4.7394, -8.43468],
							"size": [0.16443, 0.6, 0.21213],
							"pivot": [-0.075, -14.3644, -7.10886],
							"rotation": [0, -45, 0],
							"uv": {
								"north": {"uv": [21, 4], "uv_size": [1, 1]},
								"east": {"uv": [5, 21], "uv_size": [1, 1]},
								"south": {"uv": [21, 5], "uv_size": [1, 1]},
								"west": {"uv": [6, 21], "uv_size": [1, 1]},
								"up": {"uv": [21, 6], "uv_size": [1, 1]},
								"down": {"uv": [7, 22], "uv_size": [1, -1]}
							}
						},
						{
							"origin": [0.45, -4.7394, -7.94516],
							"size": [0.16443, 0.6, 0.21213],
							"pivot": [-0.075, -14.3644, -9.05886],
							"rotation": [0, 45, 0],
							"uv": {
								"north": {"uv": [21, 7], "uv_size": [1, 1]},
								"east": {"uv": [8, 21], "uv_size": [1, 1]},
								"south": {"uv": [21, 8], "uv_size": [1, 1]},
								"west": {"uv": [9, 21], "uv_size": [1, 1]},
								"up": {"uv": [21, 9], "uv_size": [1, 1]},
								"down": {"uv": [10, 22], "uv_size": [1, -1]}
							}
						},
						{
							"origin": [0.88557, -4.7394, -7.94516],
							"size": [0.16443, 0.6, 0.21213],
							"pivot": [1.575, -14.3644, -9.05886],
							"rotation": [0, -45, 0],
							"uv": {
								"north": {"uv": [21, 10], "uv_size": [1, 1]},
								"east": {"uv": [11, 21], "uv_size": [1, 1]},
								"south": {"uv": [21, 11], "uv_size": [1, 1]},
								"west": {"uv": [12, 21], "uv_size": [1, 1]},
								"up": {"uv": [21, 12], "uv_size": [1, 1]},
								"down": {"uv": [13, 22], "uv_size": [1, -1]}
							}
						}
					]
				},
				{
					"name": "bone5",
					"parent": "bone3",
					"pivot": [1.575, 1.45191, -6.71632],
					"cubes": [
						{
							"origin": [0.3, -1.9394, -8.75886],
							"size": [0.9, 0.625, 1.35],
							"uv": {
								"north": {"uv": [6, 18], "uv_size": [1, 1]},
								"south": {"uv": [18, 6], "uv_size": [1, 1]},
								"up": {"uv": [7, 18], "uv_size": [1, 1]},
								"down": {"uv": [18, 8], "uv_size": [1, -1]}
							}
						},
						{
							"origin": [0.15, -1.9394, -8.60886],
							"size": [1.2, 0.625, 1.05],
							"uv": {
								"east": {"uv": [8, 18], "uv_size": [1, 1]},
								"west": {"uv": [18, 8], "uv_size": [1, 1]},
								"up": {"uv": [9, 18], "uv_size": [1, 1]},
								"down": {"uv": [18, 10], "uv_size": [1, -1]}
							}
						},
						{
							"origin": [0.88557, -1.9394, -8.43468],
							"size": [0.16443, 0.625, 0.21213],
							"pivot": [1.575, -12.0644, -7.10886],
							"rotation": [0, 45, 0],
							"uv": {
								"east": {"uv": [10, 18], "uv_size": [1, 1]},
								"up": {"uv": [18, 10], "uv_size": [1, 1]},
								"down": {"uv": [11, 19], "uv_size": [1, -1]}
							}
						},
						{
							"origin": [0.45, -1.9394, -8.43468],
							"size": [0.16443, 0.625, 0.21213],
							"pivot": [-0.075, -12.0644, -7.10886],
							"rotation": [0, -45, 0],
							"uv": {
								"west": {"uv": [18, 11], "uv_size": [1, 1]},
								"up": {"uv": [12, 18], "uv_size": [1, 1]},
								"down": {"uv": [18, 13], "uv_size": [1, -1]}
							}
						},
						{
							"origin": [0.45, -1.9394, -7.94516],
							"size": [0.16443, 0.625, 0.21213],
							"pivot": [-0.075, -12.0644, -9.05886],
							"rotation": [0, 45, 0],
							"uv": {
								"west": {"uv": [13, 18], "uv_size": [1, 1]},
								"up": {"uv": [18, 13], "uv_size": [1, 1]},
								"down": {"uv": [14, 19], "uv_size": [1, -1]}
							}
						},
						{
							"origin": [0.88557, -1.9394, -7.94516],
							"size": [0.16443, 0.625, 0.21213],
							"pivot": [1.575, -12.0644, -9.05886],
							"rotation": [0, -45, 0],
							"uv": {
								"east": {"uv": [18, 14], "uv_size": [1, 1]},
								"up": {"uv": [15, 18], "uv_size": [1, 1]},
								"down": {"uv": [18, 16], "uv_size": [1, -1]}
							}
						},
						{
							"origin": [0.336, -1.6119, -8.70486],
							"size": [0.828, 0.345, 1.242],
							"uv": {
								"north": {"uv": [16, 18], "uv_size": [1, 1]},
								"south": {"uv": [18, 16], "uv_size": [1, 1]},
								"up": {"uv": [17, 18], "uv_size": [1, 1]},
								"down": {"uv": [18, 18], "uv_size": [1, -1]}
							}
						},
						{
							"origin": [0.198, -1.6119, -8.56686],
							"size": [1.104, 0.345, 0.966],
							"uv": {
								"east": {"uv": [18, 18], "uv_size": [1, 1]},
								"west": {"uv": [0, 19], "uv_size": [1, 1]},
								"up": {"uv": [19, 0], "uv_size": [1, 1]},
								"down": {"uv": [1, 20], "uv_size": [1, -1]}
							}
						},
						{
							"origin": [0.87472, -1.6119, -8.40662],
							"size": [0.15128, 0.345, 0.19516],
							"pivot": [1.509, -11.15691, -7.18686],
							"rotation": [0, 45, 0],
							"uv": {
								"east": {"uv": [19, 1], "uv_size": [1, 1]},
								"up": {"uv": [2, 19], "uv_size": [1, 1]},
								"down": {"uv": [19, 3], "uv_size": [1, -1]}
							}
						},
						{
							"origin": [0.474, -1.6119, -8.40662],
							"size": [0.15128, 0.345, 0.19516],
							"pivot": [-0.009, -11.15691, -7.18686],
							"rotation": [0, -45, 0],
							"uv": {
								"west": {"uv": [3, 19], "uv_size": [1, 1]},
								"up": {"uv": [19, 3], "uv_size": [1, 1]},
								"down": {"uv": [4, 20], "uv_size": [1, -1]}
							}
						},
						{
							"origin": [0.474, -1.6119, -7.95626],
							"size": [0.15128, 0.345, 0.19516],
							"pivot": [-0.009, -11.15691, -8.98086],
							"rotation": [0, 45, 0],
							"uv": {
								"west": {"uv": [19, 4], "uv_size": [1, 1]},
								"up": {"uv": [5, 19], "uv_size": [1, 1]},
								"down": {"uv": [19, 6], "uv_size": [1, -1]}
							}
						},
						{
							"origin": [0.87472, -1.6119, -7.95626],
							"size": [0.15128, 0.345, 0.19516],
							"pivot": [1.509, -11.15691, -8.98086],
							"rotation": [0, -45, 0],
							"uv": {
								"east": {"uv": [6, 19], "uv_size": [1, 1]},
								"up": {"uv": [19, 6], "uv_size": [1, 1]},
								"down": {"uv": [7, 20], "uv_size": [1, -1]}
							}
						},
						{
							"origin": [0.94182, -4.1644, -7.88891],
							"size": [0.08943, 2.85, 0.09963],
							"pivot": [1.575, -12.0644, -9.05886],
							"rotation": [0, -45, 0],
							"uv": {
								"north": {"uv": [3, 6], "uv_size": [1, 3]},
								"east": {"uv": [6, 3], "uv_size": [1, 3]},
								"south": {"uv": [4, 6], "uv_size": [1, 3]},
								"west": {"uv": [5, 6], "uv_size": [1, 3]}
							}
						},
						{
							"origin": [0.46875, -4.1644, -7.88891],
							"size": [0.08943, 2.85, 0.09963],
							"pivot": [-0.075, -12.0644, -9.05886],
							"rotation": [0, 45, 0],
							"uv": {
								"north": {"uv": [6, 6], "uv_size": [1, 3]},
								"east": {"uv": [7, 0], "uv_size": [1, 3]},
								"south": {"uv": [7, 3], "uv_size": [1, 3]},
								"west": {"uv": [7, 6], "uv_size": [1, 3]}
							}
						},
						{
							"origin": [0.46875, -4.1644, -8.36927],
							"size": [0.08943, 2.85, 0.09963],
							"pivot": [-0.075, -12.0644, -7.0997],
							"rotation": [0, -45, 0],
							"uv": {
								"north": {"uv": [8, 0], "uv_size": [1, 3]},
								"east": {"uv": [8, 3], "uv_size": [1, 3]},
								"south": {"uv": [8, 6], "uv_size": [1, 3]},
								"west": {"uv": [0, 9], "uv_size": [1, 3]}
							}
						},
						{
							"origin": [0.94182, -4.1644, -8.36927],
							"size": [0.08943, 2.85, 0.09963],
							"pivot": [1.575, -12.0644, -7.0997],
							"rotation": [0, 45, 0],
							"uv": {
								"north": {"uv": [9, 0], "uv_size": [1, 3]},
								"east": {"uv": [1, 9], "uv_size": [1, 3]},
								"south": {"uv": [2, 9], "uv_size": [1, 3]},
								"west": {"uv": [3, 9], "uv_size": [1, 3]}
							}
						}
					]
				},
				{
					"name": "bone11",
					"parent": "bone3",
					"pivot": [-1.31925, -4.95191, -7.14026],
					"cubes": [
						{
							"origin": [-1.0605, -2.26465, -8.54961],
							"size": [0.621, 0.34275, 0.9315],
							"uv": {
								"north": {"uv": [14, 22], "uv_size": [-1, 1]},
								"south": {"uv": [23, 13], "uv_size": [-1, 1]},
								"up": {"uv": [15, 22], "uv_size": [-1, 1]},
								"down": {"uv": [23, 15], "uv_size": [-1, -1]}
							}
						},
						{
							"origin": [-1.164, -2.26465, -7.94611],
							"size": [0.828, 0.34275, 0.2245],
							"uv": {
								"north": {"uv": [16, 22], "uv_size": [-1, 1]},
								"east": {"uv": [23, 16], "uv_size": [-1, 1]},
								"south": {"uv": [17, 22], "uv_size": [-1, 1]},
								"west": {"uv": [23, 15], "uv_size": [-1, 1]},
								"up": {"uv": [18, 22], "uv_size": [-1, 1]},
								"down": {"uv": [23, 18], "uv_size": [-1, -1]}
							}
						},
						{
							"origin": [-1.13275, -2.12403, -8.22736],
							"size": [0.7655, 0.20212, 0.287],
							"uv": {
								"north": {"uv": [19, 22], "uv_size": [-1, 1]},
								"east": {"uv": [23, 19], "uv_size": [-1, 1]},
								"south": {"uv": [20, 22], "uv_size": [-1, 1]},
								"west": {"uv": [23, 18], "uv_size": [-1, 1]},
								"up": {"uv": [21, 22], "uv_size": [-1, 1]},
								"down": {"uv": [23, 21], "uv_size": [-1, -1]}
							}
						},
						{
							"origin": [-1.164, -2.26465, -8.44611],
							"size": [0.828, 0.34275, 0.2245],
							"uv": {
								"north": {"uv": [22, 22], "uv_size": [-1, 1]},
								"east": {"uv": [1, 23], "uv_size": [-1, 1]},
								"south": {"uv": [23, 22], "uv_size": [-1, 1]},
								"west": {"uv": [23, 21], "uv_size": [-1, 1]},
								"up": {"uv": [24, 0], "uv_size": [-1, 1]},
								"down": {"uv": [2, 24], "uv_size": [-1, -1]}
							}
						},
						{
							"origin": [-0.957, -2.26465, -8.32593],
							"size": [0.11346, 0.34275, 0.14637],
							"pivot": [-1.31925, 4.71935, -7.41111],
							"rotation": [0, -45, 0],
							"uv": {
								"west": {"uv": [24, 1], "uv_size": [-1, 1]},
								"up": {"uv": [3, 23], "uv_size": [-1, 1]},
								"down": {"uv": [24, 3], "uv_size": [-1, -1]}
							}
						},
						{
							"origin": [-0.65646, -2.26465, -8.32593],
							"size": [0.11346, 0.34275, 0.14637],
							"pivot": [-0.18075, 4.71935, -7.41111],
							"rotation": [0, 45, 0],
							"uv": {
								"east": {"uv": [4, 23], "uv_size": [-1, 1]},
								"up": {"uv": [24, 3], "uv_size": [-1, 1]},
								"down": {"uv": [5, 24], "uv_size": [-1, -1]}
							}
						},
						{
							"origin": [-0.65646, -2.26465, -7.98816],
							"size": [0.11346, 0.34275, 0.14637],
							"pivot": [-0.18075, 4.71935, -8.75661],
							"rotation": [0, -45, 0],
							"uv": {
								"east": {"uv": [24, 4], "uv_size": [-1, 1]},
								"up": {"uv": [6, 23], "uv_size": [-1, 1]},
								"down": {"uv": [24, 6], "uv_size": [-1, -1]}
							}
						},
						{
							"origin": [-0.957, -2.26465, -7.98816],
							"size": [0.11346, 0.34275, 0.14637],
							"pivot": [-1.31925, 4.71935, -8.75661],
							"rotation": [0, 45, 0],
							"uv": {
								"west": {"uv": [7, 23], "uv_size": [-1, 1]},
								"up": {"uv": [24, 6], "uv_size": [-1, 1]},
								"down": {"uv": [8, 24], "uv_size": [-1, -1]}
							}
						}
					]
				},
				{
					"name": "bone10",
					"parent": "bone3",
					"pivot": [-1.31925, -1.11059, -7.14026],
					"cubes": [
						{
							"origin": [-1.0605, -4.1406, -8.54961],
							"size": [0.621, 0.34275, 0.9315],
							"uv": {
								"north": {"uv": [22, 17], "uv_size": [-1, 1]},
								"south": {"uv": [19, 21], "uv_size": [-1, 1]},
								"up": {"uv": [22, 18], "uv_size": [-1, 1]},
								"down": {"uv": [20, 22], "uv_size": [-1, -1]}
							}
						},
						{
							"origin": [-1.164, -4.1406, -7.94611],
							"size": [0.828, 0.34275, 0.2245],
							"uv": {
								"north": {"uv": [22, 19], "uv_size": [-1, 1]},
								"east": {"uv": [22, 21], "uv_size": [-1, 1]},
								"south": {"uv": [22, 20], "uv_size": [-1, 1]},
								"west": {"uv": [21, 21], "uv_size": [-1, 1]},
								"up": {"uv": [1, 22], "uv_size": [-1, 1]},
								"down": {"uv": [23, 1], "uv_size": [-1, -1]}
							}
						},
						{
							"origin": [-1.13275, -4.1406, -8.22736],
							"size": [0.7655, 0.20212, 0.287],
							"uv": {
								"north": {"uv": [2, 22], "uv_size": [-1, 1]},
								"east": {"uv": [23, 2], "uv_size": [-1, 1]},
								"south": {"uv": [3, 22], "uv_size": [-1, 1]},
								"west": {"uv": [23, 1], "uv_size": [-1, 1]},
								"up": {"uv": [4, 22], "uv_size": [-1, 1]},
								"down": {"uv": [23, 4], "uv_size": [-1, -1]}
							}
						},
						{
							"origin": [-1.164, -4.1406, -8.44611],
							"size": [0.828, 0.34275, 0.2245],
							"uv": {
								"north": {"uv": [5, 22], "uv_size": [-1, 1]},
								"east": {"uv": [23, 5], "uv_size": [-1, 1]},
								"south": {"uv": [6, 22], "uv_size": [-1, 1]},
								"west": {"uv": [23, 4], "uv_size": [-1, 1]},
								"up": {"uv": [7, 22], "uv_size": [-1, 1]},
								"down": {"uv": [23, 7], "uv_size": [-1, -1]}
							}
						},
						{
							"origin": [-0.957, -4.1406, -8.32593],
							"size": [0.11346, 0.34275, 0.14637],
							"pivot": [-1.31925, -10.78185, -7.41111],
							"rotation": [0, -45, 0],
							"uv": {
								"west": {"uv": [8, 22], "uv_size": [-1, 1]},
								"up": {"uv": [23, 7], "uv_size": [-1, 1]},
								"down": {"uv": [9, 23], "uv_size": [-1, -1]}
							}
						},
						{
							"origin": [-0.65646, -4.1406, -8.32593],
							"size": [0.11346, 0.34275, 0.14637],
							"pivot": [-0.18075, -10.78185, -7.41111],
							"rotation": [0, 45, 0],
							"uv": {
								"east": {"uv": [23, 8], "uv_size": [-1, 1]},
								"up": {"uv": [10, 22], "uv_size": [-1, 1]},
								"down": {"uv": [23, 10], "uv_size": [-1, -1]}
							}
						},
						{
							"origin": [-0.65646, -4.1406, -7.98816],
							"size": [0.11346, 0.34275, 0.14637],
							"pivot": [-0.18075, -10.78185, -8.75661],
							"rotation": [0, -45, 0],
							"uv": {
								"east": {"uv": [11, 22], "uv_size": [-1, 1]},
								"up": {"uv": [23, 10], "uv_size": [-1, 1]},
								"down": {"uv": [12, 23], "uv_size": [-1, -1]}
							}
						},
						{
							"origin": [-0.957, -4.1406, -7.98816],
							"size": [0.11346, 0.34275, 0.14637],
							"pivot": [-1.31925, -10.78185, -8.75661],
							"rotation": [0, 45, 0],
							"uv": {
								"west": {"uv": [23, 11], "uv_size": [-1, 1]},
								"up": {"uv": [13, 22], "uv_size": [-1, 1]},
								"down": {"uv": [23, 13], "uv_size": [-1, -1]}
							}
						}
					]
				},
				{
					"name": "b5e90_illuminated",
					"parent": "bone3",
					"pivot": [-1.20787, 1.25047, -7.54274],
					"cubes": [
						{
							"origin": [-0.99975, -4.25815, -8.45849],
							"size": [0.4995, 2.45, 0.74925],
							"uv": {
								"north": {"uv": [10, 9], "uv_size": [-1, 2]},
								"south": {"uv": [11, 0], "uv_size": [-1, 2]}
							}
						},
						{
							"origin": [-1.083, -4.25815, -8.37524],
							"size": [0.666, 2.45, 0.58275],
							"uv": {
								"east": {"uv": [11, 4], "uv_size": [-1, 2]},
								"west": {"uv": [11, 2], "uv_size": [-1, 2]}
							}
						},
						{
							"origin": [-0.9165, -4.25815, -8.27856],
							"size": [0.09126, 2.45, 0.11773],
							"pivot": [-1.20787, -2.74553, -7.54274],
							"rotation": [0, -45, 0],
							"uv": {
								"west": {"uv": [11, 6], "uv_size": [-1, 2]},
								"up": {"uv": [22, 13], "uv_size": [-1, 1]},
								"down": {"uv": [15, 22], "uv_size": [-1, -1]}
							}
						},
						{
							"origin": [-0.67476, -4.25815, -8.27856],
							"size": [0.09126, 2.45, 0.11773],
							"pivot": [-0.29213, -2.74553, -7.54274],
							"rotation": [0, 45, 0],
							"uv": {
								"east": {"uv": [11, 8], "uv_size": [-1, 2]},
								"up": {"uv": [22, 14], "uv_size": [-1, 1]},
								"down": {"uv": [16, 22], "uv_size": [-1, -1]}
							}
						},
						{
							"origin": [-0.67476, -4.25815, -8.00689],
							"size": [0.09126, 2.45, 0.11773],
							"pivot": [-0.29213, -2.74553, -8.62499],
							"rotation": [0, -45, 0],
							"uv": {
								"east": {"uv": [11, 10], "uv_size": [-1, 2]},
								"up": {"uv": [22, 15], "uv_size": [-1, 1]},
								"down": {"uv": [17, 22], "uv_size": [-1, -1]}
							}
						},
						{
							"origin": [-0.9165, -4.25815, -8.00689],
							"size": [0.09126, 2.45, 0.11773],
							"pivot": [-1.20787, -2.74553, -8.62499],
							"rotation": [0, 45, 0],
							"uv": {
								"west": {"uv": [12, 0], "uv_size": [-1, 2]},
								"up": {"uv": [22, 16], "uv_size": [-1, 1]},
								"down": {"uv": [18, 22], "uv_size": [-1, -1]}
							}
						}
					]
				},
				{
					"name": "bone9",
					"parent": "bone3",
					"pivot": [-1.575, -0.34808, -6.71632],
					"cubes": [
						{
							"origin": [-1.2, -4.7394, -8.75886],
							"size": [0.9, 0.6, 0.1625],
							"uv": {
								"north": {"uv": [20, 7], "uv_size": [-1, 1]},
								"south": {"uv": [9, 19], "uv_size": [-1, 1]},
								"up": {"uv": [20, 8], "uv_size": [-1, 1]},
								"down": {"uv": [10, 20], "uv_size": [-1, -1]}
							}
						},
						{
							"origin": [-1.2, -4.7394, -7.57136],
							"size": [0.9, 0.6, 0.1625],
							"uv": {
								"north": {"uv": [20, 9], "uv_size": [-1, 1]},
								"south": {"uv": [11, 19], "uv_size": [-1, 1]},
								"up": {"uv": [20, 10], "uv_size": [-1, 1]},
								"down": {"uv": [12, 20], "uv_size": [-1, -1]}
							}
						},
						{
							"origin": [-1.35, -4.3644, -8.60886],
							"size": [1.2, 0.225, 1.05],
							"uv": {
								"east": {"uv": [13, 19], "uv_size": [-1, 1]},
								"west": {"uv": [20, 11], "uv_size": [-1, 1]},
								"up": {"uv": [20, 12], "uv_size": [-1, 1]},
								"down": {"uv": [14, 20], "uv_size": [-1, -1]}
							}
						},
						{
							"origin": [-0.27187, -4.6769, -8.60886],
							"size": [0.12187, 0.06875, 1.05],
							"uv": {
								"east": {"uv": [15, 19], "uv_size": [-1, 1]},
								"west": {"uv": [20, 13], "uv_size": [-1, 1]},
								"up": {"uv": [20, 14], "uv_size": [-1, 1]},
								"down": {"uv": [16, 20], "uv_size": [-1, -1]}
							}
						},
						{
							"origin": [-0.27187, -4.7394, -7.70261],
							"size": [0.12187, 0.06875, 0.14375],
							"uv": {
								"east": {"uv": [17, 19], "uv_size": [-1, 1]},
								"west": {"uv": [20, 15], "uv_size": [-1, 1]},
								"up": {"uv": [20, 16], "uv_size": [-1, 1]},
								"down": {"uv": [18, 20], "uv_size": [-1, -1]}
							}
						},
						{
							"origin": [-0.27187, -4.49154, -7.71343],
							"size": [0.12187, 0.06875, 0.12813],
							"pivot": [0.03125, -4.39658, -8.10649],
							"rotation": [-30, 0, 0],
							"uv": {
								"east": {"uv": [19, 19], "uv_size": [-1, 1]},
								"west": {"uv": [20, 17], "uv_size": [-1, 1]},
								"up": {"uv": [20, 18], "uv_size": [-1, 1]},
								"down": {"uv": [20, 20], "uv_size": [-1, -1]}
							}
						},
						{
							"origin": [-0.27187, -4.49154, -8.58242],
							"size": [0.12187, 0.06875, 0.12813],
							"pivot": [0.03125, -4.39658, -8.06124],
							"rotation": [30, 0, 0],
							"uv": {
								"east": {"uv": [21, 0], "uv_size": [-1, 1]},
								"west": {"uv": [1, 20], "uv_size": [-1, 1]},
								"up": {"uv": [2, 20], "uv_size": [-1, 1]},
								"down": {"uv": [21, 2], "uv_size": [-1, -1]}
							}
						},
						{
							"origin": [-0.27187, -4.73941, -8.60886],
							"size": [0.12187, 0.06875, 0.14375],
							"uv": {
								"east": {"uv": [21, 2], "uv_size": [-1, 1]},
								"west": {"uv": [3, 20], "uv_size": [-1, 1]},
								"up": {"uv": [4, 20], "uv_size": [-1, 1]},
								"down": {"uv": [21, 4], "uv_size": [-1, -1]}
							}
						},
						{
							"origin": [-0.27187, -4.6769, -8.67136],
							"size": [0.12187, 0.06875, 0.58125],
							"pivot": [0.03125, -4.64444, -8.08004],
							"rotation": [-32.5, 0, 0],
							"uv": {
								"east": {"uv": [21, 4], "uv_size": [-1, 1]},
								"west": {"uv": [5, 20], "uv_size": [-1, 1]},
								"up": {"uv": [6, 20], "uv_size": [-1, 1]},
								"down": {"uv": [21, 6], "uv_size": [-1, -1]}
							}
						},
						{
							"origin": [-0.27187, -4.6769, -8.07761],
							"size": [0.12187, 0.06875, 0.58125],
							"pivot": [0.03125, -4.64444, -8.08004],
							"rotation": [32.5, 0, 0],
							"uv": {
								"east": {"uv": [21, 6], "uv_size": [-1, 1]},
								"west": {"uv": [7, 20], "uv_size": [-1, 1]},
								"up": {"uv": [8, 20], "uv_size": [-1, 1]},
								"down": {"uv": [21, 8], "uv_size": [-1, -1]}
							}
						},
						{
							"origin": [-1.35, -4.49154, -8.58242],
							"size": [0.12187, 0.06875, 0.12813],
							"pivot": [-1.53125, -4.39658, -8.06124],
							"rotation": [30, 0, 0],
							"uv": {
								"east": {"uv": [21, 8], "uv_size": [-1, 1]},
								"west": {"uv": [9, 20], "uv_size": [-1, 1]},
								"up": {"uv": [10, 20], "uv_size": [-1, 1]},
								"down": {"uv": [21, 10], "uv_size": [-1, -1]}
							}
						},
						{
							"origin": [-1.35, -4.73941, -8.60886],
							"size": [0.12187, 0.06875, 0.14375],
							"uv": {
								"east": {"uv": [21, 10], "uv_size": [-1, 1]},
								"west": {"uv": [11, 20], "uv_size": [-1, 1]},
								"up": {"uv": [12, 20], "uv_size": [-1, 1]},
								"down": {"uv": [21, 12], "uv_size": [-1, -1]}
							}
						},
						{
							"origin": [-1.35, -4.6769, -8.67136],
							"size": [0.12187, 0.06875, 0.58125],
							"pivot": [-1.53125, -4.64444, -8.08004],
							"rotation": [-32.5, 0, 0],
							"uv": {
								"east": {"uv": [21, 12], "uv_size": [-1, 1]},
								"west": {"uv": [13, 20], "uv_size": [-1, 1]},
								"up": {"uv": [14, 20], "uv_size": [-1, 1]},
								"down": {"uv": [21, 14], "uv_size": [-1, -1]}
							}
						},
						{
							"origin": [-1.35, -4.6769, -8.60886],
							"size": [0.12187, 0.06875, 1.05],
							"uv": {
								"east": {"uv": [21, 14], "uv_size": [-1, 1]},
								"west": {"uv": [15, 20], "uv_size": [-1, 1]},
								"up": {"uv": [16, 20], "uv_size": [-1, 1]},
								"down": {"uv": [21, 16], "uv_size": [-1, -1]}
							}
						},
						{
							"origin": [-1.35, -4.6769, -8.07761],
							"size": [0.12187, 0.06875, 0.58125],
							"pivot": [-1.53125, -4.64444, -8.08004],
							"rotation": [32.5, 0, 0],
							"uv": {
								"east": {"uv": [21, 16], "uv_size": [-1, 1]},
								"west": {"uv": [17, 20], "uv_size": [-1, 1]},
								"up": {"uv": [18, 20], "uv_size": [-1, 1]},
								"down": {"uv": [21, 18], "uv_size": [-1, -1]}
							}
						},
						{
							"origin": [-1.35, -4.7394, -7.70261],
							"size": [0.12187, 0.06875, 0.14375],
							"uv": {
								"east": {"uv": [21, 18], "uv_size": [-1, 1]},
								"west": {"uv": [19, 20], "uv_size": [-1, 1]},
								"up": {"uv": [20, 20], "uv_size": [-1, 1]},
								"down": {"uv": [21, 20], "uv_size": [-1, -1]}
							}
						},
						{
							"origin": [-1.35, -4.49154, -7.71343],
							"size": [0.12187, 0.06875, 0.12813],
							"pivot": [-1.53125, -4.39658, -8.10649],
							"rotation": [-30, 0, 0],
							"uv": {
								"east": {"uv": [1, 21], "uv_size": [-1, 1]},
								"west": {"uv": [21, 20], "uv_size": [-1, 1]},
								"up": {"uv": [22, 0], "uv_size": [-1, 1]},
								"down": {"uv": [2, 22], "uv_size": [-1, -1]}
							}
						},
						{
							"origin": [-1.05, -4.7394, -8.43468],
							"size": [0.16443, 0.6, 0.21213],
							"pivot": [-1.575, -14.3644, -7.10886],
							"rotation": [0, -45, 0],
							"uv": {
								"north": {"uv": [22, 1], "uv_size": [-1, 1]},
								"east": {"uv": [4, 21], "uv_size": [-1, 1]},
								"south": {"uv": [22, 2], "uv_size": [-1, 1]},
								"west": {"uv": [3, 21], "uv_size": [-1, 1]},
								"up": {"uv": [22, 3], "uv_size": [-1, 1]},
								"down": {"uv": [5, 22], "uv_size": [-1, -1]}
							}
						},
						{
							"origin": [-0.61443, -4.7394, -8.43468],
							"size": [0.16443, 0.6, 0.21213],
							"pivot": [0.075, -14.3644, -7.10886],
							"rotation": [0, 45, 0],
							"uv": {
								"north": {"uv": [22, 4], "uv_size": [-1, 1]},
								"east": {"uv": [7, 21], "uv_size": [-1, 1]},
								"south": {"uv": [22, 5], "uv_size": [-1, 1]},
								"west": {"uv": [6, 21], "uv_size": [-1, 1]},
								"up": {"uv": [22, 6], "uv_size": [-1, 1]},
								"down": {"uv": [8, 22], "uv_size": [-1, -1]}
							}
						},
						{
							"origin": [-0.61443, -4.7394, -7.94516],
							"size": [0.16443, 0.6, 0.21213],
							"pivot": [0.075, -14.3644, -9.05886],
							"rotation": [0, -45, 0],
							"uv": {
								"north": {"uv": [22, 7], "uv_size": [-1, 1]},
								"east": {"uv": [10, 21], "uv_size": [-1, 1]},
								"south": {"uv": [22, 8], "uv_size": [-1, 1]},
								"west": {"uv": [9, 21], "uv_size": [-1, 1]},
								"up": {"uv": [22, 9], "uv_size": [-1, 1]},
								"down": {"uv": [11, 22], "uv_size": [-1, -1]}
							}
						},
						{
							"origin": [-1.05, -4.7394, -7.94516],
							"size": [0.16443, 0.6, 0.21213],
							"pivot": [-1.575, -14.3644, -9.05886],
							"rotation": [0, 45, 0],
							"uv": {
								"north": {"uv": [22, 10], "uv_size": [-1, 1]},
								"east": {"uv": [13, 21], "uv_size": [-1, 1]},
								"south": {"uv": [22, 11], "uv_size": [-1, 1]},
								"west": {"uv": [12, 21], "uv_size": [-1, 1]},
								"up": {"uv": [22, 12], "uv_size": [-1, 1]},
								"down": {"uv": [14, 22], "uv_size": [-1, -1]}
							}
						}
					]
				},
				{
					"name": "bone4",
					"parent": "bone3",
					"pivot": [-1.575, 1.45191, -6.71632],
					"cubes": [
						{
							"origin": [-1.2, -1.9394, -8.75886],
							"size": [0.9, 0.625, 1.35],
							"uv": {
								"north": {"uv": [7, 18], "uv_size": [-1, 1]},
								"south": {"uv": [19, 6], "uv_size": [-1, 1]},
								"up": {"uv": [8, 18], "uv_size": [-1, 1]},
								"down": {"uv": [19, 8], "uv_size": [-1, -1]}
							}
						},
						{
							"origin": [-1.35, -1.9394, -8.60886],
							"size": [1.2, 0.625, 1.05],
							"uv": {
								"east": {"uv": [19, 8], "uv_size": [-1, 1]},
								"west": {"uv": [9, 18], "uv_size": [-1, 1]},
								"up": {"uv": [10, 18], "uv_size": [-1, 1]},
								"down": {"uv": [19, 10], "uv_size": [-1, -1]}
							}
						},
						{
							"origin": [-1.05, -1.9394, -8.43468],
							"size": [0.16443, 0.625, 0.21213],
							"pivot": [-1.575, -12.0644, -7.10886],
							"rotation": [0, -45, 0],
							"uv": {
								"west": {"uv": [11, 18], "uv_size": [-1, 1]},
								"up": {"uv": [19, 10], "uv_size": [-1, 1]},
								"down": {"uv": [12, 19], "uv_size": [-1, -1]}
							}
						},
						{
							"origin": [-0.61443, -1.9394, -8.43468],
							"size": [0.16443, 0.625, 0.21213],
							"pivot": [0.075, -12.0644, -7.10886],
							"rotation": [0, 45, 0],
							"uv": {
								"east": {"uv": [19, 11], "uv_size": [-1, 1]},
								"up": {"uv": [13, 18], "uv_size": [-1, 1]},
								"down": {"uv": [19, 13], "uv_size": [-1, -1]}
							}
						},
						{
							"origin": [-0.61443, -1.9394, -7.94516],
							"size": [0.16443, 0.625, 0.21213],
							"pivot": [0.075, -12.0644, -9.05886],
							"rotation": [0, -45, 0],
							"uv": {
								"east": {"uv": [14, 18], "uv_size": [-1, 1]},
								"up": {"uv": [19, 13], "uv_size": [-1, 1]},
								"down": {"uv": [15, 19], "uv_size": [-1, -1]}
							}
						},
						{
							"origin": [-1.05, -1.9394, -7.94516],
							"size": [0.16443, 0.625, 0.21213],
							"pivot": [-1.575, -12.0644, -9.05886],
							"rotation": [0, 45, 0],
							"uv": {
								"west": {"uv": [19, 14], "uv_size": [-1, 1]},
								"up": {"uv": [16, 18], "uv_size": [-1, 1]},
								"down": {"uv": [19, 16], "uv_size": [-1, -1]}
							}
						},
						{
							"origin": [-1.164, -1.6119, -8.70486],
							"size": [0.828, 0.345, 1.242],
							"uv": {
								"north": {"uv": [17, 18], "uv_size": [-1, 1]},
								"south": {"uv": [19, 16], "uv_size": [-1, 1]},
								"up": {"uv": [18, 18], "uv_size": [-1, 1]},
								"down": {"uv": [19, 18], "uv_size": [-1, -1]}
							}
						},
						{
							"origin": [-1.302, -1.6119, -8.56686],
							"size": [1.104, 0.345, 0.966],
							"uv": {
								"east": {"uv": [1, 19], "uv_size": [-1, 1]},
								"west": {"uv": [19, 18], "uv_size": [-1, 1]},
								"up": {"uv": [20, 0], "uv_size": [-1, 1]},
								"down": {"uv": [2, 20], "uv_size": [-1, -1]}
							}
						},
						{
							"origin": [-1.026, -1.6119, -8.40662],
							"size": [0.15128, 0.345, 0.19516],
							"pivot": [-1.509, -11.15691, -7.18686],
							"rotation": [0, -45, 0],
							"uv": {
								"west": {"uv": [20, 1], "uv_size": [-1, 1]},
								"up": {"uv": [3, 19], "uv_size": [-1, 1]},
								"down": {"uv": [20, 3], "uv_size": [-1, -1]}
							}
						},
						{
							"origin": [-0.62528, -1.6119, -8.40662],
							"size": [0.15128, 0.345, 0.19516],
							"pivot": [0.009, -11.15691, -7.18686],
							"rotation": [0, 45, 0],
							"uv": {
								"east": {"uv": [4, 19], "uv_size": [-1, 1]},
								"up": {"uv": [20, 3], "uv_size": [-1, 1]},
								"down": {"uv": [5, 20], "uv_size": [-1, -1]}
							}
						},
						{
							"origin": [-0.62528, -1.6119, -7.95626],
							"size": [0.15128, 0.345, 0.19516],
							"pivot": [0.009, -11.15691, -8.98086],
							"rotation": [0, -45, 0],
							"uv": {
								"east": {"uv": [20, 4], "uv_size": [-1, 1]},
								"up": {"uv": [6, 19], "uv_size": [-1, 1]},
								"down": {"uv": [20, 6], "uv_size": [-1, -1]}
							}
						},
						{
							"origin": [-1.026, -1.6119, -7.95626],
							"size": [0.15128, 0.345, 0.19516],
							"pivot": [-1.509, -11.15691, -8.98086],
							"rotation": [0, 45, 0],
							"uv": {
								"west": {"uv": [7, 19], "uv_size": [-1, 1]},
								"up": {"uv": [20, 6], "uv_size": [-1, 1]},
								"down": {"uv": [8, 20], "uv_size": [-1, -1]}
							}
						},
						{
							"origin": [-1.03125, -4.1644, -7.88891],
							"size": [0.08943, 2.85, 0.09963],
							"pivot": [-1.575, -12.0644, -9.05886],
							"rotation": [0, 45, 0],
							"uv": {
								"north": {"uv": [4, 6], "uv_size": [-1, 3]},
								"east": {"uv": [6, 6], "uv_size": [-1, 3]},
								"south": {"uv": [5, 6], "uv_size": [-1, 3]},
								"west": {"uv": [7, 3], "uv_size": [-1, 3]}
							}
						},
						{
							"origin": [-0.55818, -4.1644, -7.88891],
							"size": [0.08943, 2.85, 0.09963],
							"pivot": [0.075, -12.0644, -9.05886],
							"rotation": [0, -45, 0],
							"uv": {
								"north": {"uv": [7, 6], "uv_size": [-1, 3]},
								"east": {"uv": [8, 6], "uv_size": [-1, 3]},
								"south": {"uv": [8, 3], "uv_size": [-1, 3]},
								"west": {"uv": [8, 0], "uv_size": [-1, 3]}
							}
						},
						{
							"origin": [-0.55818, -4.1644, -8.36927],
							"size": [0.08943, 2.85, 0.09963],
							"pivot": [0.075, -12.0644, -7.0997],
							"rotation": [0, 45, 0],
							"uv": {
								"north": {"uv": [9, 0], "uv_size": [-1, 3]},
								"east": {"uv": [1, 9], "uv_size": [-1, 3]},
								"south": {"uv": [9, 6], "uv_size": [-1, 3]},
								"west": {"uv": [9, 3], "uv_size": [-1, 3]}
							}
						},
						{
							"origin": [-1.03125, -4.1644, -8.36927],
							"size": [0.08943, 2.85, 0.09963],
							"pivot": [-1.575, -12.0644, -7.0997],
							"rotation": [0, -45, 0],
							"uv": {
								"north": {"uv": [10, 0], "uv_size": [-1, 3]},
								"east": {"uv": [4, 9], "uv_size": [-1, 3]},
								"south": {"uv": [3, 9], "uv_size": [-1, 3]},
								"west": {"uv": [2, 9], "uv_size": [-1, 3]}
							}
						}
					]
				},
				{
					"name": "bone15",
					"parent": "bone3",
					"pivot": [-1.31925, -4.95191, -8.76526],
					"cubes": [
						{
							"origin": [-1.0605, -2.26465, -10.17461],
							"size": [0.621, 0.34275, 0.9315],
							"uv": {
								"north": {"uv": [14, 22], "uv_size": [-1, 1]},
								"south": {"uv": [23, 13], "uv_size": [-1, 1]},
								"up": {"uv": [15, 22], "uv_size": [-1, 1]},
								"down": {"uv": [23, 15], "uv_size": [-1, -1]}
							}
						},
						{
							"origin": [-1.164, -2.26465, -9.57111],
							"size": [0.828, 0.34275, 0.2245],
							"uv": {
								"north": {"uv": [16, 22], "uv_size": [-1, 1]},
								"east": {"uv": [23, 16], "uv_size": [-1, 1]},
								"south": {"uv": [17, 22], "uv_size": [-1, 1]},
								"west": {"uv": [23, 15], "uv_size": [-1, 1]},
								"up": {"uv": [18, 22], "uv_size": [-1, 1]},
								"down": {"uv": [23, 18], "uv_size": [-1, -1]}
							}
						},
						{
							"origin": [-1.13275, -2.12403, -9.85236],
							"size": [0.7655, 0.20212, 0.287],
							"uv": {
								"north": {"uv": [19, 22], "uv_size": [-1, 1]},
								"east": {"uv": [23, 19], "uv_size": [-1, 1]},
								"south": {"uv": [20, 22], "uv_size": [-1, 1]},
								"west": {"uv": [23, 18], "uv_size": [-1, 1]},
								"up": {"uv": [21, 22], "uv_size": [-1, 1]},
								"down": {"uv": [23, 21], "uv_size": [-1, -1]}
							}
						},
						{
							"origin": [-1.164, -2.26465, -10.07111],
							"size": [0.828, 0.34275, 0.2245],
							"uv": {
								"north": {"uv": [22, 22], "uv_size": [-1, 1]},
								"east": {"uv": [1, 23], "uv_size": [-1, 1]},
								"south": {"uv": [23, 22], "uv_size": [-1, 1]},
								"west": {"uv": [23, 21], "uv_size": [-1, 1]},
								"up": {"uv": [24, 0], "uv_size": [-1, 1]},
								"down": {"uv": [2, 24], "uv_size": [-1, -1]}
							}
						},
						{
							"origin": [-0.957, -2.26465, -9.95093],
							"size": [0.11346, 0.34275, 0.14637],
							"pivot": [-1.31925, 4.71935, -9.03611],
							"rotation": [0, -45, 0],
							"uv": {
								"west": {"uv": [24, 1], "uv_size": [-1, 1]},
								"up": {"uv": [3, 23], "uv_size": [-1, 1]},
								"down": {"uv": [24, 3], "uv_size": [-1, -1]}
							}
						},
						{
							"origin": [-0.65646, -2.26465, -9.95093],
							"size": [0.11346, 0.34275, 0.14637],
							"pivot": [-0.18075, 4.71935, -9.03611],
							"rotation": [0, 45, 0],
							"uv": {
								"east": {"uv": [4, 23], "uv_size": [-1, 1]},
								"up": {"uv": [24, 3], "uv_size": [-1, 1]},
								"down": {"uv": [5, 24], "uv_size": [-1, -1]}
							}
						},
						{
							"origin": [-0.65646, -2.26465, -9.61316],
							"size": [0.11346, 0.34275, 0.14637],
							"pivot": [-0.18075, 4.71935, -10.38161],
							"rotation": [0, -45, 0],
							"uv": {
								"east": {"uv": [24, 4], "uv_size": [-1, 1]},
								"up": {"uv": [6, 23], "uv_size": [-1, 1]},
								"down": {"uv": [24, 6], "uv_size": [-1, -1]}
							}
						},
						{
							"origin": [-0.957, -2.26465, -9.61316],
							"size": [0.11346, 0.34275, 0.14637],
							"pivot": [-1.31925, 4.71935, -10.38161],
							"rotation": [0, 45, 0],
							"uv": {
								"west": {"uv": [7, 23], "uv_size": [-1, 1]},
								"up": {"uv": [24, 6], "uv_size": [-1, 1]},
								"down": {"uv": [8, 24], "uv_size": [-1, -1]}
							}
						}
					]
				},
				{
					"name": "bone14",
					"parent": "bone3",
					"pivot": [-1.31925, -1.11059, -8.76526],
					"cubes": [
						{
							"origin": [-1.0605, -4.1406, -10.17461],
							"size": [0.621, 0.34275, 0.9315],
							"uv": {
								"north": {"uv": [22, 17], "uv_size": [-1, 1]},
								"south": {"uv": [19, 21], "uv_size": [-1, 1]},
								"up": {"uv": [22, 18], "uv_size": [-1, 1]},
								"down": {"uv": [20, 22], "uv_size": [-1, -1]}
							}
						},
						{
							"origin": [-1.164, -4.1406, -9.57111],
							"size": [0.828, 0.34275, 0.2245],
							"uv": {
								"north": {"uv": [22, 19], "uv_size": [-1, 1]},
								"east": {"uv": [22, 21], "uv_size": [-1, 1]},
								"south": {"uv": [22, 20], "uv_size": [-1, 1]},
								"west": {"uv": [21, 21], "uv_size": [-1, 1]},
								"up": {"uv": [1, 22], "uv_size": [-1, 1]},
								"down": {"uv": [23, 1], "uv_size": [-1, -1]}
							}
						},
						{
							"origin": [-1.13275, -4.1406, -9.85236],
							"size": [0.7655, 0.20212, 0.287],
							"uv": {
								"north": {"uv": [2, 22], "uv_size": [-1, 1]},
								"east": {"uv": [23, 2], "uv_size": [-1, 1]},
								"south": {"uv": [3, 22], "uv_size": [-1, 1]},
								"west": {"uv": [23, 1], "uv_size": [-1, 1]},
								"up": {"uv": [4, 22], "uv_size": [-1, 1]},
								"down": {"uv": [23, 4], "uv_size": [-1, -1]}
							}
						},
						{
							"origin": [-1.164, -4.1406, -10.07111],
							"size": [0.828, 0.34275, 0.2245],
							"uv": {
								"north": {"uv": [5, 22], "uv_size": [-1, 1]},
								"east": {"uv": [23, 5], "uv_size": [-1, 1]},
								"south": {"uv": [6, 22], "uv_size": [-1, 1]},
								"west": {"uv": [23, 4], "uv_size": [-1, 1]},
								"up": {"uv": [7, 22], "uv_size": [-1, 1]},
								"down": {"uv": [23, 7], "uv_size": [-1, -1]}
							}
						},
						{
							"origin": [-0.957, -4.1406, -9.95093],
							"size": [0.11346, 0.34275, 0.14637],
							"pivot": [-1.31925, -10.78185, -9.03611],
							"rotation": [0, -45, 0],
							"uv": {
								"west": {"uv": [8, 22], "uv_size": [-1, 1]},
								"up": {"uv": [23, 7], "uv_size": [-1, 1]},
								"down": {"uv": [9, 23], "uv_size": [-1, -1]}
							}
						},
						{
							"origin": [-0.65646, -4.1406, -9.95093],
							"size": [0.11346, 0.34275, 0.14637],
							"pivot": [-0.18075, -10.78185, -9.03611],
							"rotation": [0, 45, 0],
							"uv": {
								"east": {"uv": [23, 8], "uv_size": [-1, 1]},
								"up": {"uv": [10, 22], "uv_size": [-1, 1]},
								"down": {"uv": [23, 10], "uv_size": [-1, -1]}
							}
						},
						{
							"origin": [-0.65646, -4.1406, -9.61316],
							"size": [0.11346, 0.34275, 0.14637],
							"pivot": [-0.18075, -10.78185, -10.38161],
							"rotation": [0, -45, 0],
							"uv": {
								"east": {"uv": [11, 22], "uv_size": [-1, 1]},
								"up": {"uv": [23, 10], "uv_size": [-1, 1]},
								"down": {"uv": [12, 23], "uv_size": [-1, -1]}
							}
						},
						{
							"origin": [-0.957, -4.1406, -9.61316],
							"size": [0.11346, 0.34275, 0.14637],
							"pivot": [-1.31925, -10.78185, -10.38161],
							"rotation": [0, 45, 0],
							"uv": {
								"west": {"uv": [23, 11], "uv_size": [-1, 1]},
								"up": {"uv": [13, 22], "uv_size": [-1, 1]},
								"down": {"uv": [23, 13], "uv_size": [-1, -1]}
							}
						}
					]
				},
				{
					"name": "b5on90_illuminated",
					"parent": "bone3",
					"pivot": [-1.20787, 1.25047, -9.16774],
					"cubes": [
						{
							"origin": [-0.99975, -4.25815, -10.08349],
							"size": [0.4995, 2.45, 0.74925],
							"uv": {
								"north": {"uv": [10, 9], "uv_size": [-1, 2]},
								"south": {"uv": [11, 0], "uv_size": [-1, 2]}
							}
						},
						{
							"origin": [-1.083, -4.25815, -10.00024],
							"size": [0.666, 2.45, 0.58275],
							"uv": {
								"east": {"uv": [11, 4], "uv_size": [-1, 2]},
								"west": {"uv": [11, 2], "uv_size": [-1, 2]}
							}
						},
						{
							"origin": [-0.9165, -4.25815, -9.90356],
							"size": [0.09126, 2.45, 0.11773],
							"pivot": [-1.20787, -2.74553, -9.16774],
							"rotation": [0, -45, 0],
							"uv": {
								"west": {"uv": [11, 6], "uv_size": [-1, 2]},
								"up": {"uv": [22, 13], "uv_size": [-1, 1]},
								"down": {"uv": [15, 22], "uv_size": [-1, -1]}
							}
						},
						{
							"origin": [-0.67476, -4.25815, -9.90356],
							"size": [0.09126, 2.45, 0.11773],
							"pivot": [-0.29213, -2.74553, -9.16774],
							"rotation": [0, 45, 0],
							"uv": {
								"east": {"uv": [11, 8], "uv_size": [-1, 2]},
								"up": {"uv": [22, 14], "uv_size": [-1, 1]},
								"down": {"uv": [16, 22], "uv_size": [-1, -1]}
							}
						},
						{
							"origin": [-0.67476, -4.25815, -9.63189],
							"size": [0.09126, 2.45, 0.11773],
							"pivot": [-0.29213, -2.74553, -10.24999],
							"rotation": [0, -45, 0],
							"uv": {
								"east": {"uv": [11, 10], "uv_size": [-1, 2]},
								"up": {"uv": [22, 15], "uv_size": [-1, 1]},
								"down": {"uv": [17, 22], "uv_size": [-1, -1]}
							}
						},
						{
							"origin": [-0.9165, -4.25815, -9.63189],
							"size": [0.09126, 2.45, 0.11773],
							"pivot": [-1.20787, -2.74553, -10.24999],
							"rotation": [0, 45, 0],
							"uv": {
								"west": {"uv": [12, 0], "uv_size": [-1, 2]},
								"up": {"uv": [22, 16], "uv_size": [-1, 1]},
								"down": {"uv": [18, 22], "uv_size": [-1, -1]}
							}
						}
					]
				},
				{
					"name": "bone13",
					"parent": "bone3",
					"pivot": [-1.575, -0.34808, -8.34132],
					"cubes": [
						{
							"origin": [-1.2, -4.7394, -10.38386],
							"size": [0.9, 0.6, 0.1625],
							"uv": {
								"north": {"uv": [20, 7], "uv_size": [-1, 1]},
								"south": {"uv": [9, 19], "uv_size": [-1, 1]},
								"up": {"uv": [20, 8], "uv_size": [-1, 1]},
								"down": {"uv": [10, 20], "uv_size": [-1, -1]}
							}
						},
						{
							"origin": [-1.2, -4.7394, -9.19636],
							"size": [0.9, 0.6, 0.1625],
							"uv": {
								"north": {"uv": [20, 9], "uv_size": [-1, 1]},
								"south": {"uv": [11, 19], "uv_size": [-1, 1]},
								"up": {"uv": [20, 10], "uv_size": [-1, 1]},
								"down": {"uv": [12, 20], "uv_size": [-1, -1]}
							}
						},
						{
							"origin": [-1.35, -4.3644, -10.23386],
							"size": [1.2, 0.225, 1.05],
							"uv": {
								"east": {"uv": [13, 19], "uv_size": [-1, 1]},
								"west": {"uv": [20, 11], "uv_size": [-1, 1]},
								"up": {"uv": [20, 12], "uv_size": [-1, 1]},
								"down": {"uv": [14, 20], "uv_size": [-1, -1]}
							}
						},
						{
							"origin": [-0.27187, -4.6769, -10.23386],
							"size": [0.12187, 0.06875, 1.05],
							"uv": {
								"east": {"uv": [15, 19], "uv_size": [-1, 1]},
								"west": {"uv": [20, 13], "uv_size": [-1, 1]},
								"up": {"uv": [20, 14], "uv_size": [-1, 1]},
								"down": {"uv": [16, 20], "uv_size": [-1, -1]}
							}
						},
						{
							"origin": [-0.27187, -4.7394, -9.32761],
							"size": [0.12187, 0.06875, 0.14375],
							"uv": {
								"east": {"uv": [17, 19], "uv_size": [-1, 1]},
								"west": {"uv": [20, 15], "uv_size": [-1, 1]},
								"up": {"uv": [20, 16], "uv_size": [-1, 1]},
								"down": {"uv": [18, 20], "uv_size": [-1, -1]}
							}
						},
						{
							"origin": [-0.27187, -4.49154, -9.33843],
							"size": [0.12187, 0.06875, 0.12813],
							"pivot": [0.03125, -4.39658, -9.73149],
							"rotation": [-30, 0, 0],
							"uv": {
								"east": {"uv": [19, 19], "uv_size": [-1, 1]},
								"west": {"uv": [20, 17], "uv_size": [-1, 1]},
								"up": {"uv": [20, 18], "uv_size": [-1, 1]},
								"down": {"uv": [20, 20], "uv_size": [-1, -1]}
							}
						},
						{
							"origin": [-0.27187, -4.49154, -10.20742],
							"size": [0.12187, 0.06875, 0.12813],
							"pivot": [0.03125, -4.39658, -9.68624],
							"rotation": [30, 0, 0],
							"uv": {
								"east": {"uv": [21, 0], "uv_size": [-1, 1]},
								"west": {"uv": [1, 20], "uv_size": [-1, 1]},
								"up": {"uv": [2, 20], "uv_size": [-1, 1]},
								"down": {"uv": [21, 2], "uv_size": [-1, -1]}
							}
						},
						{
							"origin": [-0.27187, -4.73941, -10.23386],
							"size": [0.12187, 0.06875, 0.14375],
							"uv": {
								"east": {"uv": [21, 2], "uv_size": [-1, 1]},
								"west": {"uv": [3, 20], "uv_size": [-1, 1]},
								"up": {"uv": [4, 20], "uv_size": [-1, 1]},
								"down": {"uv": [21, 4], "uv_size": [-1, -1]}
							}
						},
						{
							"origin": [-0.27187, -4.6769, -10.29636],
							"size": [0.12187, 0.06875, 0.58125],
							"pivot": [0.03125, -4.64444, -9.70504],
							"rotation": [-32.5, 0, 0],
							"uv": {
								"east": {"uv": [21, 4], "uv_size": [-1, 1]},
								"west": {"uv": [5, 20], "uv_size": [-1, 1]},
								"up": {"uv": [6, 20], "uv_size": [-1, 1]},
								"down": {"uv": [21, 6], "uv_size": [-1, -1]}
							}
						},
						{
							"origin": [-0.27187, -4.6769, -9.70261],
							"size": [0.12187, 0.06875, 0.58125],
							"pivot": [0.03125, -4.64444, -9.70504],
							"rotation": [32.5, 0, 0],
							"uv": {
								"east": {"uv": [21, 6], "uv_size": [-1, 1]},
								"west": {"uv": [7, 20], "uv_size": [-1, 1]},
								"up": {"uv": [8, 20], "uv_size": [-1, 1]},
								"down": {"uv": [21, 8], "uv_size": [-1, -1]}
							}
						},
						{
							"origin": [-1.35, -4.49154, -10.20742],
							"size": [0.12187, 0.06875, 0.12813],
							"pivot": [-1.53125, -4.39658, -9.68624],
							"rotation": [30, 0, 0],
							"uv": {
								"east": {"uv": [21, 8], "uv_size": [-1, 1]},
								"west": {"uv": [9, 20], "uv_size": [-1, 1]},
								"up": {"uv": [10, 20], "uv_size": [-1, 1]},
								"down": {"uv": [21, 10], "uv_size": [-1, -1]}
							}
						},
						{
							"origin": [-1.35, -4.73941, -10.23386],
							"size": [0.12187, 0.06875, 0.14375],
							"uv": {
								"east": {"uv": [21, 10], "uv_size": [-1, 1]},
								"west": {"uv": [11, 20], "uv_size": [-1, 1]},
								"up": {"uv": [12, 20], "uv_size": [-1, 1]},
								"down": {"uv": [21, 12], "uv_size": [-1, -1]}
							}
						},
						{
							"origin": [-1.35, -4.6769, -10.29636],
							"size": [0.12187, 0.06875, 0.58125],
							"pivot": [-1.53125, -4.64444, -9.70504],
							"rotation": [-32.5, 0, 0],
							"uv": {
								"east": {"uv": [21, 12], "uv_size": [-1, 1]},
								"west": {"uv": [13, 20], "uv_size": [-1, 1]},
								"up": {"uv": [14, 20], "uv_size": [-1, 1]},
								"down": {"uv": [21, 14], "uv_size": [-1, -1]}
							}
						},
						{
							"origin": [-1.35, -4.6769, -10.23386],
							"size": [0.12187, 0.06875, 1.05],
							"uv": {
								"east": {"uv": [21, 14], "uv_size": [-1, 1]},
								"west": {"uv": [15, 20], "uv_size": [-1, 1]},
								"up": {"uv": [16, 20], "uv_size": [-1, 1]},
								"down": {"uv": [21, 16], "uv_size": [-1, -1]}
							}
						},
						{
							"origin": [-1.35, -4.6769, -9.70261],
							"size": [0.12187, 0.06875, 0.58125],
							"pivot": [-1.53125, -4.64444, -9.70504],
							"rotation": [32.5, 0, 0],
							"uv": {
								"east": {"uv": [21, 16], "uv_size": [-1, 1]},
								"west": {"uv": [17, 20], "uv_size": [-1, 1]},
								"up": {"uv": [18, 20], "uv_size": [-1, 1]},
								"down": {"uv": [21, 18], "uv_size": [-1, -1]}
							}
						},
						{
							"origin": [-1.35, -4.7394, -9.32761],
							"size": [0.12187, 0.06875, 0.14375],
							"uv": {
								"east": {"uv": [21, 18], "uv_size": [-1, 1]},
								"west": {"uv": [19, 20], "uv_size": [-1, 1]},
								"up": {"uv": [20, 20], "uv_size": [-1, 1]},
								"down": {"uv": [21, 20], "uv_size": [-1, -1]}
							}
						},
						{
							"origin": [-1.35, -4.49154, -9.33843],
							"size": [0.12187, 0.06875, 0.12813],
							"pivot": [-1.53125, -4.39658, -9.73149],
							"rotation": [-30, 0, 0],
							"uv": {
								"east": {"uv": [1, 21], "uv_size": [-1, 1]},
								"west": {"uv": [21, 20], "uv_size": [-1, 1]},
								"up": {"uv": [22, 0], "uv_size": [-1, 1]},
								"down": {"uv": [2, 22], "uv_size": [-1, -1]}
							}
						},
						{
							"origin": [-1.05, -4.7394, -10.05968],
							"size": [0.16443, 0.6, 0.21213],
							"pivot": [-1.575, -14.3644, -8.73386],
							"rotation": [0, -45, 0],
							"uv": {
								"north": {"uv": [22, 1], "uv_size": [-1, 1]},
								"east": {"uv": [4, 21], "uv_size": [-1, 1]},
								"south": {"uv": [22, 2], "uv_size": [-1, 1]},
								"west": {"uv": [3, 21], "uv_size": [-1, 1]},
								"up": {"uv": [22, 3], "uv_size": [-1, 1]},
								"down": {"uv": [5, 22], "uv_size": [-1, -1]}
							}
						},
						{
							"origin": [-0.61443, -4.7394, -10.05968],
							"size": [0.16443, 0.6, 0.21213],
							"pivot": [0.075, -14.3644, -8.73386],
							"rotation": [0, 45, 0],
							"uv": {
								"north": {"uv": [22, 4], "uv_size": [-1, 1]},
								"east": {"uv": [7, 21], "uv_size": [-1, 1]},
								"south": {"uv": [22, 5], "uv_size": [-1, 1]},
								"west": {"uv": [6, 21], "uv_size": [-1, 1]},
								"up": {"uv": [22, 6], "uv_size": [-1, 1]},
								"down": {"uv": [8, 22], "uv_size": [-1, -1]}
							}
						},
						{
							"origin": [-0.61443, -4.7394, -9.57016],
							"size": [0.16443, 0.6, 0.21213],
							"pivot": [0.075, -14.3644, -10.68386],
							"rotation": [0, -45, 0],
							"uv": {
								"north": {"uv": [22, 7], "uv_size": [-1, 1]},
								"east": {"uv": [10, 21], "uv_size": [-1, 1]},
								"south": {"uv": [22, 8], "uv_size": [-1, 1]},
								"west": {"uv": [9, 21], "uv_size": [-1, 1]},
								"up": {"uv": [22, 9], "uv_size": [-1, 1]},
								"down": {"uv": [11, 22], "uv_size": [-1, -1]}
							}
						},
						{
							"origin": [-1.05, -4.7394, -9.57016],
							"size": [0.16443, 0.6, 0.21213],
							"pivot": [-1.575, -14.3644, -10.68386],
							"rotation": [0, 45, 0],
							"uv": {
								"north": {"uv": [22, 10], "uv_size": [-1, 1]},
								"east": {"uv": [13, 21], "uv_size": [-1, 1]},
								"south": {"uv": [22, 11], "uv_size": [-1, 1]},
								"west": {"uv": [12, 21], "uv_size": [-1, 1]},
								"up": {"uv": [22, 12], "uv_size": [-1, 1]},
								"down": {"uv": [14, 22], "uv_size": [-1, -1]}
							}
						}
					]
				},
				{
					"name": "bone12",
					"parent": "bone3",
					"pivot": [-1.575, 1.45191, -8.34132],
					"cubes": [
						{
							"origin": [-1.2, -1.9394, -10.38386],
							"size": [0.9, 0.625, 1.35],
							"uv": {
								"north": {"uv": [7, 18], "uv_size": [-1, 1]},
								"south": {"uv": [19, 6], "uv_size": [-1, 1]},
								"up": {"uv": [8, 18], "uv_size": [-1, 1]},
								"down": {"uv": [19, 8], "uv_size": [-1, -1]}
							}
						},
						{
							"origin": [-1.35, -1.9394, -10.23386],
							"size": [1.2, 0.625, 1.05],
							"uv": {
								"east": {"uv": [19, 8], "uv_size": [-1, 1]},
								"west": {"uv": [9, 18], "uv_size": [-1, 1]},
								"up": {"uv": [10, 18], "uv_size": [-1, 1]},
								"down": {"uv": [19, 10], "uv_size": [-1, -1]}
							}
						},
						{
							"origin": [-1.05, -1.9394, -10.05968],
							"size": [0.16443, 0.625, 0.21213],
							"pivot": [-1.575, -12.0644, -8.73386],
							"rotation": [0, -45, 0],
							"uv": {
								"west": {"uv": [11, 18], "uv_size": [-1, 1]},
								"up": {"uv": [19, 10], "uv_size": [-1, 1]},
								"down": {"uv": [12, 19], "uv_size": [-1, -1]}
							}
						},
						{
							"origin": [-0.61443, -1.9394, -10.05968],
							"size": [0.16443, 0.625, 0.21213],
							"pivot": [0.075, -12.0644, -8.73386],
							"rotation": [0, 45, 0],
							"uv": {
								"east": {"uv": [19, 11], "uv_size": [-1, 1]},
								"up": {"uv": [13, 18], "uv_size": [-1, 1]},
								"down": {"uv": [19, 13], "uv_size": [-1, -1]}
							}
						},
						{
							"origin": [-0.61443, -1.9394, -9.57016],
							"size": [0.16443, 0.625, 0.21213],
							"pivot": [0.075, -12.0644, -10.68386],
							"rotation": [0, -45, 0],
							"uv": {
								"east": {"uv": [14, 18], "uv_size": [-1, 1]},
								"up": {"uv": [19, 13], "uv_size": [-1, 1]},
								"down": {"uv": [15, 19], "uv_size": [-1, -1]}
							}
						},
						{
							"origin": [-1.05, -1.9394, -9.57016],
							"size": [0.16443, 0.625, 0.21213],
							"pivot": [-1.575, -12.0644, -10.68386],
							"rotation": [0, 45, 0],
							"uv": {
								"west": {"uv": [19, 14], "uv_size": [-1, 1]},
								"up": {"uv": [16, 18], "uv_size": [-1, 1]},
								"down": {"uv": [19, 16], "uv_size": [-1, -1]}
							}
						},
						{
							"origin": [-1.164, -1.6119, -10.32986],
							"size": [0.828, 0.345, 1.242],
							"uv": {
								"north": {"uv": [17, 18], "uv_size": [-1, 1]},
								"south": {"uv": [19, 16], "uv_size": [-1, 1]},
								"up": {"uv": [18, 18], "uv_size": [-1, 1]},
								"down": {"uv": [19, 18], "uv_size": [-1, -1]}
							}
						},
						{
							"origin": [-1.302, -1.6119, -10.19186],
							"size": [1.104, 0.345, 0.966],
							"uv": {
								"east": {"uv": [1, 19], "uv_size": [-1, 1]},
								"west": {"uv": [19, 18], "uv_size": [-1, 1]},
								"up": {"uv": [20, 0], "uv_size": [-1, 1]},
								"down": {"uv": [2, 20], "uv_size": [-1, -1]}
							}
						},
						{
							"origin": [-1.026, -1.6119, -10.03162],
							"size": [0.15128, 0.345, 0.19516],
							"pivot": [-1.509, -11.15691, -8.81186],
							"rotation": [0, -45, 0],
							"uv": {
								"west": {"uv": [20, 1], "uv_size": [-1, 1]},
								"up": {"uv": [3, 19], "uv_size": [-1, 1]},
								"down": {"uv": [20, 3], "uv_size": [-1, -1]}
							}
						},
						{
							"origin": [-0.62528, -1.6119, -10.03162],
							"size": [0.15128, 0.345, 0.19516],
							"pivot": [0.009, -11.15691, -8.81186],
							"rotation": [0, 45, 0],
							"uv": {
								"east": {"uv": [4, 19], "uv_size": [-1, 1]},
								"up": {"uv": [20, 3], "uv_size": [-1, 1]},
								"down": {"uv": [5, 20], "uv_size": [-1, -1]}
							}
						},
						{
							"origin": [-0.62528, -1.6119, -9.58126],
							"size": [0.15128, 0.345, 0.19516],
							"pivot": [0.009, -11.15691, -10.60586],
							"rotation": [0, -45, 0],
							"uv": {
								"east": {"uv": [20, 4], "uv_size": [-1, 1]},
								"up": {"uv": [6, 19], "uv_size": [-1, 1]},
								"down": {"uv": [20, 6], "uv_size": [-1, -1]}
							}
						},
						{
							"origin": [-1.026, -1.6119, -9.58126],
							"size": [0.15128, 0.345, 0.19516],
							"pivot": [-1.509, -11.15691, -10.60586],
							"rotation": [0, 45, 0],
							"uv": {
								"west": {"uv": [7, 19], "uv_size": [-1, 1]},
								"up": {"uv": [20, 6], "uv_size": [-1, 1]},
								"down": {"uv": [8, 20], "uv_size": [-1, -1]}
							}
						},
						{
							"origin": [-1.03125, -4.1644, -9.51391],
							"size": [0.08943, 2.85, 0.09963],
							"pivot": [-1.575, -12.0644, -10.68386],
							"rotation": [0, 45, 0],
							"uv": {
								"north": {"uv": [4, 6], "uv_size": [-1, 3]},
								"east": {"uv": [6, 6], "uv_size": [-1, 3]},
								"south": {"uv": [5, 6], "uv_size": [-1, 3]},
								"west": {"uv": [7, 3], "uv_size": [-1, 3]}
							}
						},
						{
							"origin": [-0.55818, -4.1644, -9.51391],
							"size": [0.08943, 2.85, 0.09963],
							"pivot": [0.075, -12.0644, -10.68386],
							"rotation": [0, -45, 0],
							"uv": {
								"north": {"uv": [7, 6], "uv_size": [-1, 3]},
								"east": {"uv": [8, 6], "uv_size": [-1, 3]},
								"south": {"uv": [8, 3], "uv_size": [-1, 3]},
								"west": {"uv": [8, 0], "uv_size": [-1, 3]}
							}
						},
						{
							"origin": [-0.55818, -4.1644, -9.99427],
							"size": [0.08943, 2.85, 0.09963],
							"pivot": [0.075, -12.0644, -8.7247],
							"rotation": [0, 45, 0],
							"uv": {
								"north": {"uv": [9, 0], "uv_size": [-1, 3]},
								"east": {"uv": [1, 9], "uv_size": [-1, 3]},
								"south": {"uv": [9, 6], "uv_size": [-1, 3]},
								"west": {"uv": [9, 3], "uv_size": [-1, 3]}
							}
						},
						{
							"origin": [-1.03125, -4.1644, -9.99427],
							"size": [0.08943, 2.85, 0.09963],
							"pivot": [-1.575, -12.0644, -8.7247],
							"rotation": [0, -45, 0],
							"uv": {
								"north": {"uv": [10, 0], "uv_size": [-1, 3]},
								"east": {"uv": [4, 9], "uv_size": [-1, 3]},
								"south": {"uv": [3, 9], "uv_size": [-1, 3]},
								"west": {"uv": [2, 9], "uv_size": [-1, 3]}
							}
						}
					]
				},
				{
					"name": "bone19",
					"parent": "bone3",
					"pivot": [1.31925, -4.95191, -8.76526],
					"cubes": [
						{
							"origin": [0.4395, -2.26465, -10.17461],
							"size": [0.621, 0.34275, 0.9315],
							"uv": {
								"north": {"uv": [13, 22], "uv_size": [1, 1]},
								"south": {"uv": [22, 13], "uv_size": [1, 1]},
								"up": {"uv": [14, 22], "uv_size": [1, 1]},
								"down": {"uv": [22, 15], "uv_size": [1, -1]}
							}
						},
						{
							"origin": [0.336, -2.26465, -9.57111],
							"size": [0.828, 0.34275, 0.2245],
							"uv": {
								"north": {"uv": [15, 22], "uv_size": [1, 1]},
								"east": {"uv": [22, 15], "uv_size": [1, 1]},
								"south": {"uv": [16, 22], "uv_size": [1, 1]},
								"west": {"uv": [22, 16], "uv_size": [1, 1]},
								"up": {"uv": [17, 22], "uv_size": [1, 1]},
								"down": {"uv": [22, 18], "uv_size": [1, -1]}
							}
						},
						{
							"origin": [0.36725, -2.12403, -9.85236],
							"size": [0.7655, 0.20212, 0.287],
							"uv": {
								"north": {"uv": [18, 22], "uv_size": [1, 1]},
								"east": {"uv": [22, 18], "uv_size": [1, 1]},
								"south": {"uv": [19, 22], "uv_size": [1, 1]},
								"west": {"uv": [22, 19], "uv_size": [1, 1]},
								"up": {"uv": [20, 22], "uv_size": [1, 1]},
								"down": {"uv": [22, 21], "uv_size": [1, -1]}
							}
						},
						{
							"origin": [0.336, -2.26465, -10.07111],
							"size": [0.828, 0.34275, 0.2245],
							"uv": {
								"north": {"uv": [21, 22], "uv_size": [1, 1]},
								"east": {"uv": [22, 21], "uv_size": [1, 1]},
								"south": {"uv": [22, 22], "uv_size": [1, 1]},
								"west": {"uv": [0, 23], "uv_size": [1, 1]},
								"up": {"uv": [23, 0], "uv_size": [1, 1]},
								"down": {"uv": [1, 24], "uv_size": [1, -1]}
							}
						},
						{
							"origin": [0.84354, -2.26465, -9.95093],
							"size": [0.11346, 0.34275, 0.14637],
							"pivot": [1.31925, 4.71935, -9.03611],
							"rotation": [0, 45, 0],
							"uv": {
								"east": {"uv": [23, 1], "uv_size": [1, 1]},
								"up": {"uv": [2, 23], "uv_size": [1, 1]},
								"down": {"uv": [23, 3], "uv_size": [1, -1]}
							}
						},
						{
							"origin": [0.543, -2.26465, -9.95093],
							"size": [0.11346, 0.34275, 0.14637],
							"pivot": [0.18075, 4.71935, -9.03611],
							"rotation": [0, -45, 0],
							"uv": {
								"west": {"uv": [3, 23], "uv_size": [1, 1]},
								"up": {"uv": [23, 3], "uv_size": [1, 1]},
								"down": {"uv": [4, 24], "uv_size": [1, -1]}
							}
						},
						{
							"origin": [0.543, -2.26465, -9.61316],
							"size": [0.11346, 0.34275, 0.14637],
							"pivot": [0.18075, 4.71935, -10.38161],
							"rotation": [0, 45, 0],
							"uv": {
								"west": {"uv": [23, 4], "uv_size": [1, 1]},
								"up": {"uv": [5, 23], "uv_size": [1, 1]},
								"down": {"uv": [23, 6], "uv_size": [1, -1]}
							}
						},
						{
							"origin": [0.84354, -2.26465, -9.61316],
							"size": [0.11346, 0.34275, 0.14637],
							"pivot": [1.31925, 4.71935, -10.38161],
							"rotation": [0, -45, 0],
							"uv": {
								"east": {"uv": [6, 23], "uv_size": [1, 1]},
								"up": {"uv": [23, 6], "uv_size": [1, 1]},
								"down": {"uv": [7, 24], "uv_size": [1, -1]}
							}
						}
					]
				},
				{
					"name": "bone18",
					"parent": "bone3",
					"pivot": [1.31925, -1.11059, -8.76526],
					"cubes": [
						{
							"origin": [0.4395, -4.1406, -10.17461],
							"size": [0.621, 0.34275, 0.9315],
							"uv": {
								"north": {"uv": [21, 17], "uv_size": [1, 1]},
								"south": {"uv": [18, 21], "uv_size": [1, 1]},
								"up": {"uv": [21, 18], "uv_size": [1, 1]},
								"down": {"uv": [19, 22], "uv_size": [1, -1]}
							}
						},
						{
							"origin": [0.336, -4.1406, -9.57111],
							"size": [0.828, 0.34275, 0.2245],
							"uv": {
								"north": {"uv": [21, 19], "uv_size": [1, 1]},
								"east": {"uv": [20, 21], "uv_size": [1, 1]},
								"south": {"uv": [21, 20], "uv_size": [1, 1]},
								"west": {"uv": [21, 21], "uv_size": [1, 1]},
								"up": {"uv": [0, 22], "uv_size": [1, 1]},
								"down": {"uv": [22, 1], "uv_size": [1, -1]}
							}
						},
						{
							"origin": [0.36725, -4.1406, -9.85236],
							"size": [0.7655, 0.20212, 0.287],
							"uv": {
								"north": {"uv": [1, 22], "uv_size": [1, 1]},
								"east": {"uv": [22, 1], "uv_size": [1, 1]},
								"south": {"uv": [2, 22], "uv_size": [1, 1]},
								"west": {"uv": [22, 2], "uv_size": [1, 1]},
								"up": {"uv": [3, 22], "uv_size": [1, 1]},
								"down": {"uv": [22, 4], "uv_size": [1, -1]}
							}
						},
						{
							"origin": [0.336, -4.1406, -10.07111],
							"size": [0.828, 0.34275, 0.2245],
							"uv": {
								"north": {"uv": [4, 22], "uv_size": [1, 1]},
								"east": {"uv": [22, 4], "uv_size": [1, 1]},
								"south": {"uv": [5, 22], "uv_size": [1, 1]},
								"west": {"uv": [22, 5], "uv_size": [1, 1]},
								"up": {"uv": [6, 22], "uv_size": [1, 1]},
								"down": {"uv": [22, 7], "uv_size": [1, -1]}
							}
						},
						{
							"origin": [0.84354, -4.1406, -9.95093],
							"size": [0.11346, 0.34275, 0.14637],
							"pivot": [1.31925, -10.78185, -9.03611],
							"rotation": [0, 45, 0],
							"uv": {
								"east": {"uv": [7, 22], "uv_size": [1, 1]},
								"up": {"uv": [22, 7], "uv_size": [1, 1]},
								"down": {"uv": [8, 23], "uv_size": [1, -1]}
							}
						},
						{
							"origin": [0.543, -4.1406, -9.95093],
							"size": [0.11346, 0.34275, 0.14637],
							"pivot": [0.18075, -10.78185, -9.03611],
							"rotation": [0, -45, 0],
							"uv": {
								"west": {"uv": [22, 8], "uv_size": [1, 1]},
								"up": {"uv": [9, 22], "uv_size": [1, 1]},
								"down": {"uv": [22, 10], "uv_size": [1, -1]}
							}
						},
						{
							"origin": [0.543, -4.1406, -9.61316],
							"size": [0.11346, 0.34275, 0.14637],
							"pivot": [0.18075, -10.78185, -10.38161],
							"rotation": [0, 45, 0],
							"uv": {
								"west": {"uv": [10, 22], "uv_size": [1, 1]},
								"up": {"uv": [22, 10], "uv_size": [1, 1]},
								"down": {"uv": [11, 23], "uv_size": [1, -1]}
							}
						},
						{
							"origin": [0.84354, -4.1406, -9.61316],
							"size": [0.11346, 0.34275, 0.14637],
							"pivot": [1.31925, -10.78185, -10.38161],
							"rotation": [0, -45, 0],
							"uv": {
								"east": {"uv": [22, 11], "uv_size": [1, 1]},
								"up": {"uv": [12, 22], "uv_size": [1, 1]},
								"down": {"uv": [22, 13], "uv_size": [1, -1]}
							}
						}
					]
				},
				{
					"name": "b5one90_illuminated",
					"parent": "bone3",
					"pivot": [1.20787, 1.25047, -9.16774],
					"cubes": [
						{
							"origin": [0.50025, -4.25815, -10.08349],
							"size": [0.4995, 2.45, 0.74925],
							"uv": {
								"north": {"uv": [9, 9], "uv_size": [1, 2]},
								"south": {"uv": [10, 0], "uv_size": [1, 2]}
							}
						},
						{
							"origin": [0.417, -4.25815, -10.00024],
							"size": [0.666, 2.45, 0.58275],
							"uv": {
								"east": {"uv": [10, 2], "uv_size": [1, 2]},
								"west": {"uv": [10, 4], "uv_size": [1, 2]}
							}
						},
						{
							"origin": [0.82524, -4.25815, -9.90356],
							"size": [0.09126, 2.45, 0.11773],
							"pivot": [1.20787, -2.74553, -9.16774],
							"rotation": [0, 45, 0],
							"uv": {
								"east": {"uv": [10, 6], "uv_size": [1, 2]},
								"up": {"uv": [21, 13], "uv_size": [1, 1]},
								"down": {"uv": [14, 22], "uv_size": [1, -1]}
							}
						},
						{
							"origin": [0.5835, -4.25815, -9.90356],
							"size": [0.09126, 2.45, 0.11773],
							"pivot": [0.29213, -2.74553, -9.16774],
							"rotation": [0, -45, 0],
							"uv": {
								"west": {"uv": [10, 8], "uv_size": [1, 2]},
								"up": {"uv": [21, 14], "uv_size": [1, 1]},
								"down": {"uv": [15, 22], "uv_size": [1, -1]}
							}
						},
						{
							"origin": [0.5835, -4.25815, -9.63189],
							"size": [0.09126, 2.45, 0.11773],
							"pivot": [0.29213, -2.74553, -10.24999],
							"rotation": [0, 45, 0],
							"uv": {
								"west": {"uv": [10, 10], "uv_size": [1, 2]},
								"up": {"uv": [21, 15], "uv_size": [1, 1]},
								"down": {"uv": [16, 22], "uv_size": [1, -1]}
							}
						},
						{
							"origin": [0.82524, -4.25815, -9.63189],
							"size": [0.09126, 2.45, 0.11773],
							"pivot": [1.20787, -2.74553, -10.24999],
							"rotation": [0, -45, 0],
							"uv": {
								"east": {"uv": [11, 0], "uv_size": [1, 2]},
								"up": {"uv": [21, 16], "uv_size": [1, 1]},
								"down": {"uv": [17, 22], "uv_size": [1, -1]}
							}
						}
					]
				},
				{
					"name": "bone17",
					"parent": "bone3",
					"pivot": [1.575, -0.34808, -8.34132],
					"cubes": [
						{
							"origin": [0.3, -4.7394, -10.38386],
							"size": [0.9, 0.6, 0.1625],
							"uv": {
								"north": {"uv": [19, 7], "uv_size": [1, 1]},
								"south": {"uv": [8, 19], "uv_size": [1, 1]},
								"up": {"uv": [19, 8], "uv_size": [1, 1]},
								"down": {"uv": [9, 20], "uv_size": [1, -1]}
							}
						},
						{
							"origin": [0.3, -4.7394, -9.19636],
							"size": [0.9, 0.6, 0.1625],
							"uv": {
								"north": {"uv": [19, 9], "uv_size": [1, 1]},
								"south": {"uv": [10, 19], "uv_size": [1, 1]},
								"up": {"uv": [19, 10], "uv_size": [1, 1]},
								"down": {"uv": [11, 20], "uv_size": [1, -1]}
							}
						},
						{
							"origin": [0.15, -4.3644, -10.23386],
							"size": [1.2, 0.225, 1.05],
							"uv": {
								"east": {"uv": [19, 11], "uv_size": [1, 1]},
								"west": {"uv": [12, 19], "uv_size": [1, 1]},
								"up": {"uv": [19, 12], "uv_size": [1, 1]},
								"down": {"uv": [13, 20], "uv_size": [1, -1]}
							}
						},
						{
							"origin": [0.15, -4.6769, -10.23386],
							"size": [0.12187, 0.06875, 1.05],
							"uv": {
								"east": {"uv": [19, 13], "uv_size": [1, 1]},
								"west": {"uv": [14, 19], "uv_size": [1, 1]},
								"up": {"uv": [19, 14], "uv_size": [1, 1]},
								"down": {"uv": [15, 20], "uv_size": [1, -1]}
							}
						},
						{
							"origin": [0.15, -4.7394, -9.32761],
							"size": [0.12187, 0.06875, 0.14375],
							"uv": {
								"east": {"uv": [19, 15], "uv_size": [1, 1]},
								"west": {"uv": [16, 19], "uv_size": [1, 1]},
								"up": {"uv": [19, 16], "uv_size": [1, 1]},
								"down": {"uv": [17, 20], "uv_size": [1, -1]}
							}
						},
						{
							"origin": [0.15, -4.49154, -9.33843],
							"size": [0.12187, 0.06875, 0.12813],
							"pivot": [-0.03125, -4.39658, -9.73149],
							"rotation": [-30, 0, 0],
							"uv": {
								"east": {"uv": [19, 17], "uv_size": [1, 1]},
								"west": {"uv": [18, 19], "uv_size": [1, 1]},
								"up": {"uv": [19, 18], "uv_size": [1, 1]},
								"down": {"uv": [19, 20], "uv_size": [1, -1]}
							}
						},
						{
							"origin": [0.15, -4.49154, -10.20742],
							"size": [0.12187, 0.06875, 0.12813],
							"pivot": [-0.03125, -4.39658, -9.68624],
							"rotation": [30, 0, 0],
							"uv": {
								"east": {"uv": [0, 20], "uv_size": [1, 1]},
								"west": {"uv": [20, 0], "uv_size": [1, 1]},
								"up": {"uv": [1, 20], "uv_size": [1, 1]},
								"down": {"uv": [20, 2], "uv_size": [1, -1]}
							}
						},
						{
							"origin": [0.15, -4.73941, -10.23386],
							"size": [0.12187, 0.06875, 0.14375],
							"uv": {
								"east": {"uv": [2, 20], "uv_size": [1, 1]},
								"west": {"uv": [20, 2], "uv_size": [1, 1]},
								"up": {"uv": [3, 20], "uv_size": [1, 1]},
								"down": {"uv": [20, 4], "uv_size": [1, -1]}
							}
						},
						{
							"origin": [0.15, -4.6769, -10.29636],
							"size": [0.12187, 0.06875, 0.58125],
							"pivot": [-0.03125, -4.64444, -9.70504],
							"rotation": [-32.5, 0, 0],
							"uv": {
								"east": {"uv": [4, 20], "uv_size": [1, 1]},
								"west": {"uv": [20, 4], "uv_size": [1, 1]},
								"up": {"uv": [5, 20], "uv_size": [1, 1]},
								"down": {"uv": [20, 6], "uv_size": [1, -1]}
							}
						},
						{
							"origin": [0.15, -4.6769, -9.70261],
							"size": [0.12187, 0.06875, 0.58125],
							"pivot": [-0.03125, -4.64444, -9.70504],
							"rotation": [32.5, 0, 0],
							"uv": {
								"east": {"uv": [6, 20], "uv_size": [1, 1]},
								"west": {"uv": [20, 6], "uv_size": [1, 1]},
								"up": {"uv": [7, 20], "uv_size": [1, 1]},
								"down": {"uv": [20, 8], "uv_size": [1, -1]}
							}
						},
						{
							"origin": [1.22813, -4.49154, -10.20742],
							"size": [0.12187, 0.06875, 0.12813],
							"pivot": [1.53125, -4.39658, -9.68624],
							"rotation": [30, 0, 0],
							"uv": {
								"east": {"uv": [8, 20], "uv_size": [1, 1]},
								"west": {"uv": [20, 8], "uv_size": [1, 1]},
								"up": {"uv": [9, 20], "uv_size": [1, 1]},
								"down": {"uv": [20, 10], "uv_size": [1, -1]}
							}
						},
						{
							"origin": [1.22813, -4.73941, -10.23386],
							"size": [0.12187, 0.06875, 0.14375],
							"uv": {
								"east": {"uv": [10, 20], "uv_size": [1, 1]},
								"west": {"uv": [20, 10], "uv_size": [1, 1]},
								"up": {"uv": [11, 20], "uv_size": [1, 1]},
								"down": {"uv": [20, 12], "uv_size": [1, -1]}
							}
						},
						{
							"origin": [1.22813, -4.6769, -10.29636],
							"size": [0.12187, 0.06875, 0.58125],
							"pivot": [1.53125, -4.64444, -9.70504],
							"rotation": [-32.5, 0, 0],
							"uv": {
								"east": {"uv": [12, 20], "uv_size": [1, 1]},
								"west": {"uv": [20, 12], "uv_size": [1, 1]},
								"up": {"uv": [13, 20], "uv_size": [1, 1]},
								"down": {"uv": [20, 14], "uv_size": [1, -1]}
							}
						},
						{
							"origin": [1.22813, -4.6769, -10.23386],
							"size": [0.12187, 0.06875, 1.05],
							"uv": {
								"east": {"uv": [14, 20], "uv_size": [1, 1]},
								"west": {"uv": [20, 14], "uv_size": [1, 1]},
								"up": {"uv": [15, 20], "uv_size": [1, 1]},
								"down": {"uv": [20, 16], "uv_size": [1, -1]}
							}
						},
						{
							"origin": [1.22813, -4.6769, -9.70261],
							"size": [0.12187, 0.06875, 0.58125],
							"pivot": [1.53125, -4.64444, -9.70504],
							"rotation": [32.5, 0, 0],
							"uv": {
								"east": {"uv": [16, 20], "uv_size": [1, 1]},
								"west": {"uv": [20, 16], "uv_size": [1, 1]},
								"up": {"uv": [17, 20], "uv_size": [1, 1]},
								"down": {"uv": [20, 18], "uv_size": [1, -1]}
							}
						},
						{
							"origin": [1.22813, -4.7394, -9.32761],
							"size": [0.12187, 0.06875, 0.14375],
							"uv": {
								"east": {"uv": [18, 20], "uv_size": [1, 1]},
								"west": {"uv": [20, 18], "uv_size": [1, 1]},
								"up": {"uv": [19, 20], "uv_size": [1, 1]},
								"down": {"uv": [20, 20], "uv_size": [1, -1]}
							}
						},
						{
							"origin": [1.22813, -4.49154, -9.33843],
							"size": [0.12187, 0.06875, 0.12813],
							"pivot": [1.53125, -4.39658, -9.73149],
							"rotation": [-30, 0, 0],
							"uv": {
								"east": {"uv": [20, 20], "uv_size": [1, 1]},
								"west": {"uv": [0, 21], "uv_size": [1, 1]},
								"up": {"uv": [21, 0], "uv_size": [1, 1]},
								"down": {"uv": [1, 22], "uv_size": [1, -1]}
							}
						},
						{
							"origin": [0.88557, -4.7394, -10.05968],
							"size": [0.16443, 0.6, 0.21213],
							"pivot": [1.575, -14.3644, -8.73386],
							"rotation": [0, 45, 0],
							"uv": {
								"north": {"uv": [21, 1], "uv_size": [1, 1]},
								"east": {"uv": [2, 21], "uv_size": [1, 1]},
								"south": {"uv": [21, 2], "uv_size": [1, 1]},
								"west": {"uv": [3, 21], "uv_size": [1, 1]},
								"up": {"uv": [21, 3], "uv_size": [1, 1]},
								"down": {"uv": [4, 22], "uv_size": [1, -1]}
							}
						},
						{
							"origin": [0.45, -4.7394, -10.05968],
							"size": [0.16443, 0.6, 0.21213],
							"pivot": [-0.075, -14.3644, -8.73386],
							"rotation": [0, -45, 0],
							"uv": {
								"north": {"uv": [21, 4], "uv_size": [1, 1]},
								"east": {"uv": [5, 21], "uv_size": [1, 1]},
								"south": {"uv": [21, 5], "uv_size": [1, 1]},
								"west": {"uv": [6, 21], "uv_size": [1, 1]},
								"up": {"uv": [21, 6], "uv_size": [1, 1]},
								"down": {"uv": [7, 22], "uv_size": [1, -1]}
							}
						},
						{
							"origin": [0.45, -4.7394, -9.57016],
							"size": [0.16443, 0.6, 0.21213],
							"pivot": [-0.075, -14.3644, -10.68386],
							"rotation": [0, 45, 0],
							"uv": {
								"north": {"uv": [21, 7], "uv_size": [1, 1]},
								"east": {"uv": [8, 21], "uv_size": [1, 1]},
								"south": {"uv": [21, 8], "uv_size": [1, 1]},
								"west": {"uv": [9, 21], "uv_size": [1, 1]},
								"up": {"uv": [21, 9], "uv_size": [1, 1]},
								"down": {"uv": [10, 22], "uv_size": [1, -1]}
							}
						},
						{
							"origin": [0.88557, -4.7394, -9.57016],
							"size": [0.16443, 0.6, 0.21213],
							"pivot": [1.575, -14.3644, -10.68386],
							"rotation": [0, -45, 0],
							"uv": {
								"north": {"uv": [21, 10], "uv_size": [1, 1]},
								"east": {"uv": [11, 21], "uv_size": [1, 1]},
								"south": {"uv": [21, 11], "uv_size": [1, 1]},
								"west": {"uv": [12, 21], "uv_size": [1, 1]},
								"up": {"uv": [21, 12], "uv_size": [1, 1]},
								"down": {"uv": [13, 22], "uv_size": [1, -1]}
							}
						}
					]
				},
				{
					"name": "bone16",
					"parent": "bone3",
					"pivot": [1.575, 1.45191, -8.34132],
					"cubes": [
						{
							"origin": [0.3, -1.9394, -10.38386],
							"size": [0.9, 0.625, 1.35],
							"uv": {
								"north": {"uv": [6, 18], "uv_size": [1, 1]},
								"south": {"uv": [18, 6], "uv_size": [1, 1]},
								"up": {"uv": [7, 18], "uv_size": [1, 1]},
								"down": {"uv": [18, 8], "uv_size": [1, -1]}
							}
						},
						{
							"origin": [0.15, -1.9394, -10.23386],
							"size": [1.2, 0.625, 1.05],
							"uv": {
								"east": {"uv": [8, 18], "uv_size": [1, 1]},
								"west": {"uv": [18, 8], "uv_size": [1, 1]},
								"up": {"uv": [9, 18], "uv_size": [1, 1]},
								"down": {"uv": [18, 10], "uv_size": [1, -1]}
							}
						},
						{
							"origin": [0.88557, -1.9394, -10.05968],
							"size": [0.16443, 0.625, 0.21213],
							"pivot": [1.575, -12.0644, -8.73386],
							"rotation": [0, 45, 0],
							"uv": {
								"east": {"uv": [10, 18], "uv_size": [1, 1]},
								"up": {"uv": [18, 10], "uv_size": [1, 1]},
								"down": {"uv": [11, 19], "uv_size": [1, -1]}
							}
						},
						{
							"origin": [0.45, -1.9394, -10.05968],
							"size": [0.16443, 0.625, 0.21213],
							"pivot": [-0.075, -12.0644, -8.73386],
							"rotation": [0, -45, 0],
							"uv": {
								"west": {"uv": [18, 11], "uv_size": [1, 1]},
								"up": {"uv": [12, 18], "uv_size": [1, 1]},
								"down": {"uv": [18, 13], "uv_size": [1, -1]}
							}
						},
						{
							"origin": [0.45, -1.9394, -9.57016],
							"size": [0.16443, 0.625, 0.21213],
							"pivot": [-0.075, -12.0644, -10.68386],
							"rotation": [0, 45, 0],
							"uv": {
								"west": {"uv": [13, 18], "uv_size": [1, 1]},
								"up": {"uv": [18, 13], "uv_size": [1, 1]},
								"down": {"uv": [14, 19], "uv_size": [1, -1]}
							}
						},
						{
							"origin": [0.88557, -1.9394, -9.57016],
							"size": [0.16443, 0.625, 0.21213],
							"pivot": [1.575, -12.0644, -10.68386],
							"rotation": [0, -45, 0],
							"uv": {
								"east": {"uv": [18, 14], "uv_size": [1, 1]},
								"up": {"uv": [15, 18], "uv_size": [1, 1]},
								"down": {"uv": [18, 16], "uv_size": [1, -1]}
							}
						},
						{
							"origin": [0.336, -1.6119, -10.32986],
							"size": [0.828, 0.345, 1.242],
							"uv": {
								"north": {"uv": [16, 18], "uv_size": [1, 1]},
								"south": {"uv": [18, 16], "uv_size": [1, 1]},
								"up": {"uv": [17, 18], "uv_size": [1, 1]},
								"down": {"uv": [18, 18], "uv_size": [1, -1]}
							}
						},
						{
							"origin": [0.198, -1.6119, -10.19186],
							"size": [1.104, 0.345, 0.966],
							"uv": {
								"east": {"uv": [18, 18], "uv_size": [1, 1]},
								"west": {"uv": [0, 19], "uv_size": [1, 1]},
								"up": {"uv": [19, 0], "uv_size": [1, 1]},
								"down": {"uv": [1, 20], "uv_size": [1, -1]}
							}
						},
						{
							"origin": [0.87472, -1.6119, -10.03162],
							"size": [0.15128, 0.345, 0.19516],
							"pivot": [1.509, -11.15691, -8.81186],
							"rotation": [0, 45, 0],
							"uv": {
								"east": {"uv": [19, 1], "uv_size": [1, 1]},
								"up": {"uv": [2, 19], "uv_size": [1, 1]},
								"down": {"uv": [19, 3], "uv_size": [1, -1]}
							}
						},
						{
							"origin": [0.474, -1.6119, -10.03162],
							"size": [0.15128, 0.345, 0.19516],
							"pivot": [-0.009, -11.15691, -8.81186],
							"rotation": [0, -45, 0],
							"uv": {
								"west": {"uv": [3, 19], "uv_size": [1, 1]},
								"up": {"uv": [19, 3], "uv_size": [1, 1]},
								"down": {"uv": [4, 20], "uv_size": [1, -1]}
							}
						},
						{
							"origin": [0.474, -1.6119, -9.58126],
							"size": [0.15128, 0.345, 0.19516],
							"pivot": [-0.009, -11.15691, -10.60586],
							"rotation": [0, 45, 0],
							"uv": {
								"west": {"uv": [19, 4], "uv_size": [1, 1]},
								"up": {"uv": [5, 19], "uv_size": [1, 1]},
								"down": {"uv": [19, 6], "uv_size": [1, -1]}
							}
						},
						{
							"origin": [0.87472, -1.6119, -9.58126],
							"size": [0.15128, 0.345, 0.19516],
							"pivot": [1.509, -11.15691, -10.60586],
							"rotation": [0, -45, 0],
							"uv": {
								"east": {"uv": [6, 19], "uv_size": [1, 1]},
								"up": {"uv": [19, 6], "uv_size": [1, 1]},
								"down": {"uv": [7, 20], "uv_size": [1, -1]}
							}
						},
						{
							"origin": [0.94182, -4.1644, -9.51391],
							"size": [0.08943, 2.85, 0.09963],
							"pivot": [1.575, -12.0644, -10.68386],
							"rotation": [0, -45, 0],
							"uv": {
								"north": {"uv": [3, 6], "uv_size": [1, 3]},
								"east": {"uv": [6, 3], "uv_size": [1, 3]},
								"south": {"uv": [4, 6], "uv_size": [1, 3]},
								"west": {"uv": [5, 6], "uv_size": [1, 3]}
							}
						},
						{
							"origin": [0.46875, -4.1644, -9.51391],
							"size": [0.08943, 2.85, 0.09963],
							"pivot": [-0.075, -12.0644, -10.68386],
							"rotation": [0, 45, 0],
							"uv": {
								"north": {"uv": [6, 6], "uv_size": [1, 3]},
								"east": {"uv": [7, 0], "uv_size": [1, 3]},
								"south": {"uv": [7, 3], "uv_size": [1, 3]},
								"west": {"uv": [7, 6], "uv_size": [1, 3]}
							}
						},
						{
							"origin": [0.46875, -4.1644, -9.99427],
							"size": [0.08943, 2.85, 0.09963],
							"pivot": [-0.075, -12.0644, -8.7247],
							"rotation": [0, -45, 0],
							"uv": {
								"north": {"uv": [8, 0], "uv_size": [1, 3]},
								"east": {"uv": [8, 3], "uv_size": [1, 3]},
								"south": {"uv": [8, 6], "uv_size": [1, 3]},
								"west": {"uv": [0, 9], "uv_size": [1, 3]}
							}
						},
						{
							"origin": [0.94182, -4.1644, -9.99427],
							"size": [0.08943, 2.85, 0.09963],
							"pivot": [1.575, -12.0644, -8.7247],
							"rotation": [0, 45, 0],
							"uv": {
								"north": {"uv": [9, 0], "uv_size": [1, 3]},
								"east": {"uv": [1, 9], "uv_size": [1, 3]},
								"south": {"uv": [2, 9], "uv_size": [1, 3]},
								"west": {"uv": [3, 9], "uv_size": [1, 3]}
							}
						}
					]
				},
				{
					"name": "base2",
					"parent": "bone",
					"pivot": [0.5625, 2.25, -2.6875]
				},
				{
					"name": "bone_illuminated2",
					"parent": "base2",
					"pivot": [2.0625, 0.75, -2.1875]
				},
				{
					"name": "base",
					"parent": "bone",
					"pivot": [-0.5625, 2.25, -2.6875]
				},
				{
					"name": "bone_illuminated",
					"parent": "base",
					"pivot": [0.9375, 0.75, -2.1875]
				},
				{
					"name": "bone2",
					"parent": "bone",
					"pivot": [0, 4, -1.6875]
				},
				{
					"name": "positioning",
					"pivot": [-3.025, -8.95, -11.225]
				},
				{
					"name": "ground",
					"parent": "positioning",
					"pivot": [0, 0, 0]
				},
				{
					"name": "fixed",
					"parent": "positioning",
					"pivot": [0, 3.5, 0]
				},
				{
					"name": "thirdperson_hand",
					"parent": "positioning",
					"pivot": [-0.025, 2.05, -0.225],
					"rotation": [0, 90, 0]
				}
			]
		}
	]
}