{
	"format_version": "1.12.0",
	"minecraft:geometry": [
		{
			"description": {
				"identifier": "geometry.unknown",
				"texture_width": 128,
				"texture_height": 128,
				"visible_bounds_width": 2,
				"visible_bounds_height": 1.5,
				"visible_bounds_offset": [0, 0.25, 0]
			},
			"bones": [
				{
					"name": "bone3",
					"pivot": [0, 0, 0]
				},
				{
					"name": "group3",
					"parent": "bone3",
					"pivot": [-1, 0.66235, 0.97236],
					"rotation": [0, 0, 90]
				},
				{
					"name": "group2",
					"parent": "bone3",
					"pivot": [-1, 0.91235, 0.97236],
					"rotation": [0, 0, 90],
					"cubes": [
						{
							"origin": [-2.125, 0.67187, -2.17187],
							"size": [0.75, 0.5, 3.5],
							"uv": {
								"north": {"uv": [25, 49], "uv_size": [-1, 0.5]},
								"east": {"uv": [28.5, 8], "uv_size": [-3.5, 0.5]},
								"south": {"uv": [27, 49], "uv_size": [-1, 0.5]},
								"west": {"uv": [26.5, 24], "uv_size": [-3.5, 0.5]},
								"up": {"uv": [5, 10], "uv_size": [-1, 3.5]},
								"down": {"uv": [11, 8.5], "uv_size": [-1, -3.5]}
							}
						},
						{
							"origin": [-1.71785, 0.16751, -2.17187],
							"size": [0.177, 0.177, 1],
							"pivot": [-1.375, 1.06232, -3.54687],
							"rotation": [0, 0, 45],
							"uv": {
								"north": {"uv": [71.5, 22], "uv_size": [-0.5, 0.5]},
								"east": {"uv": [50, 28], "uv_size": [-1, 0.5]},
								"south": {"uv": [24.5, 71], "uv_size": [-0.5, 0.5]},
								"down": {"uv": [30.5, 50], "uv_size": [-0.5, -1]}
							}
						},
						{
							"origin": [-1.51981, 1.22817, -2.17187],
							"size": [0.177, 0.177, 1],
							"pivot": [-0.625, 1.06232, -3.54687],
							"rotation": [0, 0, -45],
							"uv": {
								"north": {"uv": [26.5, 71], "uv_size": [-0.5, 0.5]},
								"south": {"uv": [71.5, 26], "uv_size": [-0.5, 0.5]},
								"west": {"uv": [50, 32], "uv_size": [-1, 0.5]},
								"down": {"uv": [49.5, 35], "uv_size": [-0.5, -1]}
							}
						},
						{
							"origin": [-2.125, 0.54687, -2.17187],
							"size": [0.75, 0.125, 1],
							"uv": {
								"north": {"uv": [36, 49], "uv_size": [-1, 0.5]},
								"south": {"uv": [41, 49], "uv_size": [-1, 0.5]},
								"down": {"uv": [17, 41], "uv_size": [-1, -1]}
							}
						},
						{
							"origin": [-1.71785, 0.16751, -0.42187],
							"size": [0.177, 0.177, 1.25],
							"pivot": [-1.375, 1.06232, -1.29687],
							"rotation": [0, 0, 45],
							"uv": {
								"north": {"uv": [30.5, 71], "uv_size": [-0.5, 0.5]},
								"east": {"uv": [38.5, 43], "uv_size": [-1.5, 0.5]},
								"south": {"uv": [71.5, 30], "uv_size": [-0.5, 0.5]},
								"down": {"uv": [40.5, 44.5], "uv_size": [-0.5, -1.5]}
							}
						},
						{
							"origin": [-1.51981, 1.22817, -0.42187],
							"size": [0.177, 0.177, 1.25],
							"pivot": [-0.625, 1.06232, -1.29687],
							"rotation": [0, 0, -45],
							"uv": {
								"north": {"uv": [71.5, 32], "uv_size": [-0.5, 0.5]},
								"south": {"uv": [34.5, 71], "uv_size": [-0.5, 0.5]},
								"west": {"uv": [45.5, 0], "uv_size": [-1.5, 0.5]},
								"down": {"uv": [4.5, 45.5], "uv_size": [-0.5, -1.5]}
							}
						},
						{
							"origin": [-2.125, 0.54687, -0.92187],
							"size": [0.75, 0.125, 0.25],
							"uv": {
								"north": {"uv": [43, 49], "uv_size": [-1, 0.5]},
								"south": {"uv": [50, 47], "uv_size": [-1, 0.5]},
								"down": {"uv": [50, 49.5], "uv_size": [-1, -0.5]}
							}
						},
						{
							"origin": [-1.51981, 1.22817, -0.92187],
							"size": [0.177, 0.177, 0.25],
							"pivot": [-0.625, 1.06232, -2.79687],
							"rotation": [0, 0, -45],
							"uv": {
								"north": {"uv": [38.5, 71], "uv_size": [-0.5, 0.5]},
								"south": {"uv": [71.5, 44], "uv_size": [-0.5, 0.5]},
								"west": {"uv": [40.5, 71], "uv_size": [-0.5, 0.5]},
								"down": {"uv": [46.5, 71.5], "uv_size": [-0.5, -0.5]}
							}
						},
						{
							"origin": [-1.71785, 0.16751, -0.92187],
							"size": [0.177, 0.177, 0.25],
							"pivot": [-1.375, 1.06232, -2.79687],
							"rotation": [0, 0, 45],
							"uv": {
								"north": {"uv": [71.5, 46], "uv_size": [-0.5, 0.5]},
								"east": {"uv": [71.5, 52], "uv_size": [-0.5, 0.5]},
								"south": {"uv": [48.5, 71], "uv_size": [-0.5, 0.5]},
								"down": {"uv": [58.5, 71.5], "uv_size": [-0.5, -0.5]}
							}
						},
						{
							"origin": [-2.125, 0.54687, -0.42187],
							"size": [0.75, 0.125, 1.25],
							"uv": {
								"north": {"uv": [1, 50], "uv_size": [-1, 0.5]},
								"south": {"uv": [3, 50], "uv_size": [-1, 0.5]},
								"down": {"uv": [20, 27.5], "uv_size": [-1, -1.5]}
							}
						},
						{
							"origin": [-1.71785, 0.16751, 1.07813],
							"size": [0.177, 0.177, 0.25],
							"pivot": [-1.375, 1.06232, -0.79687],
							"rotation": [0, 0, 45],
							"uv": {
								"north": {"uv": [0.5, 72], "uv_size": [-0.5, 0.5]},
								"east": {"uv": [72.5, 2], "uv_size": [-0.5, 0.5]},
								"south": {"uv": [2.5, 72], "uv_size": [-0.5, 0.5]},
								"down": {"uv": [72.5, 4.5], "uv_size": [-0.5, -0.5]}
							}
						},
						{
							"origin": [-1.51981, 1.22817, 1.07813],
							"size": [0.177, 0.177, 0.25],
							"pivot": [-0.625, 1.06232, -0.79687],
							"rotation": [0, 0, -45],
							"uv": {
								"north": {"uv": [6.5, 72], "uv_size": [-0.5, 0.5]},
								"south": {"uv": [72.5, 8], "uv_size": [-0.5, 0.5]},
								"west": {"uv": [8.5, 72], "uv_size": [-0.5, 0.5]},
								"down": {"uv": [10.5, 72.5], "uv_size": [-0.5, -0.5]}
							}
						},
						{
							"origin": [-2.125, 0.54687, 1.07813],
							"size": [0.75, 0.125, 0.25],
							"uv": {
								"north": {"uv": [51, 2], "uv_size": [-1, 0.5]},
								"south": {"uv": [51, 4], "uv_size": [-1, 0.5]},
								"down": {"uv": [7, 50.5], "uv_size": [-1, -0.5]}
							}
						}
					]
				},
				{
					"name": "416d_tac_grip4",
					"parent": "bone3",
					"pivot": [-0.36601, -0.32638, 0.75002],
					"cubes": [
						{
							"origin": [-0.375, -1.125, -0.49998],
							"size": [0.75, 0.875, 1.375],
							"uv": {
								"north": {"uv": [36, 16], "uv_size": [1, 1]},
								"east": {"uv": [25, 10], "uv_size": [1.5, 1]},
								"south": {"uv": [36, 22], "uv_size": [1, 1]},
								"west": {"uv": [25, 17], "uv_size": [1.5, 1]}
							}
						},
						{
							"origin": [-0.375, -0.53337, -0.24622],
							"size": [0.75, 0.5, 0.1875],
							"pivot": [0, -1.10937, 0.18749],
							"rotation": [22.5, 0, 0],
							"uv": {
								"north": {"uv": [46, 42], "uv_size": [1, 0.5]},
								"east": {"uv": [46, 61], "uv_size": [0.5, 0.5]},
								"west": {"uv": [61, 46], "uv_size": [0.5, 0.5]}
							}
						},
						{
							"origin": [-0.375, -0.40835, 0.43376],
							"size": [0.75, 0.375, 0.1875],
							"pivot": [0, -1.10937, 0.18749],
							"rotation": [-22.5, 0, 0],
							"uv": {
								"east": {"uv": [48, 61], "uv_size": [0.5, 0.5]},
								"south": {"uv": [46, 44], "uv_size": [1, 0.5]},
								"west": {"uv": [61, 52], "uv_size": [0.5, 0.5]}
							}
						},
						{
							"origin": [-0.5, -4.625, -0.49998],
							"size": [1, 3.5, 1.375],
							"uv": {
								"north": {"uv": [8, 0], "uv_size": [1, 3.5]},
								"east": {"uv": [0, 0], "uv_size": [1.5, 3.5]},
								"west": {"uv": [3, 0], "uv_size": [1.5, 3.5]},
								"down": {"uv": [25, 20.5], "uv_size": [1, -1.5]}
							}
						},
						{
							"origin": [-0.83971, -4.625, 0.3201],
							"size": [0.125, 3.5, 0.1767],
							"pivot": [0, -1.10937, 0.18749],
							"rotation": [0, 45, 0],
							"uv": {
								"east": {"uv": [19, 21], "uv_size": [0.5, 3.5]},
								"south": {"uv": [21, 21], "uv_size": [0.5, 3.5]},
								"up": {"uv": [58, 61], "uv_size": [0.5, 0.5]},
								"down": {"uv": [0, 62.5], "uv_size": [0.5, -0.5]}
							}
						},
						{
							"origin": [0.71471, -4.625, 0.3201],
							"size": [0.125, 3.5, 0.1767],
							"pivot": [0, -1.10937, 0.18749],
							"rotation": [0, -45, 0],
							"uv": {
								"south": {"uv": [13, 22], "uv_size": [0.5, 3.5]},
								"west": {"uv": [15, 22], "uv_size": [0.5, 3.5]},
								"up": {"uv": [2, 62], "uv_size": [0.5, 0.5]},
								"down": {"uv": [62, 2.5], "uv_size": [0.5, -0.5]}
							}
						},
						{
							"origin": [-0.83967, -4.625, -0.12184],
							"size": [0.125, 3.5, 0.1767],
							"pivot": [0, -1.10937, 0.18749],
							"rotation": [0, -45, 0],
							"uv": {
								"east": {"uv": [23, 14], "uv_size": [0.5, 3.5]},
								"south": {"uv": [23, 19], "uv_size": [0.5, 3.5]},
								"up": {"uv": [62, 4], "uv_size": [0.5, 0.5]},
								"down": {"uv": [6, 62.5], "uv_size": [0.5, -0.5]}
							}
						},
						{
							"origin": [0.71467, -4.625, -0.12184],
							"size": [0.125, 3.5, 0.1767],
							"pivot": [0, -1.10937, 0.18749],
							"rotation": [0, 45, 0],
							"uv": {
								"south": {"uv": [0, 24], "uv_size": [0.5, 3.5]},
								"west": {"uv": [2, 24], "uv_size": [0.5, 3.5]},
								"up": {"uv": [8, 62], "uv_size": [0.5, 0.5]},
								"down": {"uv": [62, 8.5], "uv_size": [0.5, -0.5]}
							}
						},
						{
							"origin": [-0.45596, -1.31515, -0.49998],
							"size": [0.1875, 0.3125, 1.375],
							"pivot": [0, -1.10937, 0.18749],
							"rotation": [0, 0, 22.5],
							"uv": {
								"north": {"uv": [10, 62], "uv_size": [0.5, 0.5]},
								"east": {"uv": [41, 22], "uv_size": [1.5, 0.5]},
								"south": {"uv": [12, 62], "uv_size": [0.5, 0.5]},
								"up": {"uv": [41, 26], "uv_size": [0.5, 1.5]}
							}
						},
						{
							"origin": [0.26846, -1.31515, -0.49998],
							"size": [0.1875, 0.3125, 1.375],
							"pivot": [0, -1.10937, 0.18749],
							"rotation": [0, 0, -22.5],
							"uv": {
								"north": {"uv": [62, 12], "uv_size": [0.5, 0.5]},
								"south": {"uv": [20, 62], "uv_size": [0.5, 0.5]},
								"west": {"uv": [36, 41], "uv_size": [1.5, 0.5]},
								"up": {"uv": [28, 41], "uv_size": [0.5, 1.5]}
							}
						},
						{
							"origin": [-0.375, -4.625, -0.62498],
							"size": [0.75, 3.5, 1.625],
							"uv": {
								"north": {"uv": [8, 5], "uv_size": [1, 3.5]},
								"east": {"uv": [0, 5], "uv_size": [1.5, 3.5]},
								"south": {"uv": [0, 10], "uv_size": [1, 3.5]},
								"west": {"uv": [3, 5], "uv_size": [1.5, 3.5]},
								"down": {"uv": [26, 3.5], "uv_size": [1, -1.5]}
							}
						},
						{
							"origin": [-0.375, -1.43473, -0.55716],
							"size": [0.75, 0.4375, 0.125],
							"inflate": -0.001,
							"pivot": [0, -1.10937, 0.18749],
							"rotation": [-22.5, 0, 0],
							"uv": {
								"north": {"uv": [46, 46], "uv_size": [1, 0.5]},
								"east": {"uv": [22, 62], "uv_size": [0.5, 0.5]},
								"west": {"uv": [62, 24], "uv_size": [0.5, 0.5]}
							}
						},
						{
							"origin": [-0.375, -1.43475, 0.80719],
							"size": [0.75, 0.4375, 0.125],
							"inflate": -0.001,
							"pivot": [0, -1.10937, 0.18749],
							"rotation": [22.5, 0, 0],
							"uv": {
								"east": {"uv": [28, 62], "uv_size": [0.5, 0.5]},
								"south": {"uv": [47, 0], "uv_size": [1, 0.5]},
								"west": {"uv": [62, 28], "uv_size": [0.5, 0.5]}
							}
						}
					]
				},
				{
					"name": "416d_tac_grip5",
					"parent": "416d_tac_grip4",
					"pivot": [0, -1.35937, 0.99999],
					"cubes": [
						{
							"origin": [-1.11591, -0.78897, -0.62498],
							"size": [0.26517, 0.15625, 1.625],
							"pivot": [0, -1.10937, 0.18749],
							"rotation": [0, 0, 45],
							"uv": {
								"north": {"uv": [34, 61], "uv_size": [0.5, 0.5]},
								"south": {"uv": [38, 61], "uv_size": [0.5, 0.5]},
								"down": {"uv": [41, 14.5], "uv_size": [0.5, -1.5]}
							}
						},
						{
							"origin": [-0.5625, -0.09375, -0.62498],
							"size": [1.125, 0.25, 1.625],
							"uv": {
								"north": {"uv": [34, 46], "uv_size": [1, 0.5]},
								"east": {"uv": [41, 16], "uv_size": [1.5, 0.5]},
								"south": {"uv": [46, 38], "uv_size": [1, 0.5]},
								"west": {"uv": [20, 41], "uv_size": [1.5, 0.5]},
								"up": {"uv": [25, 14], "uv_size": [1, 1.5]}
							}
						},
						{
							"origin": [-0.375, -0.28125, -0.62498],
							"size": [0.75, 0.1875, 1.625],
							"uv": {
								"north": {"uv": [39, 46], "uv_size": [1, 0.5]},
								"south": {"uv": [46, 40], "uv_size": [1, 0.5]}
							}
						},
						{
							"origin": [0.85074, -0.78897, -0.62498],
							"size": [0.26517, 0.15625, 1.625],
							"pivot": [0, -1.10937, 0.18749],
							"rotation": [0, 0, -45],
							"uv": {
								"north": {"uv": [40, 61], "uv_size": [0.5, 0.5]},
								"south": {"uv": [61, 44], "uv_size": [0.5, 0.5]},
								"down": {"uv": [26, 42.5], "uv_size": [0.5, -1.5]}
							}
						}
					]
				},
				{
					"name": "416d_tac_grip6",
					"parent": "bone3",
					"pivot": [-1.25, 0.64481, 1.00002],
					"rotation": [0, 0, 90]
				},
				{
					"name": "octagon9",
					"parent": "bone3",
					"pivot": [-2.1875, 1.1875, 1.18025]
				},
				{
					"name": "octagon10",
					"parent": "octagon9",
					"pivot": [-2.1875, 1.1875, 1.18025]
				},
				{
					"name": "octagon11",
					"parent": "octagon9",
					"pivot": [-2.1875, 1.1875, 1.70715]
				},
				{
					"name": "octagon12",
					"parent": "octagon9",
					"pivot": [-2.1875, 1.1875, 2.105]
				},
				{
					"name": "octagon13",
					"parent": "octagon9",
					"pivot": [-2.1875, 1.1875, 0.8675]
				},
				{
					"name": "octagon14",
					"parent": "octagon9",
					"pivot": [-2.1875, 1.1875, 3.03031]
				},
				{
					"name": "octagon15",
					"parent": "octagon9",
					"pivot": [-2.1875, 1.1875, 3.779]
				},
				{
					"name": "octagon16",
					"parent": "octagon9",
					"pivot": [-2.1875, 1.1875, 3.779]
				},
				{
					"name": "leishe",
					"parent": "bone3",
					"pivot": [-1.625, 1.67188, 0.875],
					"rotation": [0, 0, -90]
				},
				{
					"name": "octagon24",
					"parent": "leishe",
					"pivot": [-2.5, 2.78984, 0.5625],
					"cubes": [
						{
							"origin": [-1.67307, 2.72109, -0.45888],
							"size": [0.11391, 0.2, 0.275],
							"pivot": [-2.5, 2.99609, 0.5625],
							"rotation": [0, 45, 0],
							"uv": {
								"north": {"uv": [2.5, 82], "uv_size": [-0.5, 0.5]},
								"east": {"uv": [6.5, 82], "uv_size": [-0.5, 0.5]},
								"south": {"uv": [82.5, 4], "uv_size": [-0.5, 0.5]},
								"west": {"uv": [82.5, 2], "uv_size": [-0.5, 0.5]},
								"up": {"uv": [8.5, 82], "uv_size": [-0.5, 0.5]},
								"down": {"uv": [82.5, 8.5], "uv_size": [-0.5, -0.5]}
							}
						},
						{
							"origin": [-2.55695, 2.72109, -0.825],
							"size": [0.11391, 0.2, 0.275],
							"uv": {
								"north": {"uv": [10.5, 82], "uv_size": [-0.5, 0.5]},
								"east": {"uv": [20.5, 82], "uv_size": [-0.5, 0.5]},
								"south": {"uv": [82.5, 12], "uv_size": [-0.5, 0.5]},
								"west": {"uv": [12.5, 82], "uv_size": [-0.5, 0.5]},
								"up": {"uv": [22.5, 82], "uv_size": [-0.5, 0.5]},
								"down": {"uv": [82.5, 24.5], "uv_size": [-0.5, -0.5]}
							}
						},
						{
							"origin": [-1.75362, 2.72109, -0.37834],
							"size": [0.275, 0.2, 0.11391],
							"pivot": [-2.5, 2.99609, 0.5625],
							"rotation": [0, 45, 0],
							"uv": {
								"north": {"uv": [28.5, 82], "uv_size": [-0.5, 0.5]},
								"east": {"uv": [82.5, 34], "uv_size": [-0.5, 0.5]},
								"south": {"uv": [32.5, 82], "uv_size": [-0.5, 0.5]},
								"west": {"uv": [82.5, 28], "uv_size": [-0.5, 0.5]},
								"up": {"uv": [36.5, 82], "uv_size": [-0.5, 0.5]},
								"down": {"uv": [82.5, 36.5], "uv_size": [-0.5, -0.5]}
							}
						},
						{
							"origin": [-2.6375, 2.72109, -0.74445],
							"size": [0.275, 0.2, 0.11391],
							"uv": {
								"north": {"uv": [82.5, 38], "uv_size": [-0.5, 0.5]},
								"east": {"uv": [82.5, 42], "uv_size": [-0.5, 0.5]},
								"south": {"uv": [42.5, 82], "uv_size": [-0.5, 0.5]},
								"west": {"uv": [82.5, 40], "uv_size": [-0.5, 0.5]},
								"up": {"uv": [44.5, 82], "uv_size": [-0.5, 0.5]},
								"down": {"uv": [82.5, 48.5], "uv_size": [-0.5, -0.5]}
							}
						}
					]
				},
				{
					"name": "octagon23",
					"parent": "octagon24",
					"pivot": [-2.5, 2.78984, 0.5625],
					"cubes": [
						{
							"origin": [-1.68389, 2.74241, -0.48501],
							"size": [0.13555, 0.0605, 0.32725],
							"pivot": [-2.5, 3.03528, 0.5625],
							"rotation": [0, 45, 0],
							"uv": {
								"north": {"uv": [14.5, 81], "uv_size": [-0.5, 0.5]},
								"east": {"uv": [81.5, 16], "uv_size": [-0.5, 0.5]},
								"south": {"uv": [16.5, 81], "uv_size": [-0.5, 0.5]},
								"west": {"uv": [81.5, 14], "uv_size": [-0.5, 0.5]},
								"up": {"uv": [18.5, 81], "uv_size": [-0.5, 0.5]},
								"down": {"uv": [81.5, 18.5], "uv_size": [-0.5, -0.5]}
							}
						},
						{
							"origin": [-2.56778, 2.74241, -0.85112],
							"size": [0.13555, 0.0605, 0.32725],
							"uv": {
								"north": {"uv": [81.5, 20], "uv_size": [-0.5, 0.5]},
								"east": {"uv": [26.5, 81], "uv_size": [-0.5, 0.5]},
								"south": {"uv": [24.5, 81], "uv_size": [-0.5, 0.5]},
								"west": {"uv": [81.5, 22], "uv_size": [-0.5, 0.5]},
								"up": {"uv": [81.5, 26], "uv_size": [-0.5, 0.5]},
								"down": {"uv": [30.5, 81.5], "uv_size": [-0.5, -0.5]}
							}
						},
						{
							"origin": [-1.77974, 2.74241, -0.38916],
							"size": [0.32725, 0.0605, 0.13555],
							"pivot": [-2.5, 3.03528, 0.5625],
							"rotation": [0, 45, 0],
							"uv": {
								"north": {"uv": [81.5, 30], "uv_size": [-0.5, 0.5]},
								"east": {"uv": [38.5, 81], "uv_size": [-0.5, 0.5]},
								"south": {"uv": [34.5, 81], "uv_size": [-0.5, 0.5]},
								"west": {"uv": [81.5, 32], "uv_size": [-0.5, 0.5]},
								"up": {"uv": [40.5, 81], "uv_size": [-0.5, 0.5]},
								"down": {"uv": [81.5, 44.5], "uv_size": [-0.5, -0.5]}
							}
						},
						{
							"origin": [-2.66362, 2.74241, -0.75528],
							"size": [0.32725, 0.0605, 0.13555],
							"uv": {
								"north": {"uv": [46.5, 81], "uv_size": [-0.5, 0.5]},
								"east": {"uv": [81.5, 52], "uv_size": [-0.5, 0.5]},
								"south": {"uv": [48.5, 81], "uv_size": [-0.5, 0.5]},
								"west": {"uv": [81.5, 46], "uv_size": [-0.5, 0.5]},
								"up": {"uv": [58.5, 81], "uv_size": [-0.5, 0.5]},
								"down": {"uv": [0.5, 82.5], "uv_size": [-0.5, -0.5]}
							}
						}
					]
				},
				{
					"name": "octagon3",
					"parent": "leishe",
					"pivot": [-1.4375, 2.72734, 0.1875],
					"cubes": [
						{
							"origin": [-0.61057, 2.65859, -0.83388],
							"size": [0.11391, 0.2, 0.275],
							"pivot": [-1.4375, 2.93359, 0.1875],
							"rotation": [0, 45, 0],
							"uv": {
								"north": {"uv": [14.5, 77], "uv_size": [-0.5, 0.5]},
								"east": {"uv": [77.5, 16], "uv_size": [-0.5, 0.5]},
								"south": {"uv": [16.5, 77], "uv_size": [-0.5, 0.5]},
								"west": {"uv": [77.5, 14], "uv_size": [-0.5, 0.5]},
								"up": {"uv": [18.5, 77], "uv_size": [-0.5, 0.5]},
								"down": {"uv": [77.5, 18.5], "uv_size": [-0.5, -0.5]}
							}
						},
						{
							"origin": [-1.49445, 2.65859, -1.2],
							"size": [0.11391, 0.2, 0.275],
							"uv": {
								"north": {"uv": [77.5, 20], "uv_size": [-0.5, 0.5]},
								"east": {"uv": [26.5, 77], "uv_size": [-0.5, 0.5]},
								"south": {"uv": [24.5, 77], "uv_size": [-0.5, 0.5]},
								"west": {"uv": [77.5, 22], "uv_size": [-0.5, 0.5]},
								"up": {"uv": [77.5, 26], "uv_size": [-0.5, 0.5]},
								"down": {"uv": [30.5, 77.5], "uv_size": [-0.5, -0.5]}
							}
						},
						{
							"origin": [-0.69112, 2.65859, -0.75334],
							"size": [0.275, 0.2, 0.11391],
							"pivot": [-1.4375, 2.93359, 0.1875],
							"rotation": [0, 45, 0],
							"uv": {
								"north": {"uv": [77.5, 30], "uv_size": [-0.5, 0.5]},
								"east": {"uv": [38.5, 77], "uv_size": [-0.5, 0.5]},
								"south": {"uv": [34.5, 77], "uv_size": [-0.5, 0.5]},
								"west": {"uv": [77.5, 32], "uv_size": [-0.5, 0.5]},
								"up": {"uv": [40.5, 77], "uv_size": [-0.5, 0.5]},
								"down": {"uv": [77.5, 44.5], "uv_size": [-0.5, -0.5]}
							}
						},
						{
							"origin": [-1.575, 2.65859, -1.11945],
							"size": [0.275, 0.2, 0.11391],
							"uv": {
								"north": {"uv": [46.5, 77], "uv_size": [-0.5, 0.5]},
								"east": {"uv": [77.5, 52], "uv_size": [-0.5, 0.5]},
								"south": {"uv": [48.5, 77], "uv_size": [-0.5, 0.5]},
								"west": {"uv": [77.5, 46], "uv_size": [-0.5, 0.5]},
								"up": {"uv": [58.5, 77], "uv_size": [-0.5, 0.5]},
								"down": {"uv": [0.5, 78.5], "uv_size": [-0.5, -0.5]}
							}
						}
					]
				},
				{
					"name": "octagon4",
					"parent": "octagon3",
					"pivot": [-1.4375, 2.72734, 0.1875],
					"cubes": [
						{
							"origin": [-0.62139, 2.67991, -0.86001],
							"size": [0.13555, 0.0605, 0.32725],
							"pivot": [-1.4375, 2.97278, 0.1875],
							"rotation": [0, 45, 0],
							"uv": {
								"north": {"uv": [56.5, 76], "uv_size": [-0.5, 0.5]},
								"east": {"uv": [60.5, 76], "uv_size": [-0.5, 0.5]},
								"south": {"uv": [76.5, 58], "uv_size": [-0.5, 0.5]},
								"west": {"uv": [76.5, 56], "uv_size": [-0.5, 0.5]},
								"up": {"uv": [76.5, 60], "uv_size": [-0.5, 0.5]},
								"down": {"uv": [62.5, 76.5], "uv_size": [-0.5, -0.5]}
							}
						},
						{
							"origin": [-1.50528, 2.67991, -1.22613],
							"size": [0.13555, 0.0605, 0.32725],
							"uv": {
								"north": {"uv": [76.5, 62], "uv_size": [-0.5, 0.5]},
								"east": {"uv": [66.5, 76], "uv_size": [-0.5, 0.5]},
								"south": {"uv": [76.5, 64], "uv_size": [-0.5, 0.5]},
								"west": {"uv": [64.5, 76], "uv_size": [-0.5, 0.5]},
								"up": {"uv": [76.5, 66], "uv_size": [-0.5, 0.5]},
								"down": {"uv": [68.5, 76.5], "uv_size": [-0.5, -0.5]}
							}
						},
						{
							"origin": [-0.71724, 2.67991, -0.76416],
							"size": [0.32725, 0.0605, 0.13555],
							"pivot": [-1.4375, 2.97278, 0.1875],
							"rotation": [0, 45, 0],
							"uv": {
								"north": {"uv": [76.5, 68], "uv_size": [-0.5, 0.5]},
								"east": {"uv": [72.5, 76], "uv_size": [-0.5, 0.5]},
								"south": {"uv": [76.5, 70], "uv_size": [-0.5, 0.5]},
								"west": {"uv": [70.5, 76], "uv_size": [-0.5, 0.5]},
								"up": {"uv": [76.5, 72], "uv_size": [-0.5, 0.5]},
								"down": {"uv": [74.5, 76.5], "uv_size": [-0.5, -0.5]}
							}
						},
						{
							"origin": [-1.60112, 2.67991, -1.13028],
							"size": [0.32725, 0.0605, 0.13555],
							"uv": {
								"north": {"uv": [76.5, 74], "uv_size": [-0.5, 0.5]},
								"east": {"uv": [4.5, 77], "uv_size": [-0.5, 0.5]},
								"south": {"uv": [77.5, 0], "uv_size": [-0.5, 0.5]},
								"west": {"uv": [76.5, 76], "uv_size": [-0.5, 0.5]},
								"up": {"uv": [77.5, 6], "uv_size": [-0.5, 0.5]},
								"down": {"uv": [77.5, 10.5], "uv_size": [-0.5, -0.5]}
							}
						}
					]
				},
				{
					"name": "octagon5",
					"parent": "leishe",
					"pivot": [-0.8125, 2.17188, -0.75859],
					"rotation": [90, 0, 0],
					"cubes": [
						{
							"origin": [-0.97301, 3.22813, -1.14609],
							"size": [0.32102, 0.3875, 0.775],
							"pivot": [-0.8125, 2.75313, -0.75859],
							"rotation": [0, 45, 0],
							"uv": {
								"north": {"uv": [78.5, 12], "uv_size": [-0.5, 0.5]},
								"east": {"uv": [49, 51], "uv_size": [-1, 0.5]},
								"south": {"uv": [20.5, 78], "uv_size": [-0.5, 0.5]},
								"west": {"uv": [52, 46], "uv_size": [-1, 0.5]},
								"up": {"uv": [51.5, 48], "uv_size": [-0.5, 1]},
								"down": {"uv": [50.5, 52], "uv_size": [-0.5, -1]}
							}
						},
						{
							"origin": [-0.97301, 3.22813, -1.14609],
							"size": [0.32102, 0.3875, 0.775],
							"uv": {
								"north": {"uv": [22.5, 78], "uv_size": [-0.5, 0.5]},
								"east": {"uv": [3, 52], "uv_size": [-1, 0.5]},
								"south": {"uv": [78.5, 24], "uv_size": [-0.5, 0.5]},
								"west": {"uv": [1, 52], "uv_size": [-1, 0.5]},
								"up": {"uv": [52.5, 2], "uv_size": [-0.5, 1]},
								"down": {"uv": [52.5, 5], "uv_size": [-0.5, -1]}
							}
						},
						{
							"origin": [-1.2, 3.22813, -0.9191],
							"size": [0.775, 0.3875, 0.32102],
							"pivot": [-0.8125, 2.75313, -0.75859],
							"rotation": [0, 45, 0],
							"uv": {
								"north": {"uv": [7, 52], "uv_size": [-1, 0.5]},
								"east": {"uv": [78.5, 28], "uv_size": [-0.5, 0.5]},
								"south": {"uv": [9, 52], "uv_size": [-1, 0.5]},
								"west": {"uv": [28.5, 78], "uv_size": [-0.5, 0.5]},
								"up": {"uv": [53, 8], "uv_size": [-1, 0.5]},
								"down": {"uv": [11, 52.5], "uv_size": [-1, -0.5]}
							}
						},
						{
							"origin": [-1.2, 3.22813, -0.9191],
							"size": [0.775, 0.3875, 0.32102],
							"uv": {
								"north": {"uv": [13, 52], "uv_size": [-1, 0.5]},
								"east": {"uv": [78.5, 34], "uv_size": [-0.5, 0.5]},
								"south": {"uv": [53, 12], "uv_size": [-1, 0.5]},
								"west": {"uv": [32.5, 78], "uv_size": [-0.5, 0.5]},
								"up": {"uv": [21, 52], "uv_size": [-1, 0.5]},
								"down": {"uv": [23, 52.5], "uv_size": [-1, -0.5]}
							}
						},
						{
							"origin": [-0.90672, 0.10312, -1.0798],
							"size": [0.32102, 0.3875, 0.775],
							"pivot": [-0.8125, 0.59062, -0.75859],
							"rotation": [0, 45, 0],
							"uv": {
								"north": {"uv": [38.5, 83], "uv_size": [-0.5, 0.5]},
								"east": {"uv": [9, 60], "uv_size": [-1, 0.5]},
								"south": {"uv": [40.5, 83], "uv_size": [-0.5, 0.5]},
								"west": {"uv": [7, 60], "uv_size": [-1, 0.5]},
								"up": {"uv": [60.5, 8], "uv_size": [-0.5, 1]},
								"down": {"uv": [10.5, 61], "uv_size": [-0.5, -1]}
							}
						},
						{
							"origin": [-0.87926, 0.10312, -1.14609],
							"size": [0.32102, 0.3875, 0.775],
							"uv": {
								"north": {"uv": [83.5, 32], "uv_size": [-0.5, 0.5]},
								"east": {"uv": [3, 60], "uv_size": [-1, 0.5]},
								"south": {"uv": [34.5, 83], "uv_size": [-0.5, 0.5]},
								"west": {"uv": [1, 60], "uv_size": [-1, 0.5]},
								"up": {"uv": [60.5, 2], "uv_size": [-0.5, 1]},
								"down": {"uv": [60.5, 5], "uv_size": [-0.5, -1]}
							}
						},
						{
							"origin": [-1.13371, 0.10312, -0.85281],
							"size": [0.775, 0.3875, 0.32102],
							"pivot": [-0.8125, 0.59062, -0.75859],
							"rotation": [0, 45, 0],
							"uv": {
								"north": {"uv": [60, 46], "uv_size": [-1, 0.5]},
								"east": {"uv": [83.5, 30], "uv_size": [-0.5, 0.5]},
								"south": {"uv": [49, 59], "uv_size": [-1, 0.5]},
								"west": {"uv": [30.5, 83], "uv_size": [-0.5, 0.5]},
								"up": {"uv": [60, 52], "uv_size": [-1, 0.5]},
								"down": {"uv": [59, 59.5], "uv_size": [-1, -0.5]}
							}
						},
						{
							"origin": [-1.10625, 0.10312, -0.9191],
							"size": [0.775, 0.3875, 0.32102],
							"uv": {
								"north": {"uv": [39, 59], "uv_size": [-1, 0.5]},
								"east": {"uv": [83.5, 26], "uv_size": [-0.5, 0.5]},
								"south": {"uv": [41, 59], "uv_size": [-1, 0.5]},
								"west": {"uv": [26.5, 83], "uv_size": [-0.5, 0.5]},
								"up": {"uv": [60, 44], "uv_size": [-1, 0.5]},
								"down": {"uv": [47, 59.5], "uv_size": [-1, -0.5]}
							}
						}
					]
				},
				{
					"name": "octagon6",
					"parent": "octagon5",
					"pivot": [-0.8125, 2.17188, -0.75859],
					"cubes": [
						{
							"origin": [-1.0035, 3.41319, -1.21972],
							"size": [0.38201, 0.6705, 0.92225],
							"pivot": [-0.8125, 2.86356, -0.75859],
							"rotation": [0, 45, 0],
							"uv": {
								"north": {"uv": [2.5, 78], "uv_size": [-0.5, 0.5]},
								"east": {"uv": [17, 51], "uv_size": [-1, 0.5]},
								"south": {"uv": [78.5, 2], "uv_size": [-0.5, 0.5]},
								"west": {"uv": [52, 14], "uv_size": [-1, 0.5]},
								"up": {"uv": [51.5, 16], "uv_size": [-0.5, 1]},
								"down": {"uv": [18.5, 52], "uv_size": [-0.5, -1]}
							}
						},
						{
							"origin": [-1.0035, 3.41319, -1.21972],
							"size": [0.38201, 0.6705, 0.92225],
							"uv": {
								"north": {"uv": [78.5, 4], "uv_size": [-0.5, 0.5]},
								"east": {"uv": [52, 20], "uv_size": [-1, 0.5]},
								"south": {"uv": [6.5, 78], "uv_size": [-0.5, 0.5]},
								"west": {"uv": [52, 18], "uv_size": [-1, 0.5]},
								"up": {"uv": [51.5, 22], "uv_size": [-0.5, 1]},
								"down": {"uv": [24.5, 52], "uv_size": [-0.5, -1]}
							}
						},
						{
							"origin": [-1.27362, 3.41319, -0.9496],
							"size": [0.92225, 0.6705, 0.38201],
							"pivot": [-0.8125, 2.86356, -0.75859],
							"rotation": [0, 45, 0],
							"uv": {
								"north": {"uv": [27, 51], "uv_size": [-1, 0.5]},
								"east": {"uv": [78.5, 8], "uv_size": [-0.5, 0.5]},
								"south": {"uv": [52, 27], "uv_size": [-1, 0.5]},
								"west": {"uv": [8.5, 78], "uv_size": [-0.5, 0.5]},
								"up": {"uv": [31, 51], "uv_size": [-1, 0.5]},
								"down": {"uv": [52, 32.5], "uv_size": [-1, -0.5]}
							}
						},
						{
							"origin": [-1.27362, 3.41319, -0.9496],
							"size": [0.92225, 0.6705, 0.38201],
							"uv": {
								"north": {"uv": [35, 51], "uv_size": [-1, 0.5]},
								"east": {"uv": [12.5, 78], "uv_size": [-0.5, 0.5]},
								"south": {"uv": [52, 34], "uv_size": [-1, 0.5]},
								"west": {"uv": [10.5, 78], "uv_size": [-0.5, 0.5]},
								"up": {"uv": [40, 51], "uv_size": [-1, 0.5]},
								"down": {"uv": [42, 51.5], "uv_size": [-1, -0.5]}
							}
						},
						{
							"origin": [-0.93721, -0.36494, -1.15343],
							"size": [0.38201, 0.6705, 0.92225],
							"pivot": [-0.8125, 0.48019, -0.75859],
							"rotation": [0, 45, 0],
							"uv": {
								"north": {"uv": [0.5, 84], "uv_size": [-0.5, 0.5]},
								"east": {"uv": [43, 60], "uv_size": [-1, 0.5]},
								"south": {"uv": [2.5, 84], "uv_size": [-0.5, 0.5]},
								"west": {"uv": [61, 40], "uv_size": [-1, 0.5]},
								"up": {"uv": [60.5, 42], "uv_size": [-0.5, 1]},
								"down": {"uv": [44.5, 61], "uv_size": [-0.5, -1]}
							}
						},
						{
							"origin": [-0.90975, -0.36494, -1.21972],
							"size": [0.38201, 0.6705, 0.92225],
							"uv": {
								"north": {"uv": [83.5, 52], "uv_size": [-0.5, 0.5]},
								"east": {"uv": [37, 60], "uv_size": [-1, 0.5]},
								"south": {"uv": [58.5, 83], "uv_size": [-0.5, 0.5]},
								"west": {"uv": [61, 34], "uv_size": [-1, 0.5]},
								"up": {"uv": [60.5, 36], "uv_size": [-0.5, 1]},
								"down": {"uv": [60.5, 39], "uv_size": [-0.5, -1]}
							}
						},
						{
							"origin": [-1.20733, -0.36494, -0.88331],
							"size": [0.92225, 0.6705, 0.38201],
							"pivot": [-0.8125, 0.48019, -0.75859],
							"rotation": [0, 45, 0],
							"uv": {
								"north": {"uv": [61, 24], "uv_size": [-1, 0.5]},
								"east": {"uv": [48.5, 83], "uv_size": [-0.5, 0.5]},
								"south": {"uv": [29, 60], "uv_size": [-1, 0.5]},
								"west": {"uv": [83.5, 46], "uv_size": [-0.5, 0.5]},
								"up": {"uv": [61, 28], "uv_size": [-1, 0.5]},
								"down": {"uv": [33, 60.5], "uv_size": [-1, -0.5]}
							}
						},
						{
							"origin": [-1.17987, -0.36494, -0.9496],
							"size": [0.92225, 0.6705, 0.38201],
							"uv": {
								"north": {"uv": [13, 60], "uv_size": [-1, 0.5]},
								"east": {"uv": [46.5, 83], "uv_size": [-0.5, 0.5]},
								"south": {"uv": [61, 12], "uv_size": [-1, 0.5]},
								"west": {"uv": [83.5, 44], "uv_size": [-0.5, 0.5]},
								"up": {"uv": [21, 60], "uv_size": [-1, 0.5]},
								"down": {"uv": [23, 60.5], "uv_size": [-1, -0.5]}
							}
						}
					]
				},
				{
					"name": "octagon7",
					"parent": "octagon5",
					"pivot": [-0.8125, 2.14338, -0.7488],
					"cubes": [
						{
							"origin": [-1.0171, 3.90407, -1.24275],
							"size": [0.40921, 0.19824, 0.98791],
							"pivot": [-0.8125, 2.88431, -0.7488],
							"rotation": [0, 45, 0],
							"uv": {
								"north": {"uv": [36.5, 78], "uv_size": [-0.5, 0.5]},
								"east": {"uv": [29, 52], "uv_size": [-1, 0.5]},
								"south": {"uv": [78.5, 36], "uv_size": [-0.5, 0.5]},
								"west": {"uv": [53, 24], "uv_size": [-1, 0.5]},
								"up": {"uv": [52.5, 29], "uv_size": [-0.5, 1]},
								"down": {"uv": [32.5, 53], "uv_size": [-0.5, -1]}
							}
						},
						{
							"origin": [-1.0171, 3.90407, -1.24275],
							"size": [0.40921, 0.19824, 0.98791],
							"uv": {
								"north": {"uv": [78.5, 38], "uv_size": [-0.5, 0.5]},
								"east": {"uv": [53, 36], "uv_size": [-1, 0.5]},
								"south": {"uv": [78.5, 40], "uv_size": [-0.5, 0.5]},
								"west": {"uv": [37, 52], "uv_size": [-1, 0.5]},
								"up": {"uv": [52.5, 38], "uv_size": [-0.5, 1]},
								"down": {"uv": [52.5, 41], "uv_size": [-0.5, -1]}
							}
						},
						{
							"origin": [-1.0171, 4.02907, -0.99275],
							"size": [0.40921, 0.19824, 0.48791],
							"uv": {
								"north": {"uv": [50.5, 82], "uv_size": [-0.5, 0.5]},
								"east": {"uv": [54.5, 82], "uv_size": [-0.5, 0.5]},
								"south": {"uv": [52.5, 82], "uv_size": [-0.5, 0.5]},
								"west": {"uv": [82.5, 50], "uv_size": [-0.5, 0.5]},
								"up": {"uv": [82.5, 54], "uv_size": [-0.5, 0.5]},
								"down": {"uv": [56.5, 82.5], "uv_size": [-0.5, -0.5]}
							}
						},
						{
							"origin": [-0.9546, 3.21657, -1.30525],
							"size": [0.28421, 0.94824, 1.11291],
							"uv": {
								"north": {"uv": [57.5, 14], "uv_size": [-0.5, 1]},
								"east": {"uv": [41, 33], "uv_size": [-1, 1]},
								"south": {"uv": [16.5, 57], "uv_size": [-0.5, 1]},
								"west": {"uv": [33, 40], "uv_size": [-1, 1]},
								"up": {"uv": [57.5, 16], "uv_size": [-0.5, 1]},
								"down": {"uv": [18.5, 58], "uv_size": [-0.5, -1]}
							}
						},
						{
							"origin": [-1.30646, 3.90407, -0.9534],
							"size": [0.98791, 0.19824, 0.40921],
							"pivot": [-0.8125, 2.88431, -0.7488],
							"rotation": [0, 45, 0],
							"uv": {
								"north": {"uv": [53, 42], "uv_size": [-1, 0.5]},
								"east": {"uv": [78.5, 42], "uv_size": [-0.5, 0.5]},
								"south": {"uv": [44, 52], "uv_size": [-1, 0.5]},
								"west": {"uv": [42.5, 78], "uv_size": [-0.5, 0.5]},
								"up": {"uv": [53, 44], "uv_size": [-1, 0.5]},
								"down": {"uv": [46, 52.5], "uv_size": [-1, -0.5]}
							}
						},
						{
							"origin": [-1.30646, 3.90407, -0.9534],
							"size": [0.98791, 0.19824, 0.40921],
							"uv": {
								"north": {"uv": [53, 50], "uv_size": [-1, 0.5]},
								"east": {"uv": [78.5, 48], "uv_size": [-0.5, 0.5]},
								"south": {"uv": [53, 52], "uv_size": [-1, 0.5]},
								"west": {"uv": [44.5, 78], "uv_size": [-0.5, 0.5]},
								"up": {"uv": [54, 0], "uv_size": [-1, 0.5]},
								"down": {"uv": [5, 53.5], "uv_size": [-1, -0.5]}
							}
						},
						{
							"origin": [-0.95081, -0.38356, -1.17646],
							"size": [0.40921, 0.19824, 0.98791],
							"pivot": [-0.8125, 0.45944, -0.7488],
							"rotation": [0, 45, 0],
							"uv": {
								"north": {"uv": [83.5, 22], "uv_size": [-0.5, 0.5]},
								"east": {"uv": [60, 30], "uv_size": [-1, 0.5]},
								"south": {"uv": [24.5, 83], "uv_size": [-0.5, 0.5]},
								"west": {"uv": [31, 59], "uv_size": [-1, 0.5]},
								"up": {"uv": [59.5, 32], "uv_size": [-0.5, 1]},
								"down": {"uv": [34.5, 60], "uv_size": [-0.5, -1]}
							}
						},
						{
							"origin": [-0.92335, -0.38356, -1.24275],
							"size": [0.40921, 0.19824, 0.98791],
							"uv": {
								"north": {"uv": [83.5, 18], "uv_size": [-0.5, 0.5]},
								"east": {"uv": [25, 59], "uv_size": [-1, 0.5]},
								"south": {"uv": [83.5, 20], "uv_size": [-0.5, 0.5]},
								"west": {"uv": [60, 22], "uv_size": [-1, 0.5]},
								"up": {"uv": [26.5, 59], "uv_size": [-0.5, 1]},
								"down": {"uv": [59.5, 27], "uv_size": [-0.5, -1]}
							}
						},
						{
							"origin": [-1.24017, -0.38356, -0.88711],
							"size": [0.98791, 0.19824, 0.40921],
							"pivot": [-0.8125, 0.45944, -0.7488],
							"rotation": [0, 45, 0],
							"uv": {
								"north": {"uv": [60, 16], "uv_size": [-1, 0.5]},
								"east": {"uv": [18.5, 83], "uv_size": [-0.5, 0.5]},
								"south": {"uv": [19, 59], "uv_size": [-1, 0.5]},
								"west": {"uv": [83.5, 16], "uv_size": [-0.5, 0.5]},
								"up": {"uv": [60, 18], "uv_size": [-1, 0.5]},
								"down": {"uv": [60, 20.5], "uv_size": [-1, -0.5]}
							}
						},
						{
							"origin": [-1.21271, -0.38356, -0.9534],
							"size": [0.98791, 0.19824, 0.40921],
							"uv": {
								"north": {"uv": [60, 10], "uv_size": [-1, 0.5]},
								"east": {"uv": [16.5, 83], "uv_size": [-0.5, 0.5]},
								"south": {"uv": [15, 59], "uv_size": [-1, 0.5]},
								"west": {"uv": [83.5, 14], "uv_size": [-0.5, 0.5]},
								"up": {"uv": [60, 14], "uv_size": [-1, 0.5]},
								"down": {"uv": [17, 59.5], "uv_size": [-1, -0.5]}
							}
						},
						{
							"origin": [-0.92335, -0.50856, -0.99275],
							"size": [0.40921, 0.19824, 0.48791],
							"uv": {
								"north": {"uv": [82.5, 56], "uv_size": [-0.5, 0.5]},
								"east": {"uv": [82.5, 60], "uv_size": [-0.5, 0.5]},
								"south": {"uv": [60.5, 82], "uv_size": [-0.5, 0.5]},
								"west": {"uv": [82.5, 58], "uv_size": [-0.5, 0.5]},
								"up": {"uv": [62.5, 82], "uv_size": [-0.5, 0.5]},
								"down": {"uv": [82.5, 62.5], "uv_size": [-0.5, -0.5]}
							}
						},
						{
							"origin": [-0.86085, -0.44606, -1.30525],
							"size": [0.28421, 0.94824, 1.11291],
							"uv": {
								"north": {"uv": [57.5, 18], "uv_size": [-0.5, 1]},
								"east": {"uv": [41, 35], "uv_size": [-1, 1]},
								"south": {"uv": [57.5, 20], "uv_size": [-0.5, 1]},
								"west": {"uv": [35, 40], "uv_size": [-1, 1]},
								"up": {"uv": [57.5, 22], "uv_size": [-0.5, 1]},
								"down": {"uv": [24.5, 58], "uv_size": [-0.5, -1]}
							}
						}
					]
				},
				{
					"name": "octagon22",
					"parent": "octagon5",
					"pivot": [-2.5, 2.13461, -0.74473],
					"cubes": [
						{
							"origin": [-2.68005, 3.23488, -1.17941],
							"size": [0.3601, 0.61195, 0.86936],
							"pivot": [-2.5, 2.25, -0.74473],
							"rotation": [0, 45, 0],
							"uv": {
								"north": {"uv": [76.5, 78], "uv_size": [-0.5, 0.5]},
								"east": {"uv": [55, 52], "uv_size": [-1, 0.5]},
								"south": {"uv": [78.5, 76], "uv_size": [-0.5, 0.5]},
								"west": {"uv": [52, 54], "uv_size": [-1, 0.5]},
								"up": {"uv": [53.5, 54], "uv_size": [-0.5, 1]},
								"down": {"uv": [55.5, 1], "uv_size": [-0.5, -1]}
							}
						},
						{
							"origin": [-2.68005, 3.23488, -1.17941],
							"size": [0.3601, 0.61195, 0.86936],
							"uv": {
								"north": {"uv": [78.5, 78], "uv_size": [-0.5, 0.5]},
								"east": {"uv": [56, 6], "uv_size": [-1, 0.5]},
								"south": {"uv": [79.5, 0], "uv_size": [-0.5, 0.5]},
								"west": {"uv": [5, 55], "uv_size": [-1, 0.5]},
								"up": {"uv": [55.5, 10], "uv_size": [-0.5, 1]},
								"down": {"uv": [14.5, 56], "uv_size": [-0.5, -1]}
							}
						},
						{
							"origin": [-2.93468, 3.23488, -0.92478],
							"size": [0.86936, 0.61195, 0.3601],
							"pivot": [-2.5, 2.25, -0.74473],
							"rotation": [0, 45, 0],
							"uv": {
								"north": {"uv": [56, 14], "uv_size": [-1, 0.5]},
								"east": {"uv": [79.5, 6], "uv_size": [-0.5, 0.5]},
								"south": {"uv": [17, 55], "uv_size": [-1, 0.5]},
								"west": {"uv": [4.5, 79], "uv_size": [-0.5, 0.5]},
								"up": {"uv": [56, 16], "uv_size": [-1, 0.5]},
								"down": {"uv": [19, 55.5], "uv_size": [-1, -0.5]}
							}
						},
						{
							"origin": [-2.93468, 3.23488, -0.92478],
							"size": [0.86936, 0.61195, 0.3601],
							"uv": {
								"north": {"uv": [56, 18], "uv_size": [-1, 0.5]},
								"east": {"uv": [14.5, 79], "uv_size": [-0.5, 0.5]},
								"south": {"uv": [56, 20], "uv_size": [-1, 0.5]},
								"west": {"uv": [79.5, 10], "uv_size": [-0.5, 0.5]},
								"up": {"uv": [56, 22], "uv_size": [-1, 0.5]},
								"down": {"uv": [25, 55.5], "uv_size": [-1, -0.5]}
							}
						}
					]
				},
				{
					"name": "octagon21",
					"parent": "octagon5",
					"pivot": [-2.5, 2.13461, -0.74473],
					"cubes": [
						{
							"origin": [-2.69806, 3.32087, -1.22288],
							"size": [0.39611, 0.12315, 0.9563],
							"pivot": [-2.5, 1.8125, -0.74473],
							"rotation": [0, 45, 0],
							"uv": {
								"north": {"uv": [80.5, 60], "uv_size": [-0.5, 0.5]},
								"east": {"uv": [7, 56], "uv_size": [-1, 0.5]},
								"south": {"uv": [62.5, 80], "uv_size": [-0.5, 0.5]},
								"west": {"uv": [57, 4], "uv_size": [-1, 0.5]},
								"up": {"uv": [8.5, 56], "uv_size": [-0.5, 1]},
								"down": {"uv": [56.5, 9], "uv_size": [-0.5, -1]}
							}
						},
						{
							"origin": [-2.69806, 3.32087, -1.22288],
							"size": [0.39611, 0.12315, 0.9563],
							"uv": {
								"north": {"uv": [80.5, 62], "uv_size": [-0.5, 0.5]},
								"east": {"uv": [13, 56], "uv_size": [-1, 0.5]},
								"south": {"uv": [64.5, 80], "uv_size": [-0.5, 0.5]},
								"west": {"uv": [11, 56], "uv_size": [-1, 0.5]},
								"up": {"uv": [56.5, 12], "uv_size": [-0.5, 1]},
								"down": {"uv": [20.5, 57], "uv_size": [-0.5, -1]}
							}
						},
						{
							"origin": [-2.97815, 3.32087, -0.94279],
							"size": [0.9563, 0.12315, 0.39611],
							"pivot": [-2.5, 1.8125, -0.74473],
							"rotation": [0, 45, 0],
							"uv": {
								"north": {"uv": [23, 56], "uv_size": [-1, 0.5]},
								"east": {"uv": [66.5, 80], "uv_size": [-0.5, 0.5]},
								"south": {"uv": [57, 24], "uv_size": [-1, 0.5]},
								"west": {"uv": [80.5, 64], "uv_size": [-0.5, 0.5]},
								"up": {"uv": [29, 56], "uv_size": [-1, 0.5]},
								"down": {"uv": [57, 28.5], "uv_size": [-1, -0.5]}
							}
						},
						{
							"origin": [-2.97815, 3.32087, -0.94279],
							"size": [0.9563, 0.12315, 0.39611],
							"uv": {
								"north": {"uv": [33, 56], "uv_size": [-1, 0.5]},
								"east": {"uv": [68.5, 80], "uv_size": [-0.5, 0.5]},
								"south": {"uv": [57, 34], "uv_size": [-1, 0.5]},
								"west": {"uv": [80.5, 66], "uv_size": [-0.5, 0.5]},
								"up": {"uv": [37, 56], "uv_size": [-1, 0.5]},
								"down": {"uv": [57, 36.5], "uv_size": [-1, -0.5]}
							}
						},
						{
							"origin": [-2.97815, 3.63337, -0.94279],
							"size": [0.9563, 0.12315, 0.39611],
							"uv": {
								"north": {"uv": [5, 57], "uv_size": [-1, 0.5]},
								"east": {"uv": [76.5, 80], "uv_size": [-0.5, 0.5]},
								"south": {"uv": [58, 6], "uv_size": [-1, 0.5]},
								"west": {"uv": [80.5, 74], "uv_size": [-0.5, 0.5]},
								"up": {"uv": [58, 10], "uv_size": [-1, 0.5]},
								"down": {"uv": [15, 57.5], "uv_size": [-1, -0.5]}
							}
						},
						{
							"origin": [-2.69806, 3.63337, -1.22288],
							"size": [0.39611, 0.12315, 0.9563],
							"pivot": [-2.5, 2.125, -0.74473],
							"rotation": [0, 45, 0],
							"uv": {
								"north": {"uv": [80.5, 72], "uv_size": [-0.5, 0.5]},
								"east": {"uv": [55, 56], "uv_size": [-1, 0.5]},
								"south": {"uv": [74.5, 80], "uv_size": [-0.5, 0.5]},
								"west": {"uv": [53, 56], "uv_size": [-1, 0.5]},
								"up": {"uv": [56.5, 56], "uv_size": [-0.5, 1]},
								"down": {"uv": [57.5, 1], "uv_size": [-0.5, -1]}
							}
						},
						{
							"origin": [-2.69806, 3.63337, -1.22288],
							"size": [0.39611, 0.12315, 0.9563],
							"uv": {
								"north": {"uv": [80.5, 70], "uv_size": [-0.5, 0.5]},
								"east": {"uv": [57, 49], "uv_size": [-1, 0.5]},
								"south": {"uv": [72.5, 80], "uv_size": [-0.5, 0.5]},
								"west": {"uv": [45, 56], "uv_size": [-1, 0.5]},
								"up": {"uv": [50.5, 56], "uv_size": [-0.5, 1]},
								"down": {"uv": [56.5, 52], "uv_size": [-0.5, -1]}
							}
						},
						{
							"origin": [-2.97815, 3.63337, -0.94279],
							"size": [0.9563, 0.12315, 0.39611],
							"pivot": [-2.5, 2.125, -0.74473],
							"rotation": [0, 45, 0],
							"uv": {
								"north": {"uv": [57, 38], "uv_size": [-1, 0.5]},
								"east": {"uv": [70.5, 80], "uv_size": [-0.5, 0.5]},
								"south": {"uv": [57, 40], "uv_size": [-1, 0.5]},
								"west": {"uv": [80.5, 68], "uv_size": [-0.5, 0.5]},
								"up": {"uv": [43, 56], "uv_size": [-1, 0.5]},
								"down": {"uv": [57, 42.5], "uv_size": [-1, -0.5]}
							}
						}
					]
				},
				{
					"name": "octagon20",
					"parent": "octagon5",
					"pivot": [-2.5, 2.14615, -0.74473],
					"cubes": [
						{
							"origin": [-2.66205, 3.82389, -1.13594],
							"size": [0.32409, 0.13826, 0.78243],
							"pivot": [-2.5, 2.25, -0.74473],
							"rotation": [0, 45, 0],
							"uv": {
								"north": {"uv": [79.5, 14], "uv_size": [-0.5, 0.5]},
								"east": {"uv": [56, 26], "uv_size": [-1, 0.5]},
								"south": {"uv": [16.5, 79], "uv_size": [-0.5, 0.5]},
								"west": {"uv": [27, 55], "uv_size": [-1, 0.5]},
								"up": {"uv": [30.5, 55], "uv_size": [-0.5, 1]},
								"down": {"uv": [55.5, 31], "uv_size": [-0.5, -1]}
							}
						},
						{
							"origin": [-2.66205, 3.82389, -1.13594],
							"size": [0.32409, 0.13826, 0.78243],
							"uv": {
								"north": {"uv": [79.5, 16], "uv_size": [-0.5, 0.5]},
								"east": {"uv": [35, 55], "uv_size": [-1, 0.5]},
								"south": {"uv": [18.5, 79], "uv_size": [-0.5, 0.5]},
								"west": {"uv": [56, 32], "uv_size": [-1, 0.5]},
								"up": {"uv": [38.5, 55], "uv_size": [-0.5, 1]},
								"down": {"uv": [40.5, 56], "uv_size": [-0.5, -1]}
							}
						},
						{
							"origin": [-2.89121, 3.82389, -0.90678],
							"size": [0.78243, 0.13826, 0.32409],
							"pivot": [-2.5, 2.25, -0.74473],
							"rotation": [0, 45, 0],
							"uv": {
								"north": {"uv": [56, 45], "uv_size": [-1, 0.5]},
								"east": {"uv": [79.5, 20], "uv_size": [-0.5, 0.5]},
								"south": {"uv": [47, 55], "uv_size": [-1, 0.5]},
								"west": {"uv": [79.5, 18], "uv_size": [-0.5, 0.5]},
								"up": {"uv": [56, 47], "uv_size": [-1, 0.5]},
								"down": {"uv": [49, 55.5], "uv_size": [-1, -0.5]}
							}
						},
						{
							"origin": [-2.89121, 3.82389, -0.90678],
							"size": [0.78243, 0.13826, 0.32409],
							"uv": {
								"north": {"uv": [56, 54], "uv_size": [-1, 0.5]},
								"east": {"uv": [24.5, 79], "uv_size": [-0.5, 0.5]},
								"south": {"uv": [1, 56], "uv_size": [-1, 0.5]},
								"west": {"uv": [79.5, 22], "uv_size": [-0.5, 0.5]},
								"up": {"uv": [3, 56], "uv_size": [-1, 0.5]},
								"down": {"uv": [57, 2.5], "uv_size": [-1, -0.5]}
							}
						}
					]
				},
				{
					"name": "octagon19",
					"parent": "octagon5",
					"pivot": [-2.5, 2.16867, -0.74473],
					"cubes": [
						{
							"origin": [-2.6269, 3.89153, -0.55109],
							"size": [0.2538, 0.22764, 0.11272],
							"pivot": [-2.5, 2.25, -0.74473],
							"rotation": [0, 45, 0],
							"uv": {
								"north": {"uv": [26.5, 79], "uv_size": [-0.5, 0.5]},
								"east": {"uv": [79.5, 30], "uv_size": [-0.5, 0.5]},
								"south": {"uv": [30.5, 79], "uv_size": [-0.5, 0.5]},
								"west": {"uv": [79.5, 26], "uv_size": [-0.5, 0.5]},
								"up": {"uv": [79.5, 32], "uv_size": [-0.5, 0.5]},
								"down": {"uv": [34.5, 79.5], "uv_size": [-0.5, -0.5]}
							}
						},
						{
							"origin": [-2.6269, 3.89153, -0.55109],
							"size": [0.2538, 0.22764, 0.11272],
							"uv": {
								"north": {"uv": [38.5, 79], "uv_size": [-0.5, 0.5]},
								"east": {"uv": [46.5, 79], "uv_size": [-0.5, 0.5]},
								"south": {"uv": [79.5, 44], "uv_size": [-0.5, 0.5]},
								"west": {"uv": [40.5, 79], "uv_size": [-0.5, 0.5]},
								"up": {"uv": [79.5, 46], "uv_size": [-0.5, 0.5]},
								"down": {"uv": [48.5, 79.5], "uv_size": [-0.5, -0.5]}
							}
						},
						{
							"origin": [-2.80636, 3.89153, -0.87163],
							"size": [0.11272, 0.22764, 0.2538],
							"pivot": [-2.5, 2.25, -0.74473],
							"rotation": [0, 45, 0],
							"uv": {
								"north": {"uv": [79.5, 52], "uv_size": [-0.5, 0.5]},
								"east": {"uv": [2.5, 80], "uv_size": [-0.5, 0.5]},
								"south": {"uv": [0.5, 80], "uv_size": [-0.5, 0.5]},
								"west": {"uv": [58.5, 79], "uv_size": [-0.5, 0.5]},
								"up": {"uv": [80.5, 2], "uv_size": [-0.5, 0.5]},
								"down": {"uv": [80.5, 4.5], "uv_size": [-0.5, -0.5]}
							}
						},
						{
							"origin": [-2.80636, 3.89153, -0.87163],
							"size": [0.11272, 0.22764, 0.2538],
							"uv": {
								"north": {"uv": [6.5, 80], "uv_size": [-0.5, 0.5]},
								"east": {"uv": [10.5, 80], "uv_size": [-0.5, 0.5]},
								"south": {"uv": [80.5, 8], "uv_size": [-0.5, 0.5]},
								"west": {"uv": [8.5, 80], "uv_size": [-0.5, 0.5]},
								"up": {"uv": [12.5, 80], "uv_size": [-0.5, 0.5]},
								"down": {"uv": [80.5, 12.5], "uv_size": [-0.5, -0.5]}
							}
						},
						{
							"origin": [-2.30636, 3.89153, -0.87163],
							"size": [0.11272, 0.22764, 0.2538],
							"uv": {
								"north": {"uv": [54.5, 80], "uv_size": [-0.5, 0.5]},
								"east": {"uv": [80.5, 56], "uv_size": [-0.5, 0.5]},
								"south": {"uv": [56.5, 80], "uv_size": [-0.5, 0.5]},
								"west": {"uv": [80.5, 54], "uv_size": [-0.5, 0.5]},
								"up": {"uv": [80.5, 58], "uv_size": [-0.5, 0.5]},
								"down": {"uv": [60.5, 80.5], "uv_size": [-0.5, -0.5]}
							}
						},
						{
							"origin": [-2.6269, 3.89153, -1.05109],
							"size": [0.2538, 0.22764, 0.11272],
							"uv": {
								"north": {"uv": [80.5, 42], "uv_size": [-0.5, 0.5]},
								"east": {"uv": [50.5, 80], "uv_size": [-0.5, 0.5]},
								"south": {"uv": [80.5, 48], "uv_size": [-0.5, 0.5]},
								"west": {"uv": [44.5, 80], "uv_size": [-0.5, 0.5]},
								"up": {"uv": [80.5, 50], "uv_size": [-0.5, 0.5]},
								"down": {"uv": [52.5, 80.5], "uv_size": [-0.5, -0.5]}
							}
						},
						{
							"origin": [-2.6269, 3.89153, -1.05109],
							"size": [0.2538, 0.22764, 0.11272],
							"pivot": [-2.5, 2.25, -0.74473],
							"rotation": [0, -45, 0],
							"uv": {
								"north": {"uv": [80.5, 34], "uv_size": [-0.5, 0.5]},
								"east": {"uv": [80.5, 38], "uv_size": [-0.5, 0.5]},
								"south": {"uv": [80.5, 36], "uv_size": [-0.5, 0.5]},
								"west": {"uv": [36.5, 80], "uv_size": [-0.5, 0.5]},
								"up": {"uv": [80.5, 40], "uv_size": [-0.5, 0.5]},
								"down": {"uv": [42.5, 80.5], "uv_size": [-0.5, -0.5]}
							}
						},
						{
							"origin": [-2.80636, 3.89153, -0.87163],
							"size": [0.11272, 0.22764, 0.2538],
							"pivot": [-2.5, 2.25, -0.74473],
							"rotation": [0, -45, 0],
							"uv": {
								"north": {"uv": [20.5, 80], "uv_size": [-0.5, 0.5]},
								"east": {"uv": [28.5, 80], "uv_size": [-0.5, 0.5]},
								"south": {"uv": [80.5, 24], "uv_size": [-0.5, 0.5]},
								"west": {"uv": [22.5, 80], "uv_size": [-0.5, 0.5]},
								"up": {"uv": [80.5, 28], "uv_size": [-0.5, 0.5]},
								"down": {"uv": [32.5, 80.5], "uv_size": [-0.5, -0.5]}
							}
						}
					]
				},
				{
					"name": "octagon8",
					"parent": "octagon5",
					"pivot": [-0.8125, 2.14338, -0.7488],
					"cubes": [
						{
							"origin": [-1.0171, 3.46657, -1.24275],
							"size": [0.40921, 0.07324, 0.98791],
							"pivot": [-0.8125, 2.88431, -0.7488],
							"rotation": [0, 45, 0],
							"uv": {
								"north": {"uv": [50.5, 78], "uv_size": [-0.5, 0.5]},
								"east": {"uv": [54, 10], "uv_size": [-1, 0.5]},
								"south": {"uv": [78.5, 50], "uv_size": [-0.5, 0.5]},
								"west": {"uv": [54, 6], "uv_size": [-1, 0.5]},
								"up": {"uv": [14.5, 53], "uv_size": [-0.5, 1]},
								"down": {"uv": [53.5, 15], "uv_size": [-0.5, -1]}
							}
						},
						{
							"origin": [-1.0171, 3.46657, -1.24275],
							"size": [0.40921, 0.07324, 0.98791],
							"uv": {
								"north": {"uv": [52.5, 78], "uv_size": [-0.5, 0.5]},
								"east": {"uv": [54, 16], "uv_size": [-1, 0.5]},
								"south": {"uv": [54.5, 78], "uv_size": [-0.5, 0.5]},
								"west": {"uv": [17, 53], "uv_size": [-1, 0.5]},
								"up": {"uv": [18.5, 53], "uv_size": [-0.5, 1]},
								"down": {"uv": [53.5, 19], "uv_size": [-0.5, -1]}
							}
						},
						{
							"origin": [-1.30646, 3.46657, -0.9534],
							"size": [0.98791, 0.07324, 0.40921],
							"pivot": [-0.8125, 2.88431, -0.7488],
							"rotation": [0, 45, 0],
							"uv": {
								"north": {"uv": [54, 20], "uv_size": [-1, 0.5]},
								"east": {"uv": [56.5, 78], "uv_size": [-0.5, 0.5]},
								"south": {"uv": [54, 22], "uv_size": [-1, 0.5]},
								"west": {"uv": [78.5, 54], "uv_size": [-0.5, 0.5]},
								"up": {"uv": [25, 53], "uv_size": [-1, 0.5]},
								"down": {"uv": [27, 53.5], "uv_size": [-1, -0.5]}
							}
						},
						{
							"origin": [-1.30646, 3.46657, -0.9534],
							"size": [0.98791, 0.07324, 0.40921],
							"uv": {
								"north": {"uv": [54, 26], "uv_size": [-1, 0.5]},
								"east": {"uv": [78.5, 58], "uv_size": [-0.5, 0.5]},
								"south": {"uv": [31, 53], "uv_size": [-1, 0.5]},
								"west": {"uv": [78.5, 56], "uv_size": [-0.5, 0.5]},
								"up": {"uv": [54, 31], "uv_size": [-1, 0.5]},
								"down": {"uv": [54, 33.5], "uv_size": [-1, -0.5]}
							}
						},
						{
							"origin": [-0.95081, 0.17894, -1.17646],
							"size": [0.40921, 0.07324, 0.98791],
							"pivot": [-0.8125, 0.45944, -0.7488],
							"rotation": [0, 45, 0],
							"uv": {
								"north": {"uv": [83.5, 10], "uv_size": [-0.5, 0.5]},
								"east": {"uv": [60, 0], "uv_size": [-1, 0.5]},
								"south": {"uv": [14.5, 83], "uv_size": [-0.5, 0.5]},
								"west": {"uv": [59, 57], "uv_size": [-1, 0.5]},
								"up": {"uv": [4.5, 59], "uv_size": [-0.5, 1]},
								"down": {"uv": [59.5, 7], "uv_size": [-0.5, -1]}
							}
						},
						{
							"origin": [-0.92335, 0.17894, -1.24275],
							"size": [0.40921, 0.07324, 0.98791],
							"uv": {
								"north": {"uv": [4.5, 83], "uv_size": [-0.5, 0.5]},
								"east": {"uv": [55, 58], "uv_size": [-1, 0.5]},
								"south": {"uv": [83.5, 6], "uv_size": [-0.5, 0.5]},
								"west": {"uv": [53, 58], "uv_size": [-1, 0.5]},
								"up": {"uv": [58.5, 55], "uv_size": [-0.5, 1]},
								"down": {"uv": [56.5, 59], "uv_size": [-0.5, -1]}
							}
						},
						{
							"origin": [-1.24017, 0.17894, -0.88711],
							"size": [0.98791, 0.07324, 0.40921],
							"pivot": [-0.8125, 0.45944, -0.7488],
							"rotation": [0, 45, 0],
							"uv": {
								"north": {"uv": [45, 58], "uv_size": [-1, 0.5]},
								"east": {"uv": [83.5, 0], "uv_size": [-0.5, 0.5]},
								"south": {"uv": [59, 48], "uv_size": [-1, 0.5]},
								"west": {"uv": [82.5, 82], "uv_size": [-0.5, 0.5]},
								"up": {"uv": [51, 58], "uv_size": [-1, 0.5]},
								"down": {"uv": [59, 50.5], "uv_size": [-1, -0.5]}
							}
						},
						{
							"origin": [-1.21271, 0.17894, -0.9534],
							"size": [0.98791, 0.07324, 0.40921],
							"uv": {
								"north": {"uv": [59, 38], "uv_size": [-1, 0.5]},
								"east": {"uv": [82.5, 80], "uv_size": [-0.5, 0.5]},
								"south": {"uv": [59, 40], "uv_size": [-1, 0.5]},
								"west": {"uv": [80.5, 82], "uv_size": [-0.5, 0.5]},
								"up": {"uv": [43, 58], "uv_size": [-1, 0.5]},
								"down": {"uv": [59, 42.5], "uv_size": [-1, -0.5]}
							}
						}
					]
				},
				{
					"name": "octagon18",
					"parent": "octagon5",
					"pivot": [-0.8125, 2.14338, -0.7488],
					"cubes": [
						{
							"origin": [-1.0171, 3.59157, -1.24275],
							"size": [0.40921, 0.07324, 0.98791],
							"pivot": [-0.8125, 2.88431, -0.7488],
							"rotation": [0, 45, 0],
							"uv": {
								"north": {"uv": [60.5, 78], "uv_size": [-0.5, 0.5]},
								"east": {"uv": [39, 53], "uv_size": [-1, 0.5]},
								"south": {"uv": [78.5, 60], "uv_size": [-0.5, 0.5]},
								"west": {"uv": [35, 53], "uv_size": [-1, 0.5]},
								"up": {"uv": [40.5, 53], "uv_size": [-0.5, 1]},
								"down": {"uv": [53.5, 47], "uv_size": [-0.5, -1]}
							}
						},
						{
							"origin": [-1.0171, 3.59157, -1.24275],
							"size": [0.40921, 0.07324, 0.98791],
							"uv": {
								"north": {"uv": [62.5, 78], "uv_size": [-0.5, 0.5]},
								"east": {"uv": [54, 48], "uv_size": [-1, 0.5]},
								"south": {"uv": [78.5, 62], "uv_size": [-0.5, 0.5]},
								"west": {"uv": [48, 53], "uv_size": [-1, 0.5]},
								"up": {"uv": [49.5, 53], "uv_size": [-0.5, 1]},
								"down": {"uv": [0.5, 55], "uv_size": [-0.5, -1]}
							}
						},
						{
							"origin": [-1.30646, 3.59157, -0.9534],
							"size": [0.98791, 0.07324, 0.40921],
							"pivot": [-0.8125, 2.88431, -0.7488],
							"rotation": [0, 45, 0],
							"uv": {
								"north": {"uv": [3, 54], "uv_size": [-1, 0.5]},
								"east": {"uv": [78.5, 64], "uv_size": [-0.5, 0.5]},
								"south": {"uv": [55, 2], "uv_size": [-1, 0.5]},
								"west": {"uv": [64.5, 78], "uv_size": [-0.5, 0.5]},
								"up": {"uv": [55, 4], "uv_size": [-1, 0.5]},
								"down": {"uv": [7, 54.5], "uv_size": [-1, -0.5]}
							}
						},
						{
							"origin": [-1.30646, 3.59157, -0.9534],
							"size": [0.98791, 0.07324, 0.40921],
							"uv": {
								"north": {"uv": [9, 54], "uv_size": [-1, 0.5]},
								"east": {"uv": [78.5, 66], "uv_size": [-0.5, 0.5]},
								"south": {"uv": [55, 8], "uv_size": [-1, 0.5]},
								"west": {"uv": [66.5, 78], "uv_size": [-0.5, 0.5]},
								"up": {"uv": [11, 54], "uv_size": [-1, 0.5]},
								"down": {"uv": [13, 54.5], "uv_size": [-1, -0.5]}
							}
						},
						{
							"origin": [-0.95081, 0.05394, -1.17646],
							"size": [0.40921, 0.07324, 0.98791],
							"pivot": [-0.8125, 0.45944, -0.7488],
							"rotation": [0, 45, 0],
							"uv": {
								"north": {"uv": [78.5, 82], "uv_size": [-0.5, 0.5]},
								"east": {"uv": [59, 34], "uv_size": [-1, 0.5]},
								"south": {"uv": [82.5, 78], "uv_size": [-0.5, 0.5]},
								"west": {"uv": [33, 58], "uv_size": [-1, 0.5]},
								"up": {"uv": [36.5, 58], "uv_size": [-0.5, 1]},
								"down": {"uv": [58.5, 37], "uv_size": [-0.5, -1]}
							}
						},
						{
							"origin": [-0.92335, 0.05394, -1.24275],
							"size": [0.40921, 0.07324, 0.98791],
							"uv": {
								"north": {"uv": [76.5, 82], "uv_size": [-0.5, 0.5]},
								"east": {"uv": [59, 24], "uv_size": [-1, 0.5]},
								"south": {"uv": [82.5, 76], "uv_size": [-0.5, 0.5]},
								"west": {"uv": [23, 58], "uv_size": [-1, 0.5]},
								"up": {"uv": [28.5, 58], "uv_size": [-0.5, 1]},
								"down": {"uv": [58.5, 29], "uv_size": [-0.5, -1]}
							}
						},
						{
							"origin": [-1.24017, 0.05394, -0.88711],
							"size": [0.98791, 0.07324, 0.40921],
							"pivot": [-0.8125, 0.45944, -0.7488],
							"rotation": [0, 45, 0],
							"uv": {
								"north": {"uv": [11, 58], "uv_size": [-1, 0.5]},
								"east": {"uv": [82.5, 74], "uv_size": [-0.5, 0.5]},
								"south": {"uv": [13, 58], "uv_size": [-1, 0.5]},
								"west": {"uv": [74.5, 82], "uv_size": [-0.5, 0.5]},
								"up": {"uv": [59, 12], "uv_size": [-1, 0.5]},
								"down": {"uv": [21, 58.5], "uv_size": [-1, -0.5]}
							}
						},
						{
							"origin": [-1.21271, 0.05394, -0.9534],
							"size": [0.98791, 0.07324, 0.40921],
							"uv": {
								"north": {"uv": [59, 4], "uv_size": [-1, 0.5]},
								"east": {"uv": [82.5, 72], "uv_size": [-0.5, 0.5]},
								"south": {"uv": [7, 58], "uv_size": [-1, 0.5]},
								"west": {"uv": [72.5, 82], "uv_size": [-0.5, 0.5]},
								"up": {"uv": [9, 58], "uv_size": [-1, 0.5]},
								"down": {"uv": [59, 8.5], "uv_size": [-1, -0.5]}
							}
						}
					]
				},
				{
					"name": "octagon17",
					"parent": "octagon5",
					"pivot": [-0.8125, 2.14338, -0.7488],
					"cubes": [
						{
							"origin": [-1.0171, 3.77907, -1.24275],
							"size": [0.40921, 0.07324, 0.98791],
							"pivot": [-0.8125, 2.88431, -0.7488],
							"rotation": [0, 45, 0],
							"uv": {
								"north": {"uv": [68.5, 78], "uv_size": [-0.5, 0.5]},
								"east": {"uv": [21, 54], "uv_size": [-1, 0.5]},
								"south": {"uv": [78.5, 68], "uv_size": [-0.5, 0.5]},
								"west": {"uv": [55, 12], "uv_size": [-1, 0.5]},
								"up": {"uv": [22.5, 54], "uv_size": [-0.5, 1]},
								"down": {"uv": [54.5, 25], "uv_size": [-0.5, -1]}
							}
						},
						{
							"origin": [-1.0171, 3.77907, -1.24275],
							"size": [0.40921, 0.07324, 0.98791],
							"uv": {
								"north": {"uv": [70.5, 78], "uv_size": [-0.5, 0.5]},
								"east": {"uv": [55, 28], "uv_size": [-1, 0.5]},
								"south": {"uv": [78.5, 70], "uv_size": [-0.5, 0.5]},
								"west": {"uv": [29, 54], "uv_size": [-1, 0.5]},
								"up": {"uv": [32.5, 54], "uv_size": [-0.5, 1]},
								"down": {"uv": [54.5, 36], "uv_size": [-0.5, -1]}
							}
						},
						{
							"origin": [-1.30646, 3.77907, -0.9534],
							"size": [0.98791, 0.07324, 0.40921],
							"pivot": [-0.8125, 2.88431, -0.7488],
							"rotation": [0, 45, 0],
							"uv": {
								"north": {"uv": [37, 54], "uv_size": [-1, 0.5]},
								"east": {"uv": [78.5, 72], "uv_size": [-0.5, 0.5]},
								"south": {"uv": [55, 37], "uv_size": [-1, 0.5]},
								"west": {"uv": [72.5, 78], "uv_size": [-0.5, 0.5]},
								"up": {"uv": [55, 39], "uv_size": [-1, 0.5]},
								"down": {"uv": [55, 41.5], "uv_size": [-1, -0.5]}
							}
						},
						{
							"origin": [-1.30646, 3.77907, -0.9534],
							"size": [0.98791, 0.07324, 0.40921],
							"uv": {
								"north": {"uv": [43, 54], "uv_size": [-1, 0.5]},
								"east": {"uv": [78.5, 74], "uv_size": [-0.5, 0.5]},
								"south": {"uv": [55, 43], "uv_size": [-1, 0.5]},
								"west": {"uv": [74.5, 78], "uv_size": [-0.5, 0.5]},
								"up": {"uv": [45, 54], "uv_size": [-1, 0.5]},
								"down": {"uv": [55, 50.5], "uv_size": [-1, -0.5]}
							}
						},
						{
							"origin": [-0.95081, -0.13356, -1.17646],
							"size": [0.40921, 0.07324, 0.98791],
							"pivot": [-0.8125, 0.45944, -0.7488],
							"rotation": [0, 45, 0],
							"uv": {
								"north": {"uv": [70.5, 82], "uv_size": [-0.5, 0.5]},
								"east": {"uv": [1, 58], "uv_size": [-1, 0.5]},
								"south": {"uv": [82.5, 70], "uv_size": [-0.5, 0.5]},
								"west": {"uv": [58, 53], "uv_size": [-1, 0.5]},
								"up": {"uv": [2.5, 58], "uv_size": [-0.5, 1]},
								"down": {"uv": [58.5, 3], "uv_size": [-0.5, -1]}
							}
						},
						{
							"origin": [-0.92335, -0.13356, -1.24275],
							"size": [0.40921, 0.07324, 0.98791],
							"uv": {
								"north": {"uv": [68.5, 82], "uv_size": [-0.5, 0.5]},
								"east": {"uv": [47, 57], "uv_size": [-1, 0.5]},
								"south": {"uv": [82.5, 68], "uv_size": [-0.5, 0.5]},
								"west": {"uv": [58, 44], "uv_size": [-1, 0.5]},
								"up": {"uv": [57.5, 46], "uv_size": [-0.5, 1]},
								"down": {"uv": [48.5, 58], "uv_size": [-0.5, -1]}
							}
						},
						{
							"origin": [-1.24017, -0.13356, -0.88711],
							"size": [0.98791, 0.07324, 0.40921],
							"pivot": [-0.8125, 0.45944, -0.7488],
							"rotation": [0, 45, 0],
							"uv": {
								"north": {"uv": [58, 32], "uv_size": [-1, 0.5]},
								"east": {"uv": [82.5, 66], "uv_size": [-0.5, 0.5]},
								"south": {"uv": [35, 57], "uv_size": [-1, 0.5]},
								"west": {"uv": [66.5, 82], "uv_size": [-0.5, 0.5]},
								"up": {"uv": [39, 57], "uv_size": [-1, 0.5]},
								"down": {"uv": [41, 57.5], "uv_size": [-1, -0.5]}
							}
						},
						{
							"origin": [-1.21271, -0.13356, -0.9534],
							"size": [0.98791, 0.07324, 0.40921],
							"uv": {
								"north": {"uv": [27, 57], "uv_size": [-1, 0.5]},
								"east": {"uv": [82.5, 64], "uv_size": [-0.5, 0.5]},
								"south": {"uv": [58, 26], "uv_size": [-1, 0.5]},
								"west": {"uv": [64.5, 82], "uv_size": [-0.5, 0.5]},
								"up": {"uv": [31, 57], "uv_size": [-1, 0.5]},
								"down": {"uv": [58, 30.5], "uv_size": [-1, -0.5]}
							}
						}
					]
				},
				{
					"name": "octagon",
					"parent": "leishe",
					"pivot": [-1.1875, 2.98438, 1.375],
					"cubes": [
						{
							"origin": [-0.40717, 2.85938, 0.24112],
							"size": [0.20711, 0.25, 0.5],
							"pivot": [-1.1875, 3.35938, 1.375],
							"rotation": [0, 45, 0],
							"uv": {
								"north": {"uv": [75.5, 18], "uv_size": [-0.5, 0.5]},
								"east": {"uv": [24.5, 75], "uv_size": [-0.5, 0.5]},
								"south": {"uv": [75.5, 22], "uv_size": [-0.5, 0.5]},
								"west": {"uv": [75.5, 20], "uv_size": [-0.5, 0.5]},
								"up": {"uv": [26.5, 75], "uv_size": [-0.5, 0.5]},
								"down": {"uv": [75.5, 26.5], "uv_size": [-0.5, -0.5]}
							}
						},
						{
							"origin": [-1.29105, 2.85938, -0.125],
							"size": [0.20711, 0.25, 0.5],
							"uv": {
								"north": {"uv": [30.5, 75], "uv_size": [-0.5, 0.5]},
								"east": {"uv": [34.5, 75], "uv_size": [-0.5, 0.5]},
								"south": {"uv": [75.5, 32], "uv_size": [-0.5, 0.5]},
								"west": {"uv": [75.5, 30], "uv_size": [-0.5, 0.5]},
								"up": {"uv": [38.5, 75], "uv_size": [-0.5, 0.5]},
								"down": {"uv": [40.5, 75.5], "uv_size": [-0.5, -0.5]}
							}
						},
						{
							"origin": [-1.22855, 2.85938, 0.125],
							"size": [0.08211, 0.3125, 0.375],
							"uv": {
								"north": {"uv": [84.5, 68], "uv_size": [-0.5, 0.5]},
								"east": {"uv": [72.5, 84], "uv_size": [-0.5, 0.5]},
								"south": {"uv": [84.5, 70], "uv_size": [-0.5, 0.5]},
								"west": {"uv": [70.5, 84], "uv_size": [-0.5, 0.5]},
								"up": {"uv": [84.5, 72], "uv_size": [-0.5, 0.5]},
								"down": {"uv": [74.5, 84.5], "uv_size": [-0.5, -0.5]}
							}
						},
						{
							"origin": [-0.55362, 2.85938, 0.38756],
							"size": [0.5, 0.25, 0.20711],
							"pivot": [-1.1875, 3.35938, 1.375],
							"rotation": [0, 45, 0],
							"uv": {
								"north": {"uv": [75.5, 44], "uv_size": [-0.5, 0.5]},
								"east": {"uv": [48.5, 75], "uv_size": [-0.5, 0.5]},
								"south": {"uv": [75.5, 46], "uv_size": [-0.5, 0.5]},
								"west": {"uv": [46.5, 75], "uv_size": [-0.5, 0.5]},
								"up": {"uv": [75.5, 52], "uv_size": [-0.5, 0.5]},
								"down": {"uv": [58.5, 75.5], "uv_size": [-0.5, -0.5]}
							}
						},
						{
							"origin": [-1.4375, 2.85938, 0.02145],
							"size": [0.5, 0.25, 0.20711],
							"uv": {
								"north": {"uv": [0.5, 76], "uv_size": [-0.5, 0.5]},
								"east": {"uv": [76.5, 4], "uv_size": [-0.5, 0.5]},
								"south": {"uv": [76.5, 2], "uv_size": [-0.5, 0.5]},
								"west": {"uv": [2.5, 76], "uv_size": [-0.5, 0.5]},
								"up": {"uv": [6.5, 76], "uv_size": [-0.5, 0.5]},
								"down": {"uv": [8.5, 76.5], "uv_size": [-0.5, -0.5]}
							}
						}
					]
				},
				{
					"name": "octagon2",
					"parent": "octagon",
					"pivot": [-1.1875, 2.98438, 1.375],
					"cubes": [
						{
							"origin": [-0.42685, 2.89813, 0.19362],
							"size": [0.24646, 0.11, 0.595],
							"pivot": [-1.1875, 3.43063, 1.375],
							"rotation": [0, 45, 0],
							"uv": {
								"north": {"uv": [76.5, 8], "uv_size": [-0.5, 0.5]},
								"east": {"uv": [76.5, 12], "uv_size": [-0.5, 0.5]},
								"south": {"uv": [12.5, 76], "uv_size": [-0.5, 0.5]},
								"west": {"uv": [10.5, 76], "uv_size": [-0.5, 0.5]},
								"up": {"uv": [20.5, 76], "uv_size": [-0.5, 0.5]},
								"down": {"uv": [22.5, 76.5], "uv_size": [-0.5, -0.5]}
							}
						},
						{
							"origin": [-1.31073, 2.89813, -0.1725],
							"size": [0.24646, 0.11, 0.595],
							"uv": {
								"north": {"uv": [76.5, 24], "uv_size": [-0.5, 0.5]},
								"east": {"uv": [32.5, 76], "uv_size": [-0.5, 0.5]},
								"south": {"uv": [76.5, 28], "uv_size": [-0.5, 0.5]},
								"west": {"uv": [28.5, 76], "uv_size": [-0.5, 0.5]},
								"up": {"uv": [76.5, 34], "uv_size": [-0.5, 0.5]},
								"down": {"uv": [36.5, 76.5], "uv_size": [-0.5, -0.5]}
							}
						},
						{
							"origin": [-0.60112, 2.89813, 0.36789],
							"size": [0.595, 0.11, 0.24646],
							"pivot": [-1.1875, 3.43063, 1.375],
							"rotation": [0, 45, 0],
							"uv": {
								"north": {"uv": [76.5, 36], "uv_size": [-0.5, 0.5]},
								"east": {"uv": [42.5, 76], "uv_size": [-0.5, 0.5]},
								"south": {"uv": [76.5, 40], "uv_size": [-0.5, 0.5]},
								"west": {"uv": [76.5, 38], "uv_size": [-0.5, 0.5]},
								"up": {"uv": [76.5, 42], "uv_size": [-0.5, 0.5]},
								"down": {"uv": [44.5, 76.5], "uv_size": [-0.5, -0.5]}
							}
						},
						{
							"origin": [-1.485, 2.89813, 0.00177],
							"size": [0.595, 0.11, 0.24646],
							"uv": {
								"north": {"uv": [76.5, 48], "uv_size": [-0.5, 0.5]},
								"east": {"uv": [52.5, 76], "uv_size": [-0.5, 0.5]},
								"south": {"uv": [76.5, 50], "uv_size": [-0.5, 0.5]},
								"west": {"uv": [50.5, 76], "uv_size": [-0.5, 0.5]},
								"up": {"uv": [54.5, 76], "uv_size": [-0.5, 0.5]},
								"down": {"uv": [76.5, 54.5], "uv_size": [-0.5, -0.5]}
							}
						}
					]
				},
				{
					"name": "bone",
					"parent": "leishe",
					"pivot": [-1.625, 1.67188, 0.875],
					"cubes": [
						{
							"origin": [-2.125, 1.67188, -1.875],
							"size": [1, 1, 3],
							"uv": {
								"north": {"uv": [19, 40], "uv_size": [-1, 1]},
								"east": {"uv": [13, 10], "uv_size": [-3, 1]},
								"south": {"uv": [41, 20], "uv_size": [-1, 1]},
								"west": {"uv": [9, 10], "uv_size": [-3, 1]},
								"up": {"uv": [13, 0], "uv_size": [-1, 3]},
								"down": {"uv": [13, 7], "uv_size": [-1, -3]}
							}
						},
						{
							"origin": [-1.125, 1.92188, -1.875],
							"size": [0.25, 0.5, 3],
							"uv": {
								"north": {"uv": [12.5, 72], "uv_size": [-0.5, 0.5]},
								"east": {"uv": [29, 12], "uv_size": [-3, 0.5]},
								"south": {"uv": [72.5, 12], "uv_size": [-0.5, 0.5]},
								"west": {"uv": [28, 22], "uv_size": [-3, 0.5]},
								"up": {"uv": [21.5, 26], "uv_size": [-0.5, 3]},
								"down": {"uv": [23.5, 29], "uv_size": [-0.5, -3]}
							}
						},
						{
							"origin": [-1.1875, 2.3701, -1.875],
							"size": [0.1875, 0.35355, 3],
							"pivot": [-1, 2.54688, 0.875],
							"rotation": [0, 0, -45],
							"uv": {
								"north": {"uv": [72.5, 24], "uv_size": [-0.5, 0.5]},
								"east": {"uv": [30, 19], "uv_size": [-3, 0.5]},
								"south": {"uv": [28.5, 72], "uv_size": [-0.5, 0.5]},
								"west": {"uv": [30, 14], "uv_size": [-3, 0.5]},
								"up": {"uv": [25.5, 28], "uv_size": [-0.5, 3]},
								"down": {"uv": [27.5, 31], "uv_size": [-0.5, -3]}
							}
						},
						{
							"origin": [-1.1875, 1.6201, -1.875],
							"size": [0.1875, 0.35355, 3],
							"pivot": [-1, 1.79688, 0.875],
							"rotation": [0, 0, 45],
							"uv": {
								"north": {"uv": [72.5, 28], "uv_size": [-0.5, 0.5]},
								"east": {"uv": [31, 10], "uv_size": [-3, 0.5]},
								"south": {"uv": [32.5, 72], "uv_size": [-0.5, 0.5]},
								"west": {"uv": [31, 4], "uv_size": [-3, 0.5]},
								"up": {"uv": [0.5, 29], "uv_size": [-0.5, 3]},
								"down": {"uv": [2.5, 32], "uv_size": [-0.5, -3]}
							}
						},
						{
							"origin": [-2.25, 1.6201, -1.875],
							"size": [0.1875, 0.35355, 3],
							"pivot": [-2.25, 1.79688, 0.875],
							"rotation": [0, 0, -45],
							"uv": {
								"north": {"uv": [72.5, 36], "uv_size": [-0.5, 0.5]},
								"east": {"uv": [11, 29], "uv_size": [-3, 0.5]},
								"south": {"uv": [72.5, 38], "uv_size": [-0.5, 0.5]},
								"west": {"uv": [32, 6], "uv_size": [-3, 0.5]},
								"up": {"uv": [12.5, 29], "uv_size": [-0.5, 3]},
								"down": {"uv": [16.5, 32], "uv_size": [-0.5, -3]}
							}
						},
						{
							"origin": [-2.25, 2.3701, -1.875],
							"size": [0.1875, 0.35355, 3],
							"pivot": [-2.25, 2.54688, 0.875],
							"rotation": [0, 0, 45],
							"uv": {
								"north": {"uv": [72.5, 34], "uv_size": [-0.5, 0.5]},
								"east": {"uv": [31, 24], "uv_size": [-3, 0.5]},
								"south": {"uv": [36.5, 72], "uv_size": [-0.5, 0.5]},
								"west": {"uv": [31, 16], "uv_size": [-3, 0.5]},
								"up": {"uv": [4.5, 29], "uv_size": [-0.5, 3]},
								"down": {"uv": [6.5, 32], "uv_size": [-0.5, -3]}
							}
						},
						{
							"origin": [-2.375, 1.92188, -1.875],
							"size": [0.25, 0.5, 3],
							"uv": {
								"north": {"uv": [20.5, 72], "uv_size": [-0.5, 0.5]},
								"east": {"uv": [13, 27], "uv_size": [-3, 0.5]},
								"south": {"uv": [22.5, 72], "uv_size": [-0.5, 0.5]},
								"west": {"uv": [28, 26], "uv_size": [-3, 0.5]},
								"up": {"uv": [14.5, 27], "uv_size": [-0.5, 3]},
								"down": {"uv": [28.5, 3], "uv_size": [-0.5, -3]}
							}
						},
						{
							"origin": [-2.4, 1.50974, -1.87187],
							"size": [0.225, 0.42426, 2.99375],
							"pivot": [-2.175, 1.72188, 0.875],
							"rotation": [0, 0, 45],
							"uv": {
								"north": {"uv": [56.5, 72], "uv_size": [-0.5, 0.5]},
								"east": {"uv": [35, 23], "uv_size": [-3, 0.5]},
								"south": {"uv": [72.5, 56], "uv_size": [-0.5, 0.5]},
								"west": {"uv": [35, 16], "uv_size": [-3, 0.5]},
								"up": {"uv": [0.5, 33], "uv_size": [-0.5, 3]},
								"down": {"uv": [2.5, 36], "uv_size": [-0.5, -3]}
							}
						},
						{
							"origin": [-2.4, 2.40974, -1.87187],
							"size": [0.225, 0.42426, 2.99375],
							"pivot": [-2.175, 2.62188, 0.875],
							"rotation": [0, 0, -45],
							"uv": {
								"north": {"uv": [54.5, 72], "uv_size": [-0.5, 0.5]},
								"east": {"uv": [35, 10], "uv_size": [-3, 0.5]},
								"south": {"uv": [72.5, 54], "uv_size": [-0.5, 0.5]},
								"west": {"uv": [35, 4], "uv_size": [-3, 0.5]},
								"up": {"uv": [26.5, 32], "uv_size": [-0.5, 3]},
								"down": {"uv": [31.5, 35], "uv_size": [-0.5, -3]}
							}
						},
						{
							"origin": [-2.825, 1.50974, -1.87187],
							"size": [0.225, 0.42426, 2.99375],
							"pivot": [-2.825, 1.72188, 0.875],
							"rotation": [0, 0, -45],
							"uv": {
								"north": {"uv": [72.5, 50], "uv_size": [-0.5, 0.5]},
								"east": {"uv": [34, 26], "uv_size": [-3, 0.5]},
								"south": {"uv": [52.5, 72], "uv_size": [-0.5, 0.5]},
								"west": {"uv": [34, 18], "uv_size": [-3, 0.5]},
								"up": {"uv": [31.5, 28], "uv_size": [-0.5, 3]},
								"down": {"uv": [24.5, 35], "uv_size": [-0.5, -3]}
							}
						},
						{
							"origin": [-2.825, 2.40974, -1.87187],
							"size": [0.225, 0.42426, 2.99375],
							"pivot": [-2.825, 2.62188, 0.875],
							"rotation": [0, 0, 45],
							"uv": {
								"north": {"uv": [72.5, 48], "uv_size": [-0.5, 0.5]},
								"east": {"uv": [34, 14], "uv_size": [-3, 0.5]},
								"south": {"uv": [50.5, 72], "uv_size": [-0.5, 0.5]},
								"west": {"uv": [33, 12], "uv_size": [-3, 0.5]},
								"up": {"uv": [10.5, 31], "uv_size": [-0.5, 3]},
								"down": {"uv": [14.5, 34], "uv_size": [-0.5, -3]}
							}
						},
						{
							"origin": [-2.325, 1.87188, -1.87187],
							"size": [0.3, 0.6, 2.99375],
							"uv": {
								"north": {"uv": [72.5, 42], "uv_size": [-0.5, 0.5]},
								"east": {"uv": [33, 8], "uv_size": [-3, 0.5]},
								"south": {"uv": [44.5, 72], "uv_size": [-0.5, 0.5]},
								"west": {"uv": [33, 2], "uv_size": [-3, 0.5]},
								"up": {"uv": [29.5, 30], "uv_size": [-0.5, 3]},
								"down": {"uv": [8.5, 34], "uv_size": [-0.5, -3]}
							}
						},
						{
							"origin": [-2.975, 1.87188, -1.87187],
							"size": [0.3, 0.6, 2.99375],
							"uv": {
								"north": {"uv": [72.5, 40], "uv_size": [-0.5, 0.5]},
								"east": {"uv": [33, 0], "uv_size": [-3, 0.5]},
								"south": {"uv": [42.5, 72], "uv_size": [-0.5, 0.5]},
								"west": {"uv": [32, 21], "uv_size": [-3, 0.5]},
								"up": {"uv": [20.5, 30], "uv_size": [-0.5, 3]},
								"down": {"uv": [22.5, 33], "uv_size": [-0.5, -3]}
							}
						},
						{
							"origin": [-2.675, 1.57188, -1.87187],
							"size": [0.35, 1.2, 2.99375],
							"uv": {
								"north": {"uv": [8.5, 50], "uv_size": [-0.5, 1]},
								"east": {"uv": [15, 8], "uv_size": [-3, 1]},
								"south": {"uv": [50.5, 8], "uv_size": [-0.5, 1]},
								"west": {"uv": [9, 12], "uv_size": [-3, 1]},
								"up": {"uv": [18.5, 29], "uv_size": [-0.5, 3]},
								"down": {"uv": [29.5, 29], "uv_size": [-0.5, -3]}
							}
						},
						{
							"origin": [-2.6125, 2.57188, -2.05938],
							"size": [0.225, 0.2625, 1.43125],
							"uv": {
								"north": {"uv": [80.5, 76], "uv_size": [-0.5, 0.5]},
								"east": {"uv": [45.5, 22], "uv_size": [-1.5, 0.5]},
								"south": {"uv": [78.5, 80], "uv_size": [-0.5, 0.5]},
								"west": {"uv": [45.5, 16], "uv_size": [-1.5, 0.5]},
								"up": {"uv": [44.5, 42], "uv_size": [-0.5, 1.5]},
								"down": {"uv": [2.5, 46.5], "uv_size": [-0.5, -1.5]}
							}
						},
						{
							"origin": [-2.6125, 3.38593, -1.86185],
							"size": [0.225, 0.2625, 0.30625],
							"pivot": [-2.5, 2.63329, -0.82484],
							"rotation": [45, 0, 0],
							"uv": {
								"north": {"uv": [80.5, 78], "uv_size": [-0.5, 0.5]},
								"east": {"uv": [4.5, 81], "uv_size": [-0.5, 0.5]},
								"south": {"uv": [81.5, 0], "uv_size": [-0.5, 0.5]},
								"west": {"uv": [80.5, 80], "uv_size": [-0.5, 0.5]},
								"up": {"uv": [81.5, 6], "uv_size": [-0.5, 0.5]},
								"down": {"uv": [81.5, 10.5], "uv_size": [-0.5, -0.5]}
							}
						},
						{
							"origin": [-0.575, 1.87188, -1.87187],
							"size": [0.3, 0.6, 2.99375],
							"uv": {
								"north": {"uv": [72.5, 66], "uv_size": [-0.5, 0.5]},
								"east": {"uv": [38, 18], "uv_size": [-3, 0.5]},
								"south": {"uv": [68.5, 72], "uv_size": [-0.5, 0.5]},
								"west": {"uv": [38, 14], "uv_size": [-3, 0.5]},
								"up": {"uv": [14.5, 35], "uv_size": [-0.5, 3]},
								"down": {"uv": [35.5, 33], "uv_size": [-0.5, -3]}
							}
						},
						{
							"origin": [-1.075, 1.50974, -1.87187],
							"size": [0.225, 0.42426, 2.99375],
							"pivot": [-1.075, 1.72188, 0.875],
							"rotation": [0, 0, -45],
							"uv": {
								"north": {"uv": [72.5, 64], "uv_size": [-0.5, 0.5]},
								"east": {"uv": [7, 35], "uv_size": [-3, 0.5]},
								"south": {"uv": [66.5, 72], "uv_size": [-0.5, 0.5]},
								"west": {"uv": [36, 34], "uv_size": [-3, 0.5]},
								"up": {"uv": [8.5, 35], "uv_size": [-0.5, 3]},
								"down": {"uv": [10.5, 38], "uv_size": [-0.5, -3]}
							}
						},
						{
							"origin": [-1.075, 2.40974, -1.87187],
							"size": [0.225, 0.42426, 2.99375],
							"pivot": [-1.075, 2.62188, 0.875],
							"rotation": [0, 0, 45],
							"uv": {
								"north": {"uv": [72.5, 62], "uv_size": [-0.5, 0.5]},
								"east": {"uv": [37, 12], "uv_size": [-3, 0.5]},
								"south": {"uv": [64.5, 72], "uv_size": [-0.5, 0.5]},
								"west": {"uv": [37, 8], "uv_size": [-3, 0.5]},
								"up": {"uv": [22.5, 34], "uv_size": [-0.5, 3]},
								"down": {"uv": [28.5, 37], "uv_size": [-0.5, -3]}
							}
						},
						{
							"origin": [-0.925, 1.57188, -1.87187],
							"size": [0.35, 1.2, 2.99375],
							"uv": {
								"north": {"uv": [10.5, 50], "uv_size": [-0.5, 1]},
								"east": {"uv": [17, 0], "uv_size": [-3, 1]},
								"south": {"uv": [12.5, 50], "uv_size": [-0.5, 1]},
								"west": {"uv": [13, 12], "uv_size": [-3, 1]},
								"up": {"uv": [34.5, 0], "uv_size": [-0.5, 3]},
								"down": {"uv": [20.5, 37], "uv_size": [-0.5, -3]}
							}
						},
						{
							"origin": [-1.7375, 2.57188, -0.37188],
							"size": [1.0625, 0.325, 0.99375],
							"uv": {
								"north": {"uv": [29, 50], "uv_size": [-1, 0.5]},
								"east": {"uv": [51, 36], "uv_size": [-1, 0.5]},
								"south": {"uv": [33, 50], "uv_size": [-1, 0.5]},
								"west": {"uv": [51, 30], "uv_size": [-1, 0.5]},
								"up": {"uv": [31, 40], "uv_size": [-1, 1]},
								"down": {"uv": [41, 32], "uv_size": [-1, -1]}
							}
						},
						{
							"origin": [-1.7375, 3.45576, -0.38076],
							"size": [1.0625, 0.18681, 0.45238],
							"pivot": [-1.33125, 2.73438, 0.75],
							"rotation": [45, 0, 0],
							"uv": {
								"north": {"uv": [45, 50], "uv_size": [-1, 0.5]},
								"east": {"uv": [16.5, 75], "uv_size": [-0.5, 0.5]},
								"south": {"uv": [51, 44], "uv_size": [-1, 0.5]},
								"west": {"uv": [75.5, 14], "uv_size": [-0.5, 0.5]},
								"up": {"uv": [47, 50], "uv_size": [-1, 0.5]},
								"down": {"uv": [52, 0.5], "uv_size": [-1, -0.5]}
							}
						},
						{
							"origin": [-1.7375, 1.68799, 0.91061],
							"size": [1.0625, 0.18681, 0.45238],
							"pivot": [-1.33125, 2.73438, 2],
							"rotation": [-45, 0, 0],
							"uv": {
								"north": {"uv": [5, 51], "uv_size": [-1, 0.5]},
								"east": {"uv": [18.5, 75], "uv_size": [-0.5, 0.5]},
								"south": {"uv": [52, 6], "uv_size": [-1, 0.5]},
								"west": {"uv": [75.5, 16], "uv_size": [-0.5, 0.5]},
								"up": {"uv": [52, 10], "uv_size": [-1, 0.5]},
								"down": {"uv": [15, 51.5], "uv_size": [-1, -0.5]}
							}
						},
						{
							"origin": [-1.9875, 2.57188, -0.37188],
							"size": [0.3466, 0.23321, 0.99375],
							"pivot": [-1.8, 2.73438, 1.625],
							"rotation": [0, 0, -45],
							"uv": {
								"north": {"uv": [75.5, 10], "uv_size": [-0.5, 0.5]},
								"east": {"uv": [51, 38], "uv_size": [-1, 0.5]},
								"south": {"uv": [14.5, 75], "uv_size": [-0.5, 0.5]},
								"west": {"uv": [38, 50], "uv_size": [-1, 0.5]},
								"up": {"uv": [50.5, 40], "uv_size": [-0.5, 1]},
								"down": {"uv": [50.5, 43], "uv_size": [-0.5, -1]}
							}
						},
						{
							"origin": [-0.65, 2.40974, -1.87187],
							"size": [0.225, 0.42426, 2.99375],
							"pivot": [-0.425, 2.62188, 0.875],
							"rotation": [0, 0, -45],
							"uv": {
								"north": {"uv": [72.5, 60], "uv_size": [-0.5, 0.5]},
								"east": {"uv": [36, 28], "uv_size": [-3, 0.5]},
								"south": {"uv": [62.5, 72], "uv_size": [-0.5, 0.5]},
								"west": {"uv": [36, 20], "uv_size": [-3, 0.5]},
								"up": {"uv": [18.5, 33], "uv_size": [-0.5, 3]},
								"down": {"uv": [33.5, 33], "uv_size": [-0.5, -3]}
							}
						},
						{
							"origin": [-0.65, 1.50974, -1.87187],
							"size": [0.225, 0.42426, 2.99375],
							"pivot": [-0.425, 1.72188, 0.875],
							"rotation": [0, 0, 45],
							"uv": {
								"north": {"uv": [72.5, 58], "uv_size": [-0.5, 0.5]},
								"east": {"uv": [36, 6], "uv_size": [-3, 0.5]},
								"south": {"uv": [60.5, 72], "uv_size": [-0.5, 0.5]},
								"west": {"uv": [7, 33], "uv_size": [-3, 0.5]},
								"up": {"uv": [12.5, 33], "uv_size": [-0.5, 3]},
								"down": {"uv": [16.5, 36], "uv_size": [-0.5, -3]}
							}
						},
						{
							"origin": [-2.17, 1.62688, 0.915],
							"size": [1.09, 1.09, 0.2325],
							"uv": {
								"north": {"uv": [25, 40], "uv_size": [-1, 1]},
								"east": {"uv": [20.5, 50], "uv_size": [-0.5, 1]},
								"south": {"uv": [41, 29], "uv_size": [-1, 1]},
								"west": {"uv": [50.5, 12], "uv_size": [-0.5, 1]},
								"up": {"uv": [23, 50], "uv_size": [-1, 0.5]},
								"down": {"uv": [51, 25.5], "uv_size": [-1, -0.5]}
							}
						},
						{
							"origin": [-1.08, 1.89938, 0.915],
							"size": [0.2725, 0.545, 0.2325],
							"uv": {
								"north": {"uv": [72.5, 74], "uv_size": [-0.5, 0.5]},
								"east": {"uv": [75.5, 0], "uv_size": [-0.5, 0.5]},
								"south": {"uv": [74.5, 74], "uv_size": [-0.5, 0.5]},
								"west": {"uv": [74.5, 72], "uv_size": [-0.5, 0.5]},
								"up": {"uv": [4.5, 75], "uv_size": [-0.5, 0.5]},
								"down": {"uv": [75.5, 6.5], "uv_size": [-0.5, -0.5]}
							}
						},
						{
							"origin": [-2.4425, 1.89938, 0.915],
							"size": [0.2725, 0.545, 0.2325],
							"uv": {
								"north": {"uv": [66.5, 74], "uv_size": [-0.5, 0.5]},
								"east": {"uv": [74.5, 68], "uv_size": [-0.5, 0.5]},
								"south": {"uv": [68.5, 74], "uv_size": [-0.5, 0.5]},
								"west": {"uv": [74.5, 66], "uv_size": [-0.5, 0.5]},
								"up": {"uv": [70.5, 74], "uv_size": [-0.5, 0.5]},
								"down": {"uv": [74.5, 70.5], "uv_size": [-0.5, -0.5]}
							}
						},
						{
							"origin": [-1.14812, 2.38794, 0.915],
							"size": [0.20437, 0.38537, 0.2325],
							"pivot": [-0.94375, 2.58063, 0.7625],
							"rotation": [0, 0, -45],
							"uv": {
								"north": {"uv": [60.5, 74], "uv_size": [-0.5, 0.5]},
								"east": {"uv": [74.5, 62], "uv_size": [-0.5, 0.5]},
								"south": {"uv": [62.5, 74], "uv_size": [-0.5, 0.5]},
								"west": {"uv": [74.5, 60], "uv_size": [-0.5, 0.5]},
								"up": {"uv": [64.5, 74], "uv_size": [-0.5, 0.5]},
								"down": {"uv": [74.5, 64.5], "uv_size": [-0.5, -0.5]}
							}
						},
						{
							"origin": [-1.14812, 1.57044, 0.915],
							"size": [0.20437, 0.38537, 0.2325],
							"pivot": [-0.94375, 1.76313, 0.7625],
							"rotation": [0, 0, 45],
							"uv": {
								"north": {"uv": [52.5, 74], "uv_size": [-0.5, 0.5]},
								"east": {"uv": [56.5, 74], "uv_size": [-0.5, 0.5]},
								"south": {"uv": [74.5, 54], "uv_size": [-0.5, 0.5]},
								"west": {"uv": [54.5, 74], "uv_size": [-0.5, 0.5]},
								"up": {"uv": [74.5, 56], "uv_size": [-0.5, 0.5]},
								"down": {"uv": [74.5, 58.5], "uv_size": [-0.5, -0.5]}
							}
						},
						{
							"origin": [-2.30625, 2.38794, 0.915],
							"size": [0.20437, 0.38537, 0.2325],
							"pivot": [-2.30625, 2.58063, 0.7625],
							"rotation": [0, 0, 45],
							"uv": {
								"north": {"uv": [42.5, 74], "uv_size": [-0.5, 0.5]},
								"east": {"uv": [74.5, 48], "uv_size": [-0.5, 0.5]},
								"south": {"uv": [44.5, 74], "uv_size": [-0.5, 0.5]},
								"west": {"uv": [74.5, 42], "uv_size": [-0.5, 0.5]},
								"up": {"uv": [50.5, 74], "uv_size": [-0.5, 0.5]},
								"down": {"uv": [74.5, 50.5], "uv_size": [-0.5, -0.5]}
							}
						},
						{
							"origin": [-2.30625, 1.57044, 0.915],
							"size": [0.20437, 0.38537, 0.2325],
							"pivot": [-2.30625, 1.76313, 0.7625],
							"rotation": [0, 0, -45],
							"uv": {
								"north": {"uv": [32.5, 74], "uv_size": [-0.5, 0.5]},
								"east": {"uv": [74.5, 36], "uv_size": [-0.5, 0.5]},
								"south": {"uv": [36.5, 74], "uv_size": [-0.5, 0.5]},
								"west": {"uv": [74.5, 34], "uv_size": [-0.5, 0.5]},
								"up": {"uv": [74.5, 38], "uv_size": [-0.5, 0.5]},
								"down": {"uv": [74.5, 40.5], "uv_size": [-0.5, -0.5]}
							}
						},
						{
							"origin": [-2.7695, 1.51788, 0.91841],
							"size": [0.3815, 1.308, 0.22569],
							"uv": {
								"north": {"uv": [27.5, 44], "uv_size": [-0.5, 1.5]},
								"east": {"uv": [44.5, 39], "uv_size": [-0.5, 1.5]},
								"south": {"uv": [32.5, 44], "uv_size": [-0.5, 1.5]},
								"west": {"uv": [44.5, 31], "uv_size": [-0.5, 1.5]},
								"up": {"uv": [28.5, 74], "uv_size": [-0.5, 0.5]},
								"down": {"uv": [74.5, 28.5], "uv_size": [-0.5, -0.5]}
							}
						},
						{
							"origin": [-3.0965, 1.84488, 0.91841],
							"size": [0.327, 0.654, 0.22569],
							"uv": {
								"north": {"uv": [10.5, 74], "uv_size": [-0.5, 0.5]},
								"east": {"uv": [20.5, 74], "uv_size": [-0.5, 0.5]},
								"south": {"uv": [74.5, 12], "uv_size": [-0.5, 0.5]},
								"west": {"uv": [12.5, 74], "uv_size": [-0.5, 0.5]},
								"up": {"uv": [22.5, 74], "uv_size": [-0.5, 0.5]},
								"down": {"uv": [74.5, 24.5], "uv_size": [-0.5, -0.5]}
							}
						},
						{
							"origin": [-2.388, 1.84488, 0.91841],
							"size": [0.327, 0.654, 0.22569],
							"uv": {
								"north": {"uv": [2.5, 74], "uv_size": [-0.5, 0.5]},
								"east": {"uv": [6.5, 74], "uv_size": [-0.5, 0.5]},
								"south": {"uv": [74.5, 4], "uv_size": [-0.5, 0.5]},
								"west": {"uv": [74.5, 2], "uv_size": [-0.5, 0.5]},
								"up": {"uv": [8.5, 74], "uv_size": [-0.5, 0.5]},
								"down": {"uv": [74.5, 8.5], "uv_size": [-0.5, -0.5]}
							}
						},
						{
							"origin": [-2.933, 2.43115, 0.91841],
							"size": [0.24525, 0.46245, 0.22569],
							"pivot": [-2.933, 2.66238, 0.7625],
							"rotation": [0, 0, 45],
							"uv": {
								"north": {"uv": [46.5, 73], "uv_size": [-0.5, 0.5]},
								"east": {"uv": [73.5, 52], "uv_size": [-0.5, 0.5]},
								"south": {"uv": [48.5, 73], "uv_size": [-0.5, 0.5]},
								"west": {"uv": [73.5, 46], "uv_size": [-0.5, 0.5]},
								"up": {"uv": [58.5, 73], "uv_size": [-0.5, 0.5]},
								"down": {"uv": [0.5, 74.5], "uv_size": [-0.5, -0.5]}
							}
						},
						{
							"origin": [-2.933, 1.45015, 0.91841],
							"size": [0.24525, 0.46245, 0.22569],
							"pivot": [-2.933, 1.68138, 0.7625],
							"rotation": [0, 0, -45],
							"uv": {
								"north": {"uv": [73.5, 30], "uv_size": [-0.5, 0.5]},
								"east": {"uv": [38.5, 73], "uv_size": [-0.5, 0.5]},
								"south": {"uv": [34.5, 73], "uv_size": [-0.5, 0.5]},
								"west": {"uv": [73.5, 32], "uv_size": [-0.5, 0.5]},
								"up": {"uv": [40.5, 73], "uv_size": [-0.5, 0.5]},
								"down": {"uv": [73.5, 44.5], "uv_size": [-0.5, -0.5]}
							}
						},
						{
							"origin": [-3.0965, 1.84488, -1.95659],
							"size": [0.327, 0.654, 0.22569],
							"uv": {
								"north": {"uv": [84.5, 62], "uv_size": [-0.5, 0.5]},
								"east": {"uv": [66.5, 84], "uv_size": [-0.5, 0.5]},
								"south": {"uv": [84.5, 64], "uv_size": [-0.5, 0.5]},
								"west": {"uv": [64.5, 84], "uv_size": [-0.5, 0.5]},
								"up": {"uv": [84.5, 66], "uv_size": [-0.5, 0.5]},
								"down": {"uv": [68.5, 84.5], "uv_size": [-0.5, -0.5]}
							}
						},
						{
							"origin": [-2.933, 1.45015, -1.95659],
							"size": [0.24525, 0.46245, 0.22569],
							"pivot": [-2.933, 1.68138, -2.1125],
							"rotation": [0, 0, -45],
							"uv": {
								"north": {"uv": [56.5, 84], "uv_size": [-0.5, 0.5]},
								"east": {"uv": [60.5, 84], "uv_size": [-0.5, 0.5]},
								"south": {"uv": [84.5, 58], "uv_size": [-0.5, 0.5]},
								"west": {"uv": [84.5, 56], "uv_size": [-0.5, 0.5]},
								"up": {"uv": [84.5, 60], "uv_size": [-0.5, 0.5]},
								"down": {"uv": [62.5, 84.5], "uv_size": [-0.5, -0.5]}
							}
						},
						{
							"origin": [-2.933, 2.43115, -1.95659],
							"size": [0.24525, 0.46245, 0.22569],
							"pivot": [-2.933, 2.66238, -2.1125],
							"rotation": [0, 0, 45],
							"uv": {
								"north": {"uv": [84.5, 48], "uv_size": [-0.5, 0.5]},
								"east": {"uv": [52.5, 84], "uv_size": [-0.5, 0.5]},
								"south": {"uv": [84.5, 50], "uv_size": [-0.5, 0.5]},
								"west": {"uv": [50.5, 84], "uv_size": [-0.5, 0.5]},
								"up": {"uv": [54.5, 84], "uv_size": [-0.5, 0.5]},
								"down": {"uv": [84.5, 54.5], "uv_size": [-0.5, -0.5]}
							}
						},
						{
							"origin": [-2.7695, 1.51788, -1.95659],
							"size": [0.3815, 1.308, 0.22569],
							"uv": {
								"north": {"uv": [45.5, 18], "uv_size": [-0.5, 1.5]},
								"east": {"uv": [29.5, 45], "uv_size": [-0.5, 1.5]},
								"south": {"uv": [45.5, 28], "uv_size": [-0.5, 1.5]},
								"west": {"uv": [22.5, 45], "uv_size": [-0.5, 1.5]},
								"up": {"uv": [84.5, 42], "uv_size": [-0.5, 0.5]},
								"down": {"uv": [44.5, 84.5], "uv_size": [-0.5, -0.5]}
							}
						},
						{
							"origin": [-0.56225, 1.45015, 0.91841],
							"size": [0.24525, 0.46245, 0.22569],
							"pivot": [-0.317, 1.68138, 0.7625],
							"rotation": [0, 0, 45],
							"uv": {
								"north": {"uv": [73.5, 20], "uv_size": [-0.5, 0.5]},
								"east": {"uv": [26.5, 73], "uv_size": [-0.5, 0.5]},
								"south": {"uv": [24.5, 73], "uv_size": [-0.5, 0.5]},
								"west": {"uv": [73.5, 22], "uv_size": [-0.5, 0.5]},
								"up": {"uv": [73.5, 26], "uv_size": [-0.5, 0.5]},
								"down": {"uv": [30.5, 73.5], "uv_size": [-0.5, -0.5]}
							}
						},
						{
							"origin": [-0.56225, 2.43115, 0.91841],
							"size": [0.24525, 0.46245, 0.22569],
							"pivot": [-0.317, 2.66238, 0.7625],
							"rotation": [0, 0, -45],
							"uv": {
								"north": {"uv": [14.5, 73], "uv_size": [-0.5, 0.5]},
								"east": {"uv": [73.5, 16], "uv_size": [-0.5, 0.5]},
								"south": {"uv": [16.5, 73], "uv_size": [-0.5, 0.5]},
								"west": {"uv": [73.5, 14], "uv_size": [-0.5, 0.5]},
								"up": {"uv": [18.5, 73], "uv_size": [-0.5, 0.5]},
								"down": {"uv": [73.5, 18.5], "uv_size": [-0.5, -0.5]}
							}
						},
						{
							"origin": [-0.862, 1.51788, 0.91841],
							"size": [0.3815, 1.308, 0.22569],
							"uv": {
								"north": {"uv": [14.5, 44], "uv_size": [-0.5, 1.5]},
								"east": {"uv": [25.5, 44], "uv_size": [-0.5, 1.5]},
								"south": {"uv": [18.5, 44], "uv_size": [-0.5, 1.5]},
								"west": {"uv": [16.5, 44], "uv_size": [-0.5, 1.5]},
								"up": {"uv": [73.5, 6], "uv_size": [-0.5, 0.5]},
								"down": {"uv": [73.5, 10.5], "uv_size": [-0.5, -0.5]}
							}
						},
						{
							"origin": [-0.4805, 1.84488, 0.91841],
							"size": [0.327, 0.654, 0.22569],
							"uv": {
								"north": {"uv": [72.5, 68], "uv_size": [-0.5, 0.5]},
								"east": {"uv": [72.5, 72], "uv_size": [-0.5, 0.5]},
								"south": {"uv": [72.5, 70], "uv_size": [-0.5, 0.5]},
								"west": {"uv": [70.5, 72], "uv_size": [-0.5, 0.5]},
								"up": {"uv": [73.5, 0], "uv_size": [-0.5, 0.5]},
								"down": {"uv": [4.5, 73.5], "uv_size": [-0.5, -0.5]}
							}
						},
						{
							"origin": [-0.56225, 2.43115, -1.89409],
							"size": [0.24525, 0.46245, 0.22569],
							"pivot": [-0.317, 2.66238, -2.05],
							"rotation": [0, 0, -45],
							"uv": {
								"north": {"uv": [84.5, 34], "uv_size": [-0.5, 0.5]},
								"east": {"uv": [84.5, 38], "uv_size": [-0.5, 0.5]},
								"south": {"uv": [84.5, 36], "uv_size": [-0.5, 0.5]},
								"west": {"uv": [36.5, 84], "uv_size": [-0.5, 0.5]},
								"up": {"uv": [84.5, 40], "uv_size": [-0.5, 0.5]},
								"down": {"uv": [42.5, 84.5], "uv_size": [-0.5, -0.5]}
							}
						},
						{
							"origin": [-0.862, 1.51788, -1.89409],
							"size": [0.3815, 1.308, 0.22569],
							"uv": {
								"north": {"uv": [8.5, 45], "uv_size": [-0.5, 1.5]},
								"east": {"uv": [12.5, 45], "uv_size": [-0.5, 1.5]},
								"south": {"uv": [45.5, 11], "uv_size": [-0.5, 1.5]},
								"west": {"uv": [10.5, 45], "uv_size": [-0.5, 1.5]},
								"up": {"uv": [84.5, 28], "uv_size": [-0.5, 0.5]},
								"down": {"uv": [32.5, 84.5], "uv_size": [-0.5, -0.5]}
							}
						},
						{
							"origin": [-0.4805, 1.84488, -1.89409],
							"size": [0.327, 0.654, 0.22569],
							"uv": {
								"north": {"uv": [12.5, 84], "uv_size": [-0.5, 0.5]},
								"east": {"uv": [22.5, 84], "uv_size": [-0.5, 0.5]},
								"south": {"uv": [20.5, 84], "uv_size": [-0.5, 0.5]},
								"west": {"uv": [84.5, 12], "uv_size": [-0.5, 0.5]},
								"up": {"uv": [84.5, 24], "uv_size": [-0.5, 0.5]},
								"down": {"uv": [28.5, 84.5], "uv_size": [-0.5, -0.5]}
							}
						},
						{
							"origin": [-0.56225, 1.45015, -1.89409],
							"size": [0.24525, 0.46245, 0.22569],
							"pivot": [-0.317, 1.68138, -2.05],
							"rotation": [0, 0, 45],
							"uv": {
								"north": {"uv": [84.5, 2], "uv_size": [-0.5, 0.5]},
								"east": {"uv": [8.5, 84], "uv_size": [-0.5, 0.5]},
								"south": {"uv": [6.5, 84], "uv_size": [-0.5, 0.5]},
								"west": {"uv": [84.5, 4], "uv_size": [-0.5, 0.5]},
								"up": {"uv": [84.5, 8], "uv_size": [-0.5, 0.5]},
								"down": {"uv": [10.5, 84.5], "uv_size": [-0.5, -0.5]}
							}
						}
					]
				},
				{
					"name": "416d_tac_grip2",
					"parent": "leishe",
					"pivot": [-1.625, 2.53125, 0.87499],
					"cubes": [
						{
							"origin": [-0.77426, 2.0546, -1.68748],
							"size": [0.26517, 0.15625, 2.5],
							"pivot": [-1.625, 2.53125, 0.87499],
							"rotation": [0, 0, 45],
							"uv": {
								"north": {"uv": [84.5, 74], "uv_size": [-0.5, 0.5]},
								"south": {"uv": [76.5, 84], "uv_size": [-0.5, 0.5]},
								"up": {"uv": [36.5, 0], "uv_size": [-0.5, 2.5]}
							}
						},
						{
							"origin": [-2.1875, 1.26563, -1.68748],
							"size": [1.125, 0.25, 2.5],
							"uv": {
								"north": {"uv": [61, 48], "uv_size": [-1, 0.5]},
								"east": {"uv": [38.5, 4], "uv_size": [-2.5, 0.5]},
								"south": {"uv": [51, 60], "uv_size": [-1, 0.5]},
								"west": {"uv": [37.5, 25], "uv_size": [-2.5, 0.5]},
								"down": {"uv": [15, 4.5], "uv_size": [-1, -2.5]}
							}
						},
						{
							"origin": [-2, 1.51563, -1.68748],
							"size": [0.75, 0.1875, 2.5],
							"uv": {
								"north": {"uv": [61, 50], "uv_size": [-1, 0.5]},
								"south": {"uv": [53, 60], "uv_size": [-1, 0.5]}
							}
						},
						{
							"origin": [-2.74091, 2.0546, -1.68748],
							"size": [0.26517, 0.15625, 2.5],
							"pivot": [-1.625, 2.53125, 0.87499],
							"rotation": [0, 0, -45],
							"uv": {
								"north": {"uv": [84.5, 76], "uv_size": [-0.5, 0.5]},
								"south": {"uv": [78.5, 84], "uv_size": [-0.5, 0.5]},
								"up": {"uv": [24.5, 36], "uv_size": [-0.5, 2.5]}
							}
						}
					]
				}
			]
		}
	]
}