{
	"format_version": "1.12.0",
	"minecraft:geometry": [
		{
			"description": {
				"identifier": "geometry.unknown",
				"texture_width": 128,
				"texture_height": 128,
				"visible_bounds_width": 2,
				"visible_bounds_height": 1.5,
				"visible_bounds_offset": [0, 0.25, 0]
			},
			"bones": [
				{
					"name": "bone3",
					"pivot": [0, 0, 0]
				},
				{
					"name": "group3",
					"parent": "bone3",
					"pivot": [-1, 0.66235, 0.97236],
					"rotation": [0, 0, 90],
					"cubes": [
						{
							"origin": [-2.125, 0.42187, -0.92187],
							"size": [0.75, 0.5, 3.5],
							"uv": {
								"north": {"uv": [45, 7], "uv_size": [1, 0.5]},
								"east": {"uv": [21, 4], "uv_size": [3.5, 0.5]},
								"south": {"uv": [45, 24], "uv_size": [1, 0.5]},
								"west": {"uv": [21, 12], "uv_size": [3.5, 0.5]},
								"up": {"uv": [6, 0], "uv_size": [1, 3.5]},
								"down": {"uv": [6, 8.5], "uv_size": [1, -3.5]}
							}
						},
						{
							"origin": [-1.71785, -0.08249, -0.92187],
							"size": [0.177, 0.177, 1],
							"pivot": [-1.375, 0.81232, -3.54687],
							"rotation": [0, 0, 45],
							"uv": {
								"north": {"uv": [54, 60], "uv_size": [0.5, 0.5]},
								"east": {"uv": [45, 34], "uv_size": [1, 0.5]},
								"south": {"uv": [60, 54], "uv_size": [0.5, 0.5]},
								"down": {"uv": [45, 37], "uv_size": [0.5, -1]}
							}
						},
						{
							"origin": [-1.51981, 0.97817, -0.92187],
							"size": [0.177, 0.177, 1],
							"pivot": [-0.625, 0.81232, -3.54687],
							"rotation": [0, 0, -45],
							"uv": {
								"north": {"uv": [56, 60], "uv_size": [0.5, 0.5]},
								"south": {"uv": [60, 56], "uv_size": [0.5, 0.5]},
								"west": {"uv": [37, 45], "uv_size": [1, 0.5]},
								"down": {"uv": [42, 46], "uv_size": [0.5, -1]}
							}
						},
						{
							"origin": [-2.125, 0.29687, -0.92187],
							"size": [0.75, 0.125, 1],
							"uv": {
								"north": {"uv": [44, 45], "uv_size": [1, 0.5]},
								"south": {"uv": [0, 46], "uv_size": [1, 0.5]},
								"down": {"uv": [36, 11], "uv_size": [1, -1]}
							}
						},
						{
							"origin": [-1.71785, -0.08249, 0.82813],
							"size": [0.177, 0.177, 1.25],
							"pivot": [-1.375, 0.81232, -1.29687],
							"rotation": [0, 0, 45],
							"uv": {
								"north": {"uv": [60, 58], "uv_size": [0.5, 0.5]},
								"east": {"uv": [40, 37], "uv_size": [1.5, 0.5]},
								"south": {"uv": [60, 60], "uv_size": [0.5, 0.5]},
								"down": {"uv": [4, 42.5], "uv_size": [0.5, -1.5]}
							}
						},
						{
							"origin": [-1.51981, 0.97817, 0.82813],
							"size": [0.177, 0.177, 1.25],
							"pivot": [-0.625, 0.81232, -1.29687],
							"rotation": [0, 0, -45],
							"uv": {
								"north": {"uv": [61, 0], "uv_size": [0.5, 0.5]},
								"south": {"uv": [4, 61], "uv_size": [0.5, 0.5]},
								"west": {"uv": [6, 41], "uv_size": [1.5, 0.5]},
								"down": {"uv": [41, 11.5], "uv_size": [0.5, -1.5]}
							}
						},
						{
							"origin": [-2.125, 0.29687, 0.32813],
							"size": [0.75, 0.125, 0.25],
							"uv": {
								"north": {"uv": [46, 2], "uv_size": [1, 0.5]},
								"south": {"uv": [46, 4], "uv_size": [1, 0.5]},
								"down": {"uv": [6, 46.5], "uv_size": [1, -0.5]}
							}
						},
						{
							"origin": [-1.51981, 0.97817, 0.32813],
							"size": [0.177, 0.177, 0.25],
							"pivot": [-0.625, 0.81232, -2.79687],
							"rotation": [0, 0, -45],
							"uv": {
								"north": {"uv": [61, 6], "uv_size": [0.5, 0.5]},
								"south": {"uv": [61, 10], "uv_size": [0.5, 0.5]},
								"west": {"uv": [14, 61], "uv_size": [0.5, 0.5]},
								"down": {"uv": [61, 14.5], "uv_size": [0.5, -0.5]}
							}
						},
						{
							"origin": [-1.71785, -0.08249, 0.32813],
							"size": [0.177, 0.177, 0.25],
							"pivot": [-1.375, 0.81232, -2.79687],
							"rotation": [0, 0, 45],
							"uv": {
								"north": {"uv": [16, 61], "uv_size": [0.5, 0.5]},
								"east": {"uv": [61, 16], "uv_size": [0.5, 0.5]},
								"south": {"uv": [18, 61], "uv_size": [0.5, 0.5]},
								"down": {"uv": [61, 18.5], "uv_size": [0.5, -0.5]}
							}
						},
						{
							"origin": [-2.125, 0.29687, 0.82813],
							"size": [0.75, 0.125, 1.25],
							"uv": {
								"north": {"uv": [46, 9], "uv_size": [1, 0.5]},
								"south": {"uv": [46, 14], "uv_size": [1, 0.5]},
								"down": {"uv": [10, 25.5], "uv_size": [1, -1.5]}
							}
						},
						{
							"origin": [-1.71785, -0.08249, 2.32813],
							"size": [0.177, 0.177, 0.25],
							"pivot": [-1.375, 0.81232, -0.79687],
							"rotation": [0, 0, 45],
							"uv": {
								"north": {"uv": [61, 20], "uv_size": [0.5, 0.5]},
								"east": {"uv": [61, 22], "uv_size": [0.5, 0.5]},
								"south": {"uv": [24, 61], "uv_size": [0.5, 0.5]},
								"down": {"uv": [26, 61.5], "uv_size": [0.5, -0.5]}
							}
						},
						{
							"origin": [-1.51981, 0.97817, 2.32813],
							"size": [0.177, 0.177, 0.25],
							"pivot": [-0.625, 0.81232, -0.79687],
							"rotation": [0, 0, -45],
							"uv": {
								"north": {"uv": [61, 26], "uv_size": [0.5, 0.5]},
								"south": {"uv": [30, 61], "uv_size": [0.5, 0.5]},
								"west": {"uv": [61, 30], "uv_size": [0.5, 0.5]},
								"down": {"uv": [61, 32.5], "uv_size": [0.5, -0.5]}
							}
						},
						{
							"origin": [-2.125, 0.29687, 2.32813],
							"size": [0.75, 0.125, 0.25],
							"uv": {
								"north": {"uv": [20, 46], "uv_size": [1, 0.5]},
								"south": {"uv": [46, 26], "uv_size": [1, 0.5]},
								"down": {"uv": [46, 31.5], "uv_size": [1, -0.5]}
							}
						}
					]
				},
				{
					"name": "group2",
					"parent": "bone3",
					"pivot": [1, 0.66235, 0.97236],
					"rotation": [0, 0, -90]
				},
				{
					"name": "416d_tac_grip4",
					"parent": "bone3",
					"pivot": [-0.36601, -0.32638, 0.75002],
					"cubes": [
						{
							"origin": [-0.375, -1.375, 0.31252],
							"size": [0.75, 0.875, 1.375],
							"uv": {
								"north": {"uv": [36, 16], "uv_size": [1, 1]},
								"east": {"uv": [25, 10], "uv_size": [1.5, 1]},
								"south": {"uv": [36, 22], "uv_size": [1, 1]},
								"west": {"uv": [25, 17], "uv_size": [1.5, 1]}
							}
						},
						{
							"origin": [-0.375, -0.78337, 0.56628],
							"size": [0.75, 0.5, 0.1875],
							"pivot": [0, -1.35937, 0.99999],
							"rotation": [22.5, 0, 0],
							"uv": {
								"north": {"uv": [46, 42], "uv_size": [1, 0.5]},
								"east": {"uv": [46, 61], "uv_size": [0.5, 0.5]},
								"west": {"uv": [61, 46], "uv_size": [0.5, 0.5]}
							}
						},
						{
							"origin": [-0.375, -0.65835, 1.24626],
							"size": [0.75, 0.375, 0.1875],
							"pivot": [0, -1.35937, 0.99999],
							"rotation": [-22.5, 0, 0],
							"uv": {
								"east": {"uv": [48, 61], "uv_size": [0.5, 0.5]},
								"south": {"uv": [46, 44], "uv_size": [1, 0.5]},
								"west": {"uv": [61, 52], "uv_size": [0.5, 0.5]}
							}
						},
						{
							"origin": [-0.5, -4.875, 0.31252],
							"size": [1, 3.5, 1.375],
							"uv": {
								"north": {"uv": [8, 0], "uv_size": [1, 3.5]},
								"east": {"uv": [0, 0], "uv_size": [1.5, 3.5]},
								"west": {"uv": [3, 0], "uv_size": [1.5, 3.5]},
								"down": {"uv": [25, 20.5], "uv_size": [1, -1.5]}
							}
						},
						{
							"origin": [-0.83971, -4.875, 1.1326],
							"size": [0.125, 3.5, 0.1767],
							"pivot": [0, -1.35937, 0.99999],
							"rotation": [0, 45, 0],
							"uv": {
								"east": {"uv": [19, 21], "uv_size": [0.5, 3.5]},
								"south": {"uv": [21, 21], "uv_size": [0.5, 3.5]},
								"up": {"uv": [58, 61], "uv_size": [0.5, 0.5]},
								"down": {"uv": [0, 62.5], "uv_size": [0.5, -0.5]}
							}
						},
						{
							"origin": [0.71471, -4.875, 1.1326],
							"size": [0.125, 3.5, 0.1767],
							"pivot": [0, -1.35937, 0.99999],
							"rotation": [0, -45, 0],
							"uv": {
								"south": {"uv": [13, 22], "uv_size": [0.5, 3.5]},
								"west": {"uv": [15, 22], "uv_size": [0.5, 3.5]},
								"up": {"uv": [2, 62], "uv_size": [0.5, 0.5]},
								"down": {"uv": [62, 2.5], "uv_size": [0.5, -0.5]}
							}
						},
						{
							"origin": [-0.83967, -4.875, 0.69066],
							"size": [0.125, 3.5, 0.1767],
							"pivot": [0, -1.35937, 0.99999],
							"rotation": [0, -45, 0],
							"uv": {
								"east": {"uv": [23, 14], "uv_size": [0.5, 3.5]},
								"south": {"uv": [23, 19], "uv_size": [0.5, 3.5]},
								"up": {"uv": [62, 4], "uv_size": [0.5, 0.5]},
								"down": {"uv": [6, 62.5], "uv_size": [0.5, -0.5]}
							}
						},
						{
							"origin": [0.71467, -4.875, 0.69066],
							"size": [0.125, 3.5, 0.1767],
							"pivot": [0, -1.35937, 0.99999],
							"rotation": [0, 45, 0],
							"uv": {
								"south": {"uv": [0, 24], "uv_size": [0.5, 3.5]},
								"west": {"uv": [2, 24], "uv_size": [0.5, 3.5]},
								"up": {"uv": [8, 62], "uv_size": [0.5, 0.5]},
								"down": {"uv": [62, 8.5], "uv_size": [0.5, -0.5]}
							}
						},
						{
							"origin": [-0.45596, -1.56515, 0.31252],
							"size": [0.1875, 0.3125, 1.375],
							"pivot": [0, -1.35937, 0.99999],
							"rotation": [0, 0, 22.5],
							"uv": {
								"north": {"uv": [10, 62], "uv_size": [0.5, 0.5]},
								"east": {"uv": [41, 22], "uv_size": [1.5, 0.5]},
								"south": {"uv": [12, 62], "uv_size": [0.5, 0.5]},
								"up": {"uv": [41, 26], "uv_size": [0.5, 1.5]}
							}
						},
						{
							"origin": [0.26846, -1.56515, 0.31252],
							"size": [0.1875, 0.3125, 1.375],
							"pivot": [0, -1.35937, 0.99999],
							"rotation": [0, 0, -22.5],
							"uv": {
								"north": {"uv": [62, 12], "uv_size": [0.5, 0.5]},
								"south": {"uv": [20, 62], "uv_size": [0.5, 0.5]},
								"west": {"uv": [36, 41], "uv_size": [1.5, 0.5]},
								"up": {"uv": [28, 41], "uv_size": [0.5, 1.5]}
							}
						},
						{
							"origin": [-0.375, -4.875, 0.18752],
							"size": [0.75, 3.5, 1.625],
							"uv": {
								"north": {"uv": [8, 5], "uv_size": [1, 3.5]},
								"east": {"uv": [0, 5], "uv_size": [1.5, 3.5]},
								"south": {"uv": [0, 10], "uv_size": [1, 3.5]},
								"west": {"uv": [3, 5], "uv_size": [1.5, 3.5]},
								"down": {"uv": [26, 3.5], "uv_size": [1, -1.5]}
							}
						},
						{
							"origin": [-0.375, -1.68473, 0.25534],
							"size": [0.75, 0.4375, 0.125],
							"inflate": -0.001,
							"pivot": [0, -1.35937, 0.99999],
							"rotation": [-22.5, 0, 0],
							"uv": {
								"north": {"uv": [46, 46], "uv_size": [1, 0.5]},
								"east": {"uv": [22, 62], "uv_size": [0.5, 0.5]},
								"west": {"uv": [62, 24], "uv_size": [0.5, 0.5]}
							}
						},
						{
							"origin": [-0.375, -1.68475, 1.61969],
							"size": [0.75, 0.4375, 0.125],
							"inflate": -0.001,
							"pivot": [0, -1.35937, 0.99999],
							"rotation": [22.5, 0, 0],
							"uv": {
								"east": {"uv": [28, 62], "uv_size": [0.5, 0.5]},
								"south": {"uv": [47, 0], "uv_size": [1, 0.5]},
								"west": {"uv": [62, 28], "uv_size": [0.5, 0.5]}
							}
						}
					]
				},
				{
					"name": "416d_tac_grip5",
					"parent": "416d_tac_grip4",
					"pivot": [0, -1.35937, 0.99999],
					"cubes": [
						{
							"origin": [-1.11591, -1.03897, 0.18752],
							"size": [0.26517, 0.15625, 1.625],
							"pivot": [0, -1.35937, 0.99999],
							"rotation": [0, 0, 45],
							"uv": {
								"north": {"uv": [34, 61], "uv_size": [0.5, 0.5]},
								"south": {"uv": [38, 61], "uv_size": [0.5, 0.5]},
								"down": {"uv": [41, 14.5], "uv_size": [0.5, -1.5]}
							}
						},
						{
							"origin": [-0.5625, -0.34375, 0.18752],
							"size": [1.125, 0.25, 1.625],
							"uv": {
								"north": {"uv": [34, 46], "uv_size": [1, 0.5]},
								"east": {"uv": [41, 16], "uv_size": [1.5, 0.5]},
								"south": {"uv": [46, 38], "uv_size": [1, 0.5]},
								"west": {"uv": [20, 41], "uv_size": [1.5, 0.5]},
								"up": {"uv": [25, 14], "uv_size": [1, 1.5]}
							}
						},
						{
							"origin": [-0.375, -0.53125, 0.18752],
							"size": [0.75, 0.1875, 1.625],
							"uv": {
								"north": {"uv": [39, 46], "uv_size": [1, 0.5]},
								"south": {"uv": [46, 40], "uv_size": [1, 0.5]}
							}
						},
						{
							"origin": [0.85074, -1.03897, 0.18752],
							"size": [0.26517, 0.15625, 1.625],
							"pivot": [0, -1.35937, 0.99999],
							"rotation": [0, 0, -45],
							"uv": {
								"north": {"uv": [40, 61], "uv_size": [0.5, 0.5]},
								"south": {"uv": [61, 44], "uv_size": [0.5, 0.5]},
								"down": {"uv": [26, 42.5], "uv_size": [0.5, -1.5]}
							}
						}
					]
				},
				{
					"name": "group4",
					"parent": "bone3",
					"pivot": [0, -0.21265, 0.97236],
					"cubes": [
						{
							"origin": [-0.375, -0.20313, -0.92187],
							"size": [0.75, 0.25, 3.5],
							"uv": {
								"north": {"uv": [4, 47], "uv_size": [1, 0.5]},
								"east": {"uv": [23, 0], "uv_size": [3.5, 0.5]},
								"south": {"uv": [47, 6], "uv_size": [1, 0.5]},
								"west": {"uv": [24, 6], "uv_size": [3.5, 0.5]},
								"up": {"uv": [10, 0], "uv_size": [1, 3.5]},
								"down": {"uv": [2, 13.5], "uv_size": [1, -3.5]}
							}
						},
						{
							"origin": [-0.3643, -0.25038, -0.92187],
							"size": [0.177, 0.177, 1],
							"pivot": [-0.375, -0.06268, -3.54687],
							"rotation": [0, 0, 45],
							"uv": {
								"north": {"uv": [32, 62], "uv_size": [0.5, 0.5]},
								"east": {"uv": [47, 11], "uv_size": [1, 0.5]},
								"south": {"uv": [62, 34], "uv_size": [0.5, 0.5]},
								"down": {"uv": [14, 48], "uv_size": [0.5, -1]}
							}
						},
						{
							"origin": [0.1873, -0.25038, -0.92187],
							"size": [0.177, 0.177, 1],
							"pivot": [0.375, -0.06268, -3.54687],
							"rotation": [0, 0, -45],
							"uv": {
								"north": {"uv": [36, 62], "uv_size": [0.5, 0.5]},
								"south": {"uv": [62, 36], "uv_size": [0.5, 0.5]},
								"west": {"uv": [16, 47], "uv_size": [1, 0.5]},
								"down": {"uv": [47, 17], "uv_size": [0.5, -1]}
							}
						},
						{
							"origin": [-0.375, -0.32813, -0.92187],
							"size": [0.75, 0.125, 1],
							"uv": {
								"north": {"uv": [18, 47], "uv_size": [1, 0.5]},
								"south": {"uv": [47, 18], "uv_size": [1, 0.5]},
								"down": {"uv": [26, 37], "uv_size": [1, -1]}
							}
						},
						{
							"origin": [-0.3643, -0.25038, 0.82813],
							"size": [0.177, 0.177, 1.25],
							"pivot": [-0.375, -0.06268, -1.29687],
							"rotation": [0, 0, 45],
							"uv": {
								"north": {"uv": [62, 38], "uv_size": [0.5, 0.5]},
								"east": {"uv": [39, 41], "uv_size": [1.5, 0.5]},
								"south": {"uv": [62, 40], "uv_size": [0.5, 0.5]},
								"down": {"uv": [42, 1.5], "uv_size": [0.5, -1.5]}
							}
						},
						{
							"origin": [0.1873, -0.25038, 0.82813],
							"size": [0.177, 0.177, 1.25],
							"pivot": [0.375, -0.06268, -1.29687],
							"rotation": [0, 0, -45],
							"uv": {
								"north": {"uv": [42, 62], "uv_size": [0.5, 0.5]},
								"south": {"uv": [62, 42], "uv_size": [0.5, 0.5]},
								"west": {"uv": [42, 7], "uv_size": [1.5, 0.5]},
								"down": {"uv": [2, 43.5], "uv_size": [0.5, -1.5]}
							}
						},
						{
							"origin": [-0.375, -0.32813, 0.32813],
							"size": [0.75, 0.125, 0.25],
							"uv": {
								"north": {"uv": [47, 20], "uv_size": [1, 0.5]},
								"south": {"uv": [47, 22], "uv_size": [1, 0.5]},
								"down": {"uv": [24, 47.5], "uv_size": [1, -0.5]}
							}
						},
						{
							"origin": [0.1873, -0.25038, 0.32813],
							"size": [0.177, 0.177, 0.25],
							"pivot": [0.375, -0.06268, -2.79687],
							"rotation": [0, 0, -45],
							"uv": {
								"north": {"uv": [44, 62], "uv_size": [0.5, 0.5]},
								"south": {"uv": [62, 48], "uv_size": [0.5, 0.5]},
								"west": {"uv": [50, 62], "uv_size": [0.5, 0.5]},
								"down": {"uv": [62, 50.5], "uv_size": [0.5, -0.5]}
							}
						},
						{
							"origin": [-0.3643, -0.25038, 0.32813],
							"size": [0.177, 0.177, 0.25],
							"pivot": [-0.375, -0.06268, -2.79687],
							"rotation": [0, 0, 45],
							"uv": {
								"north": {"uv": [52, 62], "uv_size": [0.5, 0.5]},
								"east": {"uv": [54, 62], "uv_size": [0.5, 0.5]},
								"south": {"uv": [62, 54], "uv_size": [0.5, 0.5]},
								"down": {"uv": [56, 62.5], "uv_size": [0.5, -0.5]}
							}
						},
						{
							"origin": [-0.375, -0.32813, 0.82813],
							"size": [0.75, 0.125, 1.25],
							"uv": {
								"north": {"uv": [47, 24], "uv_size": [1, 0.5]},
								"south": {"uv": [26, 47], "uv_size": [1, 0.5]},
								"down": {"uv": [4, 27.5], "uv_size": [1, -1.5]}
							}
						},
						{
							"origin": [-0.3643, -0.25038, 2.32813],
							"size": [0.177, 0.177, 0.25],
							"pivot": [-0.375, -0.06268, -0.79687],
							"rotation": [0, 0, 45],
							"uv": {
								"north": {"uv": [62, 56], "uv_size": [0.5, 0.5]},
								"east": {"uv": [62, 58], "uv_size": [0.5, 0.5]},
								"south": {"uv": [60, 62], "uv_size": [0.5, 0.5]},
								"down": {"uv": [62, 60.5], "uv_size": [0.5, -0.5]}
							}
						},
						{
							"origin": [0.1873, -0.25038, 2.32813],
							"size": [0.177, 0.177, 0.25],
							"pivot": [0.375, -0.06268, -0.79687],
							"rotation": [0, 0, -45],
							"uv": {
								"north": {"uv": [62, 62], "uv_size": [0.5, 0.5]},
								"south": {"uv": [63, 0], "uv_size": [0.5, 0.5]},
								"west": {"uv": [4, 63], "uv_size": [0.5, 0.5]},
								"down": {"uv": [63, 6.5], "uv_size": [0.5, -0.5]}
							}
						},
						{
							"origin": [-0.375, -0.32813, 2.32813],
							"size": [0.75, 0.125, 0.25],
							"uv": {
								"north": {"uv": [47, 28], "uv_size": [1, 0.5]},
								"south": {"uv": [31, 47], "uv_size": [1, 0.5]},
								"down": {"uv": [47, 33.5], "uv_size": [1, -0.5]}
							}
						}
					]
				},
				{
					"name": "416d_tac_grip6",
					"parent": "bone3",
					"pivot": [-1.25, 0.64481, 1.00002],
					"rotation": [0, 0, 90],
					"cubes": [
						{
							"origin": [-2.71946, -0.74608, 0.18752],
							"size": [0.26517, 0.15625, 1.625],
							"pivot": [-1.25, -0.35937, 0.99999],
							"rotation": [0, 0, 45],
							"uv": {
								"north": {"uv": [63, 10], "uv_size": [0.5, 0.5]},
								"south": {"uv": [14, 63], "uv_size": [0.5, 0.5]},
								"down": {"uv": [9, 43.5], "uv_size": [0.5, -1.5]}
							}
						},
						{
							"origin": [-2.5625, 0.40625, 0.18752],
							"size": [1.125, 0.25, 1.625],
							"uv": {
								"north": {"uv": [47, 35], "uv_size": [1, 0.5]},
								"east": {"uv": [14, 42], "uv_size": [1.5, 0.5]},
								"south": {"uv": [36, 47], "uv_size": [1, 0.5]},
								"west": {"uv": [17, 42], "uv_size": [1.5, 0.5]},
								"up": {"uv": [6, 26], "uv_size": [1, 1.5]}
							}
						},
						{
							"origin": [-2.375, 0.21875, 0.18752],
							"size": [0.75, 0.1875, 1.625],
							"uv": {
								"north": {"uv": [41, 47], "uv_size": [1, 0.5]},
								"east": {"uv": [42, 18], "uv_size": [1.5, 0.5]},
								"south": {"uv": [43, 47], "uv_size": [1, 0.5]},
								"west": {"uv": [42, 20], "uv_size": [1.5, 0.5]},
								"up": {"uv": [8, 26], "uv_size": [1, 1.5]},
								"down": {"uv": [17, 27.5], "uv_size": [1, -1.5]}
							}
						},
						{
							"origin": [-1.10637, 0.31458, 0.18752],
							"size": [0.26517, 0.15625, 1.625],
							"pivot": [-1.25, -0.35937, 0.99999],
							"rotation": [0, 0, -45],
							"uv": {
								"north": {"uv": [63, 14], "uv_size": [0.5, 0.5]},
								"south": {"uv": [16, 63], "uv_size": [0.5, 0.5]},
								"down": {"uv": [23, 43.5], "uv_size": [0.5, -1.5]}
							}
						}
					]
				},
				{
					"name": "octagon9",
					"parent": "bone3",
					"pivot": [-2.1875, 1.1875, 1.18025]
				},
				{
					"name": "octagon10",
					"parent": "octagon9",
					"pivot": [-2.1875, 1.1875, 1.18025],
					"cubes": [
						{
							"origin": [-2.40245, 0.91857, -1.03322],
							"size": [0.42989, 0.41514, 3.95257],
							"pivot": [-2.1875, 1.4375, 1.18025],
							"rotation": [0, 0, 45],
							"uv": {
								"north": {"uv": [63, 16], "uv_size": [0.5, 0.5]},
								"east": {"uv": [6, 14], "uv_size": [4, 0.5]},
								"south": {"uv": [18, 63], "uv_size": [0.5, 0.5]},
								"west": {"uv": [14, 6], "uv_size": [4, 0.5]},
								"up": {"uv": [14, 10], "uv_size": [0.5, 4]},
								"down": {"uv": [11, 18], "uv_size": [0.5, -4]}
							}
						},
						{
							"origin": [-2.40245, 0.91857, -1.03322],
							"size": [0.42989, 0.41514, 3.95257],
							"uv": {
								"north": {"uv": [63, 18], "uv_size": [0.5, 0.5]},
								"east": {"uv": [0, 15], "uv_size": [4, 0.5]},
								"south": {"uv": [63, 20], "uv_size": [0.5, 0.5]},
								"west": {"uv": [13, 15], "uv_size": [4, 0.5]},
								"up": {"uv": [5, 16], "uv_size": [0.5, 4]},
								"down": {"uv": [7, 20], "uv_size": [0.5, -4]}
							}
						},
						{
							"origin": [-2.40245, 1.54128, -1.03322],
							"size": [0.42989, 0.41514, 3.95257],
							"pivot": [-2.1875, 1.4375, 1.18025],
							"rotation": [0, 0, 45],
							"uv": {
								"north": {"uv": [63, 22], "uv_size": [0.5, 0.5]},
								"east": {"uv": [16, 2], "uv_size": [4, 0.5]},
								"south": {"uv": [24, 63], "uv_size": [0.5, 0.5]},
								"west": {"uv": [16, 4], "uv_size": [4, 0.5]},
								"up": {"uv": [16, 8], "uv_size": [0.5, 4]},
								"down": {"uv": [9, 20], "uv_size": [0.5, -4]}
							}
						},
						{
							"origin": [-2.40245, 1.54128, -1.03322],
							"size": [0.42989, 0.41514, 3.95257],
							"uv": {
								"north": {"uv": [26, 63], "uv_size": [0.5, 0.5]},
								"east": {"uv": [16, 13], "uv_size": [4, 0.5]},
								"south": {"uv": [63, 26], "uv_size": [0.5, 0.5]},
								"west": {"uv": [0, 17], "uv_size": [4, 0.5]},
								"up": {"uv": [13, 17], "uv_size": [0.5, 4]},
								"down": {"uv": [15, 21], "uv_size": [0.5, -4]}
							}
						},
						{
							"origin": [-2.40245, 1.6011, -0.75494],
							"size": [0.42989, 0.41514, 0.65258],
							"pivot": [-2.1875, 1.80867, -0.42865],
							"rotation": [-10, 0, 0],
							"uv": {
								"north": {"uv": [30, 63], "uv_size": [0.5, 0.5]},
								"east": {"uv": [63, 30], "uv_size": [0.5, 0.5]},
								"south": {"uv": [63, 32], "uv_size": [0.5, 0.5]},
								"west": {"uv": [34, 63], "uv_size": [0.5, 0.5]},
								"up": {"uv": [38, 63], "uv_size": [0.5, 0.5]},
								"down": {"uv": [40, 63.5], "uv_size": [0.5, -0.5]}
							}
						},
						{
							"origin": [-2.65402, 1.48012, -0.74832],
							"size": [0.42989, 0.41514, 0.65258],
							"pivot": [-2.43908, 1.68769, -0.42203],
							"rotation": [-7.05319, 0.38995, -45.4868],
							"uv": {
								"north": {"uv": [63, 44], "uv_size": [0.5, 0.5]},
								"east": {"uv": [46, 63], "uv_size": [0.5, 0.5]},
								"south": {"uv": [63, 46], "uv_size": [0.5, 0.5]},
								"west": {"uv": [48, 63], "uv_size": [0.5, 0.5]},
								"up": {"uv": [63, 52], "uv_size": [0.5, 0.5]},
								"down": {"uv": [58, 63.5], "uv_size": [0.5, -0.5]}
							}
						},
						{
							"origin": [-2.77361, 1.22993, -0.75494],
							"size": [0.42989, 0.41514, 0.65258],
							"pivot": [-2.55867, 1.4375, -0.42865],
							"rotation": [-10, 0, -90],
							"uv": {
								"north": {"uv": [0, 64], "uv_size": [0.5, 0.5]},
								"east": {"uv": [2, 64], "uv_size": [0.5, 0.5]},
								"south": {"uv": [64, 2], "uv_size": [0.5, 0.5]},
								"west": {"uv": [64, 4], "uv_size": [0.5, 0.5]},
								"up": {"uv": [6, 64], "uv_size": [0.5, 0.5]},
								"down": {"uv": [8, 64.5], "uv_size": [0.5, -0.5]}
							}
						},
						{
							"origin": [-2.03128, 1.22993, -0.75494],
							"size": [0.42989, 0.41514, 0.65258],
							"pivot": [-1.81633, 1.4375, -0.42865],
							"rotation": [-10, 0, 90],
							"uv": {
								"north": {"uv": [64, 8], "uv_size": [0.5, 0.5]},
								"east": {"uv": [10, 64], "uv_size": [0.5, 0.5]},
								"south": {"uv": [12, 64], "uv_size": [0.5, 0.5]},
								"west": {"uv": [64, 12], "uv_size": [0.5, 0.5]},
								"up": {"uv": [20, 64], "uv_size": [0.5, 0.5]},
								"down": {"uv": [22, 64.5], "uv_size": [0.5, -0.5]}
							}
						},
						{
							"origin": [-2.65402, 0.97974, -0.74832],
							"size": [0.42989, 0.41514, 0.65258],
							"pivot": [-2.43908, 1.18731, -0.42203],
							"rotation": [7.05319, 0.38995, 45.4868],
							"uv": {
								"north": {"uv": [64, 24], "uv_size": [0.5, 0.5]},
								"east": {"uv": [28, 64], "uv_size": [0.5, 0.5]},
								"south": {"uv": [64, 28], "uv_size": [0.5, 0.5]},
								"west": {"uv": [32, 64], "uv_size": [0.5, 0.5]},
								"up": {"uv": [64, 34], "uv_size": [0.5, 0.5]},
								"down": {"uv": [36, 64.5], "uv_size": [0.5, -0.5]}
							}
						},
						{
							"origin": [-2.15347, 1.47756, -0.64227],
							"size": [0.42989, 0.41514, 0.65258],
							"pivot": [-1.93852, 1.68513, -0.31598],
							"rotation": [-7.05319, -0.38995, 45.4868],
							"uv": {
								"north": {"uv": [64, 36], "uv_size": [0.5, 0.5]},
								"east": {"uv": [64, 38], "uv_size": [0.5, 0.5]},
								"south": {"uv": [64, 40], "uv_size": [0.5, 0.5]},
								"west": {"uv": [42, 64], "uv_size": [0.5, 0.5]},
								"up": {"uv": [64, 42], "uv_size": [0.5, 0.5]},
								"down": {"uv": [44, 64.5], "uv_size": [0.5, -0.5]}
							}
						},
						{
							"origin": [-2.15087, 0.97974, -0.74832],
							"size": [0.42989, 0.41514, 0.65258],
							"pivot": [-1.93592, 1.18731, -0.42203],
							"rotation": [7.05319, -0.38995, -45.4868],
							"uv": {
								"north": {"uv": [64, 48], "uv_size": [0.5, 0.5]},
								"east": {"uv": [50, 64], "uv_size": [0.5, 0.5]},
								"south": {"uv": [64, 50], "uv_size": [0.5, 0.5]},
								"west": {"uv": [52, 64], "uv_size": [0.5, 0.5]},
								"up": {"uv": [54, 64], "uv_size": [0.5, 0.5]},
								"down": {"uv": [64, 54.5], "uv_size": [0.5, -0.5]}
							}
						},
						{
							"origin": [-2.40245, 0.85876, -0.75494],
							"size": [0.42989, 0.41514, 0.65258],
							"pivot": [-2.1875, 1.06633, -0.42865],
							"rotation": [10, 0, 0],
							"uv": {
								"north": {"uv": [56, 64], "uv_size": [0.5, 0.5]},
								"east": {"uv": [64, 56], "uv_size": [0.5, 0.5]},
								"south": {"uv": [64, 58], "uv_size": [0.5, 0.5]},
								"west": {"uv": [60, 64], "uv_size": [0.5, 0.5]},
								"up": {"uv": [64, 60], "uv_size": [0.5, 0.5]},
								"down": {"uv": [62, 64.5], "uv_size": [0.5, -0.5]}
							}
						},
						{
							"origin": [-2.08371, 1.22255, -1.03322],
							"size": [0.41514, 0.42989, 3.95257],
							"pivot": [-2.1875, 1.4375, 1.18025],
							"rotation": [0, 0, 45],
							"uv": {
								"north": {"uv": [64, 62], "uv_size": [0.5, 0.5]},
								"east": {"uv": [17, 17], "uv_size": [4, 0.5]},
								"south": {"uv": [64, 64], "uv_size": [0.5, 0.5]},
								"west": {"uv": [18, 0], "uv_size": [4, 0.5]},
								"up": {"uv": [18, 8], "uv_size": [0.5, 4]},
								"down": {"uv": [0, 23], "uv_size": [0.5, -4]}
							}
						},
						{
							"origin": [-2.08371, 1.22255, -1.03322],
							"size": [0.41514, 0.42989, 3.95257],
							"uv": {
								"north": {"uv": [65, 0], "uv_size": [0.5, 0.5]},
								"east": {"uv": [18, 15], "uv_size": [4, 0.5]},
								"south": {"uv": [4, 65], "uv_size": [0.5, 0.5]},
								"west": {"uv": [19, 6], "uv_size": [4, 0.5]},
								"up": {"uv": [2, 19], "uv_size": [0.5, 4]},
								"down": {"uv": [11, 23], "uv_size": [0.5, -4]}
							}
						},
						{
							"origin": [-2.70642, 1.22255, -1.03322],
							"size": [0.41514, 0.42989, 3.95257],
							"pivot": [-2.1875, 1.4375, 1.18025],
							"rotation": [0, 0, 45],
							"uv": {
								"north": {"uv": [65, 6], "uv_size": [0.5, 0.5]},
								"east": {"uv": [17, 19], "uv_size": [4, 0.5]},
								"south": {"uv": [65, 10], "uv_size": [0.5, 0.5]},
								"west": {"uv": [20, 8], "uv_size": [4, 0.5]},
								"up": {"uv": [4, 21], "uv_size": [0.5, 4]},
								"down": {"uv": [6, 25], "uv_size": [0.5, -4]}
							}
						},
						{
							"origin": [-2.70642, 1.22255, -1.03322],
							"size": [0.41514, 0.42989, 3.95257],
							"uv": {
								"north": {"uv": [14, 65], "uv_size": [0.5, 0.5]},
								"east": {"uv": [20, 10], "uv_size": [4, 0.5]},
								"south": {"uv": [65, 14], "uv_size": [0.5, 0.5]},
								"west": {"uv": [21, 2], "uv_size": [4, 0.5]},
								"up": {"uv": [8, 21], "uv_size": [0.5, 4]},
								"down": {"uv": [17, 25], "uv_size": [0.5, -4]}
							}
						}
					]
				},
				{
					"name": "octagon11",
					"parent": "octagon9",
					"pivot": [-2.1875, 1.1875, 1.70715],
					"cubes": [
						{
							"origin": [-2.45954, 0.78075, -2.43898],
							"size": [0.54407, 0.5254, 1.81408],
							"pivot": [-2.1875, 1.4375, 1.70715],
							"rotation": [0, 0, 45],
							"uv": {
								"north": {"uv": [16, 65], "uv_size": [0.5, 0.5]},
								"east": {"uv": [30, 36], "uv_size": [2, 0.5]},
								"south": {"uv": [65, 16], "uv_size": [0.5, 0.5]},
								"west": {"uv": [33, 36], "uv_size": [2, 0.5]},
								"up": {"uv": [36, 36], "uv_size": [0.5, 2]},
								"down": {"uv": [0, 39], "uv_size": [0.5, -2]}
							}
						},
						{
							"origin": [-2.45954, 0.78075, -2.43898],
							"size": [0.54407, 0.5254, 1.81408],
							"uv": {
								"north": {"uv": [18, 65], "uv_size": [0.5, 0.5]},
								"east": {"uv": [2, 37], "uv_size": [2, 0.5]},
								"south": {"uv": [65, 18], "uv_size": [0.5, 0.5]},
								"west": {"uv": [5, 37], "uv_size": [2, 0.5]},
								"up": {"uv": [12, 37], "uv_size": [0.5, 2]},
								"down": {"uv": [16, 39], "uv_size": [0.5, -2]}
							}
						},
						{
							"origin": [-2.45954, 1.56885, -2.43898],
							"size": [0.54407, 0.5254, 1.81408],
							"pivot": [-2.1875, 1.4375, 1.70715],
							"rotation": [0, 0, 45],
							"uv": {
								"north": {"uv": [65, 20], "uv_size": [0.5, 0.5]},
								"east": {"uv": [37, 6], "uv_size": [2, 0.5]},
								"south": {"uv": [65, 22], "uv_size": [0.5, 0.5]},
								"west": {"uv": [37, 20], "uv_size": [2, 0.5]},
								"up": {"uv": [18, 37], "uv_size": [0.5, 2]},
								"down": {"uv": [37, 29], "uv_size": [0.5, -2]}
							}
						},
						{
							"origin": [-2.45954, 1.56885, -2.43898],
							"size": [0.54407, 0.5254, 1.81408],
							"uv": {
								"north": {"uv": [24, 65], "uv_size": [0.5, 0.5]},
								"east": {"uv": [37, 30], "uv_size": [2, 0.5]},
								"south": {"uv": [26, 65], "uv_size": [0.5, 0.5]},
								"west": {"uv": [37, 32], "uv_size": [2, 0.5]},
								"up": {"uv": [38, 0], "uv_size": [0.5, 2]},
								"down": {"uv": [38, 10], "uv_size": [0.5, -2]}
							}
						},
						{
							"origin": [-2.05615, 1.16546, -2.43898],
							"size": [0.5254, 0.54407, 1.81408],
							"pivot": [-2.1875, 1.4375, 1.70715],
							"rotation": [0, 0, 45],
							"uv": {
								"north": {"uv": [65, 26], "uv_size": [0.5, 0.5]},
								"east": {"uv": [37, 34], "uv_size": [2, 0.5]},
								"south": {"uv": [30, 65], "uv_size": [0.5, 0.5]},
								"west": {"uv": [38, 11], "uv_size": [2, 0.5]},
								"up": {"uv": [20, 38], "uv_size": [0.5, 2]},
								"down": {"uv": [22, 40], "uv_size": [0.5, -2]}
							}
						},
						{
							"origin": [-2.05615, 1.16546, -2.43898],
							"size": [0.5254, 0.54407, 1.81408],
							"uv": {
								"north": {"uv": [65, 30], "uv_size": [0.5, 0.5]},
								"east": {"uv": [38, 16], "uv_size": [2, 0.5]},
								"south": {"uv": [65, 32], "uv_size": [0.5, 0.5]},
								"west": {"uv": [38, 22], "uv_size": [2, 0.5]},
								"up": {"uv": [26, 38], "uv_size": [0.5, 2]},
								"down": {"uv": [28, 40], "uv_size": [0.5, -2]}
							}
						},
						{
							"origin": [-2.84425, 1.16546, -2.43898],
							"size": [0.5254, 0.54407, 1.81408],
							"pivot": [-2.1875, 1.4375, 1.70715],
							"rotation": [0, 0, 45],
							"uv": {
								"north": {"uv": [34, 65], "uv_size": [0.5, 0.5]},
								"east": {"uv": [30, 38], "uv_size": [2, 0.5]},
								"south": {"uv": [38, 65], "uv_size": [0.5, 0.5]},
								"west": {"uv": [33, 38], "uv_size": [2, 0.5]},
								"up": {"uv": [38, 36], "uv_size": [0.5, 2]},
								"down": {"uv": [2, 41], "uv_size": [0.5, -2]}
							}
						},
						{
							"origin": [-2.84425, 1.16546, -2.43898],
							"size": [0.5254, 0.54407, 1.81408],
							"uv": {
								"north": {"uv": [40, 65], "uv_size": [0.5, 0.5]},
								"east": {"uv": [4, 39], "uv_size": [2, 0.5]},
								"south": {"uv": [65, 44], "uv_size": [0.5, 0.5]},
								"west": {"uv": [7, 39], "uv_size": [2, 0.5]},
								"up": {"uv": [10, 39], "uv_size": [0.5, 2]},
								"down": {"uv": [39, 15], "uv_size": [0.5, -2]}
							}
						}
					]
				},
				{
					"name": "octagon12",
					"parent": "octagon9",
					"pivot": [-2.1875, 1.1875, 2.105],
					"cubes": [
						{
							"origin": [-2.47961, 0.73228, -0.93945],
							"size": [0.58422, 0.56418, 0.25878],
							"pivot": [-2.1875, 1.4375, 2.105],
							"rotation": [0, 0, 45],
							"uv": {
								"north": {"uv": [46, 65], "uv_size": [0.5, 0.5]},
								"east": {"uv": [65, 46], "uv_size": [0.5, 0.5]},
								"south": {"uv": [48, 65], "uv_size": [0.5, 0.5]},
								"west": {"uv": [65, 52], "uv_size": [0.5, 0.5]},
								"up": {"uv": [58, 65], "uv_size": [0.5, 0.5]},
								"down": {"uv": [0, 66.5], "uv_size": [0.5, -0.5]}
							}
						},
						{
							"origin": [-2.47961, 0.73228, -0.93945],
							"size": [0.58422, 0.56418, 0.25878],
							"uv": {
								"north": {"uv": [2, 66], "uv_size": [0.5, 0.5]},
								"east": {"uv": [66, 2], "uv_size": [0.5, 0.5]},
								"south": {"uv": [66, 4], "uv_size": [0.5, 0.5]},
								"west": {"uv": [6, 66], "uv_size": [0.5, 0.5]},
								"up": {"uv": [8, 66], "uv_size": [0.5, 0.5]},
								"down": {"uv": [66, 8.5], "uv_size": [0.5, -0.5]}
							}
						},
						{
							"origin": [-2.47961, 1.57854, -0.93945],
							"size": [0.58422, 0.56418, 0.25878],
							"pivot": [-2.1875, 1.4375, 2.105],
							"rotation": [0, 0, 45],
							"uv": {
								"north": {"uv": [10, 66], "uv_size": [0.5, 0.5]},
								"east": {"uv": [12, 66], "uv_size": [0.5, 0.5]},
								"south": {"uv": [66, 12], "uv_size": [0.5, 0.5]},
								"west": {"uv": [20, 66], "uv_size": [0.5, 0.5]},
								"up": {"uv": [22, 66], "uv_size": [0.5, 0.5]},
								"down": {"uv": [66, 24.5], "uv_size": [0.5, -0.5]}
							}
						},
						{
							"origin": [-2.47961, 1.57854, -0.93945],
							"size": [0.58422, 0.56418, 0.25878],
							"uv": {
								"north": {"uv": [28, 66], "uv_size": [0.5, 0.5]},
								"east": {"uv": [66, 28], "uv_size": [0.5, 0.5]},
								"south": {"uv": [32, 66], "uv_size": [0.5, 0.5]},
								"west": {"uv": [66, 34], "uv_size": [0.5, 0.5]},
								"up": {"uv": [36, 66], "uv_size": [0.5, 0.5]},
								"down": {"uv": [66, 36.5], "uv_size": [0.5, -0.5]}
							}
						},
						{
							"origin": [-2.04646, 1.14539, -0.93945],
							"size": [0.56418, 0.58422, 0.25878],
							"pivot": [-2.1875, 1.4375, 2.105],
							"rotation": [0, 0, 45],
							"uv": {
								"north": {"uv": [66, 38], "uv_size": [0.5, 0.5]},
								"east": {"uv": [66, 40], "uv_size": [0.5, 0.5]},
								"south": {"uv": [42, 66], "uv_size": [0.5, 0.5]},
								"west": {"uv": [66, 42], "uv_size": [0.5, 0.5]},
								"up": {"uv": [44, 66], "uv_size": [0.5, 0.5]},
								"down": {"uv": [66, 48.5], "uv_size": [0.5, -0.5]}
							}
						},
						{
							"origin": [-2.04646, 1.14539, -0.93945],
							"size": [0.56418, 0.58422, 0.25878],
							"uv": {
								"north": {"uv": [50, 66], "uv_size": [0.5, 0.5]},
								"east": {"uv": [66, 50], "uv_size": [0.5, 0.5]},
								"south": {"uv": [52, 66], "uv_size": [0.5, 0.5]},
								"west": {"uv": [54, 66], "uv_size": [0.5, 0.5]},
								"up": {"uv": [66, 54], "uv_size": [0.5, 0.5]},
								"down": {"uv": [56, 66.5], "uv_size": [0.5, -0.5]}
							}
						},
						{
							"origin": [-2.89272, 1.14539, -0.93945],
							"size": [0.56418, 0.58422, 0.25878],
							"pivot": [-2.1875, 1.4375, 2.105],
							"rotation": [0, 0, 45],
							"uv": {
								"north": {"uv": [66, 56], "uv_size": [0.5, 0.5]},
								"east": {"uv": [66, 58], "uv_size": [0.5, 0.5]},
								"south": {"uv": [60, 66], "uv_size": [0.5, 0.5]},
								"west": {"uv": [66, 60], "uv_size": [0.5, 0.5]},
								"up": {"uv": [62, 66], "uv_size": [0.5, 0.5]},
								"down": {"uv": [66, 62.5], "uv_size": [0.5, -0.5]}
							}
						},
						{
							"origin": [-2.89272, 1.14539, -0.93945],
							"size": [0.56418, 0.58422, 0.25878],
							"uv": {
								"north": {"uv": [64, 66], "uv_size": [0.5, 0.5]},
								"east": {"uv": [66, 64], "uv_size": [0.5, 0.5]},
								"south": {"uv": [66, 66], "uv_size": [0.5, 0.5]},
								"west": {"uv": [67, 0], "uv_size": [0.5, 0.5]},
								"up": {"uv": [4, 67], "uv_size": [0.5, 0.5]},
								"down": {"uv": [67, 6.5], "uv_size": [0.5, -0.5]}
							}
						}
					]
				},
				{
					"name": "octagon13",
					"parent": "octagon9",
					"pivot": [-2.1875, 1.1875, 0.8675],
					"cubes": [
						{
							"origin": [-2.47961, 0.73228, -2.89882],
							"size": [0.58422, 0.15168, 1.39315],
							"pivot": [-2.1875, 1.4375, 0.8675],
							"rotation": [0, 0, 45],
							"uv": {
								"north": {"uv": [67, 10], "uv_size": [0.5, 0.5]},
								"east": {"uv": [42, 24], "uv_size": [1.5, 0.5]},
								"south": {"uv": [14, 67], "uv_size": [0.5, 0.5]},
								"west": {"uv": [42, 29], "uv_size": [1.5, 0.5]},
								"up": {"uv": [30, 42], "uv_size": [0.5, 1.5]},
								"down": {"uv": [42, 32.5], "uv_size": [0.5, -1.5]}
							}
						},
						{
							"origin": [-2.47961, 0.73228, -2.89882],
							"size": [0.58422, 0.15168, 1.39315],
							"uv": {
								"north": {"uv": [67, 14], "uv_size": [0.5, 0.5]},
								"east": {"uv": [32, 42], "uv_size": [1.5, 0.5]},
								"south": {"uv": [16, 67], "uv_size": [0.5, 0.5]},
								"west": {"uv": [42, 34], "uv_size": [1.5, 0.5]},
								"up": {"uv": [42, 39], "uv_size": [0.5, 1.5]},
								"down": {"uv": [42, 43.5], "uv_size": [0.5, -1.5]}
							}
						},
						{
							"origin": [-2.47961, 1.99104, -3.25976],
							"size": [0.58422, 0.15168, 1.75409],
							"pivot": [-2.1875, 1.4375, 0.8675],
							"rotation": [0, 0, 45],
							"uv": {
								"north": {"uv": [67, 16], "uv_size": [0.5, 0.5]},
								"east": {"uv": [39, 18], "uv_size": [2, 0.5]},
								"south": {"uv": [18, 67], "uv_size": [0.5, 0.5]},
								"west": {"uv": [39, 24], "uv_size": [2, 0.5]},
								"up": {"uv": [14, 39], "uv_size": [0.5, 2]},
								"down": {"uv": [39, 28], "uv_size": [0.5, -2]}
							}
						},
						{
							"origin": [-2.47961, 1.99104, -3.25976],
							"size": [0.58422, 0.15168, 1.75409],
							"uv": {
								"north": {"uv": [67, 18], "uv_size": [0.5, 0.5]},
								"east": {"uv": [36, 39], "uv_size": [2, 0.5]},
								"south": {"uv": [67, 20], "uv_size": [0.5, 0.5]},
								"west": {"uv": [39, 39], "uv_size": [2, 0.5]},
								"up": {"uv": [0, 40], "uv_size": [0.5, 2]},
								"down": {"uv": [40, 2], "uv_size": [0.5, -2]}
							}
						},
						{
							"origin": [-1.63396, 1.14539, -2.89882],
							"size": [0.15168, 0.58422, 1.39315],
							"pivot": [-2.1875, 1.4375, 0.8675],
							"rotation": [0, 0, 45],
							"uv": {
								"north": {"uv": [67, 22], "uv_size": [0.5, 0.5]},
								"east": {"uv": [43, 3], "uv_size": [1.5, 0.5]},
								"south": {"uv": [24, 67], "uv_size": [0.5, 0.5]},
								"west": {"uv": [43, 5], "uv_size": [1.5, 0.5]},
								"up": {"uv": [0, 43], "uv_size": [0.5, 1.5]},
								"down": {"uv": [6, 44.5], "uv_size": [0.5, -1.5]}
							}
						},
						{
							"origin": [-1.63396, 1.14539, -2.89882],
							"size": [0.15168, 0.58422, 1.39315],
							"uv": {
								"north": {"uv": [26, 67], "uv_size": [0.5, 0.5]},
								"east": {"uv": [43, 9], "uv_size": [1.5, 0.5]},
								"south": {"uv": [67, 26], "uv_size": [0.5, 0.5]},
								"west": {"uv": [11, 43], "uv_size": [1.5, 0.5]},
								"up": {"uv": [43, 11], "uv_size": [0.5, 1.5]},
								"down": {"uv": [20, 44.5], "uv_size": [0.5, -1.5]}
							}
						},
						{
							"origin": [-2.89272, 1.14539, -3.25976],
							"size": [0.15168, 0.58422, 1.75409],
							"pivot": [-2.1875, 1.4375, 0.8675],
							"rotation": [0, 0, 45],
							"uv": {
								"north": {"uv": [30, 67], "uv_size": [0.5, 0.5]},
								"east": {"uv": [40, 3], "uv_size": [2, 0.5]},
								"south": {"uv": [67, 30], "uv_size": [0.5, 0.5]},
								"west": {"uv": [40, 5], "uv_size": [2, 0.5]},
								"up": {"uv": [40, 7], "uv_size": [0.5, 2]},
								"down": {"uv": [12, 42], "uv_size": [0.5, -2]}
							}
						},
						{
							"origin": [-2.89272, 1.14539, -2.89882],
							"size": [0.15168, 0.58422, 1.39315],
							"uv": {
								"north": {"uv": [67, 32], "uv_size": [0.5, 0.5]},
								"east": {"uv": [43, 14], "uv_size": [1.5, 0.5]},
								"south": {"uv": [34, 67], "uv_size": [0.5, 0.5]},
								"west": {"uv": [43, 26], "uv_size": [1.5, 0.5]},
								"up": {"uv": [35, 43], "uv_size": [0.5, 1.5]},
								"down": {"uv": [43, 37.5], "uv_size": [0.5, -1.5]}
							}
						},
						{
							"origin": [-2.89272, 1.50633, -3.25976],
							"size": [0.15168, 0.22329, 0.36094],
							"uv": {
								"north": {"uv": [38, 67], "uv_size": [0.5, 0.5]},
								"east": {"uv": [40, 67], "uv_size": [0.5, 0.5]},
								"south": {"uv": [67, 44], "uv_size": [0.5, 0.5]},
								"west": {"uv": [46, 67], "uv_size": [0.5, 0.5]},
								"up": {"uv": [67, 46], "uv_size": [0.5, 0.5]},
								"down": {"uv": [48, 67.5], "uv_size": [0.5, -0.5]}
							}
						},
						{
							"origin": [-2.89272, 1.33148, -3.3725],
							"size": [0.15168, 0.29501, 0.51044],
							"pivot": [-2.81688, 1.28281, -3.10507],
							"rotation": [-45, 0, 0],
							"uv": {
								"north": {"uv": [67, 52], "uv_size": [0.5, 0.5]},
								"east": {"uv": [58, 67], "uv_size": [0.5, 0.5]},
								"south": {"uv": [0, 68], "uv_size": [0.5, 0.5]},
								"west": {"uv": [2, 68], "uv_size": [0.5, 0.5]},
								"up": {"uv": [68, 2], "uv_size": [0.5, 0.5]},
								"down": {"uv": [68, 4.5], "uv_size": [0.5, -0.5]}
							}
						},
						{
							"origin": [-1.63396, 1.33148, -3.3725],
							"size": [0.15168, 0.29501, 0.51044],
							"pivot": [-1.55812, 1.28281, -3.10507],
							"rotation": [-45, 0, 0],
							"uv": {
								"north": {"uv": [6, 68], "uv_size": [0.5, 0.5]},
								"east": {"uv": [8, 68], "uv_size": [0.5, 0.5]},
								"south": {"uv": [68, 8], "uv_size": [0.5, 0.5]},
								"west": {"uv": [10, 68], "uv_size": [0.5, 0.5]},
								"up": {"uv": [12, 68], "uv_size": [0.5, 0.5]},
								"down": {"uv": [68, 12.5], "uv_size": [0.5, -0.5]}
							}
						},
						{
							"origin": [-1.63396, 1.50633, -3.25976],
							"size": [0.15168, 0.22329, 0.36094],
							"uv": {
								"north": {"uv": [20, 68], "uv_size": [0.5, 0.5]},
								"east": {"uv": [22, 68], "uv_size": [0.5, 0.5]},
								"south": {"uv": [68, 24], "uv_size": [0.5, 0.5]},
								"west": {"uv": [28, 68], "uv_size": [0.5, 0.5]},
								"up": {"uv": [68, 28], "uv_size": [0.5, 0.5]},
								"down": {"uv": [32, 68.5], "uv_size": [0.5, -0.5]}
							}
						}
					]
				},
				{
					"name": "octagon14",
					"parent": "octagon9",
					"pivot": [-2.1875, 1.1875, 3.03031],
					"cubes": [
						{
							"origin": [-2.38554, 0.95938, 2.36999],
							"size": [0.39608, 0.38249, 1.16803],
							"pivot": [-2.1875, 1.4375, 5.38837],
							"rotation": [0, 0, 45],
							"uv": {
								"north": {"uv": [68, 34], "uv_size": [0.5, 0.5]},
								"east": {"uv": [0, 48], "uv_size": [1, 0.5]},
								"south": {"uv": [36, 68], "uv_size": [0.5, 0.5]},
								"west": {"uv": [2, 48], "uv_size": [1, 0.5]},
								"up": {"uv": [48, 2], "uv_size": [0.5, 1]},
								"down": {"uv": [48, 5], "uv_size": [0.5, -1]}
							}
						},
						{
							"origin": [-2.38554, 0.95938, 2.36999],
							"size": [0.39608, 0.38249, 1.16803],
							"uv": {
								"north": {"uv": [68, 36], "uv_size": [0.5, 0.5]},
								"east": {"uv": [6, 48], "uv_size": [1, 0.5]},
								"south": {"uv": [68, 38], "uv_size": [0.5, 0.5]},
								"west": {"uv": [8, 48], "uv_size": [1, 0.5]},
								"up": {"uv": [48, 8], "uv_size": [0.5, 1]},
								"down": {"uv": [10, 49], "uv_size": [0.5, -1]}
							}
						},
						{
							"origin": [-2.38554, 1.53312, 2.36999],
							"size": [0.39608, 0.38249, 1.16803],
							"pivot": [-2.1875, 1.4375, 5.38837],
							"rotation": [0, 0, 45],
							"uv": {
								"north": {"uv": [68, 40], "uv_size": [0.5, 0.5]},
								"east": {"uv": [12, 48], "uv_size": [1, 0.5]},
								"south": {"uv": [42, 68], "uv_size": [0.5, 0.5]},
								"west": {"uv": [48, 13], "uv_size": [1, 0.5]},
								"up": {"uv": [20, 48], "uv_size": [0.5, 1]},
								"down": {"uv": [22, 49], "uv_size": [0.5, -1]}
							}
						},
						{
							"origin": [-2.38554, 1.53312, 2.36999],
							"size": [0.39608, 0.38249, 1.16803],
							"uv": {
								"north": {"uv": [68, 42], "uv_size": [0.5, 0.5]},
								"east": {"uv": [48, 26], "uv_size": [1, 0.5]},
								"south": {"uv": [44, 68], "uv_size": [0.5, 0.5]},
								"west": {"uv": [28, 48], "uv_size": [1, 0.5]},
								"up": {"uv": [48, 30], "uv_size": [0.5, 1]},
								"down": {"uv": [33, 49], "uv_size": [0.5, -1]}
							}
						},
						{
							"origin": [-2.09188, 1.23946, 2.36999],
							"size": [0.38249, 0.39608, 1.16803],
							"pivot": [-2.1875, 1.4375, 5.38837],
							"rotation": [0, 0, 45],
							"uv": {
								"north": {"uv": [68, 48], "uv_size": [0.5, 0.5]},
								"east": {"uv": [48, 37], "uv_size": [1, 0.5]},
								"south": {"uv": [50, 68], "uv_size": [0.5, 0.5]},
								"west": {"uv": [38, 48], "uv_size": [1, 0.5]},
								"up": {"uv": [48, 39], "uv_size": [0.5, 1]},
								"down": {"uv": [48, 42], "uv_size": [0.5, -1]}
							}
						},
						{
							"origin": [-2.09188, 1.23946, 2.36999],
							"size": [0.38249, 0.39608, 1.16803],
							"uv": {
								"north": {"uv": [68, 50], "uv_size": [0.5, 0.5]},
								"east": {"uv": [48, 43], "uv_size": [1, 0.5]},
								"south": {"uv": [52, 68], "uv_size": [0.5, 0.5]},
								"west": {"uv": [45, 48], "uv_size": [1, 0.5]},
								"up": {"uv": [48, 45], "uv_size": [0.5, 1]},
								"down": {"uv": [47, 49], "uv_size": [0.5, -1]}
							}
						},
						{
							"origin": [-2.66562, 1.23946, 2.36999],
							"size": [0.38249, 0.39608, 1.16803],
							"pivot": [-2.1875, 1.4375, 5.38837],
							"rotation": [0, 0, 45],
							"uv": {
								"north": {"uv": [54, 68], "uv_size": [0.5, 0.5]},
								"east": {"uv": [49, 0], "uv_size": [1, 0.5]},
								"south": {"uv": [68, 54], "uv_size": [0.5, 0.5]},
								"west": {"uv": [4, 49], "uv_size": [1, 0.5]},
								"up": {"uv": [49, 6], "uv_size": [0.5, 1]},
								"down": {"uv": [49, 11], "uv_size": [0.5, -1]}
							}
						},
						{
							"origin": [-2.66562, 1.23946, 2.36999],
							"size": [0.38249, 0.39608, 1.16803],
							"uv": {
								"north": {"uv": [56, 68], "uv_size": [0.5, 0.5]},
								"east": {"uv": [14, 49], "uv_size": [1, 0.5]},
								"south": {"uv": [68, 56], "uv_size": [0.5, 0.5]},
								"west": {"uv": [49, 15], "uv_size": [1, 0.5]},
								"up": {"uv": [16, 49], "uv_size": [0.5, 1]},
								"down": {"uv": [49, 18], "uv_size": [0.5, -1]}
							}
						}
					]
				},
				{
					"name": "octagon15",
					"parent": "octagon9",
					"pivot": [-2.1875, 1.1875, 3.779],
					"cubes": [
						{
							"origin": [-2.40535, 0.91157, 3.44596],
							"size": [0.43569, 0.42074, 0.66608],
							"pivot": [-2.1875, 1.4375, 5.5493],
							"rotation": [0, 0, 45],
							"uv": {
								"north": {"uv": [68, 58], "uv_size": [0.5, 0.5]},
								"east": {"uv": [60, 68], "uv_size": [0.5, 0.5]},
								"south": {"uv": [68, 60], "uv_size": [0.5, 0.5]},
								"west": {"uv": [62, 68], "uv_size": [0.5, 0.5]},
								"up": {"uv": [68, 62], "uv_size": [0.5, 0.5]},
								"down": {"uv": [64, 68.5], "uv_size": [0.5, -0.5]}
							}
						},
						{
							"origin": [-2.40535, 0.91157, 3.44596],
							"size": [0.43569, 0.42074, 0.66608],
							"uv": {
								"north": {"uv": [68, 64], "uv_size": [0.5, 0.5]},
								"east": {"uv": [66, 68], "uv_size": [0.5, 0.5]},
								"south": {"uv": [68, 66], "uv_size": [0.5, 0.5]},
								"west": {"uv": [68, 68], "uv_size": [0.5, 0.5]},
								"up": {"uv": [69, 0], "uv_size": [0.5, 0.5]},
								"down": {"uv": [4, 69.5], "uv_size": [0.5, -0.5]}
							}
						},
						{
							"origin": [-2.40535, 1.23331, 3.44596],
							"size": [0.43569, 0.73012, 0.66608],
							"pivot": [-2.1875, 1.4375, 5.5493],
							"rotation": [0, 0, 45],
							"uv": {
								"north": {"uv": [69, 6], "uv_size": [0.5, 0.5]},
								"east": {"uv": [69, 10], "uv_size": [0.5, 0.5]},
								"south": {"uv": [14, 69], "uv_size": [0.5, 0.5]},
								"west": {"uv": [69, 14], "uv_size": [0.5, 0.5]},
								"up": {"uv": [16, 69], "uv_size": [0.5, 0.5]},
								"down": {"uv": [69, 16.5], "uv_size": [0.5, -0.5]}
							}
						},
						{
							"origin": [-2.40535, 1.54269, 3.44596],
							"size": [0.43569, 0.42074, 0.66608],
							"uv": {
								"north": {"uv": [18, 69], "uv_size": [0.5, 0.5]},
								"east": {"uv": [69, 18], "uv_size": [0.5, 0.5]},
								"south": {"uv": [69, 20], "uv_size": [0.5, 0.5]},
								"west": {"uv": [69, 22], "uv_size": [0.5, 0.5]},
								"up": {"uv": [24, 69], "uv_size": [0.5, 0.5]},
								"down": {"uv": [26, 69.5], "uv_size": [0.5, -0.5]}
							}
						},
						{
							"origin": [-2.08231, 1.21965, 3.44596],
							"size": [0.42074, 0.43569, 0.66608],
							"pivot": [-2.1875, 1.4375, 5.5493],
							"rotation": [0, 0, 45],
							"uv": {
								"north": {"uv": [69, 26], "uv_size": [0.5, 0.5]},
								"east": {"uv": [30, 69], "uv_size": [0.5, 0.5]},
								"south": {"uv": [69, 30], "uv_size": [0.5, 0.5]},
								"west": {"uv": [69, 32], "uv_size": [0.5, 0.5]},
								"up": {"uv": [34, 69], "uv_size": [0.5, 0.5]},
								"down": {"uv": [38, 69.5], "uv_size": [0.5, -0.5]}
							}
						},
						{
							"origin": [-2.08231, 1.21965, 3.44596],
							"size": [0.42074, 0.43569, 0.66608],
							"uv": {
								"north": {"uv": [40, 69], "uv_size": [0.5, 0.5]},
								"east": {"uv": [69, 44], "uv_size": [0.5, 0.5]},
								"south": {"uv": [46, 69], "uv_size": [0.5, 0.5]},
								"west": {"uv": [69, 46], "uv_size": [0.5, 0.5]},
								"up": {"uv": [48, 69], "uv_size": [0.5, 0.5]},
								"down": {"uv": [69, 52.5], "uv_size": [0.5, -0.5]}
							}
						},
						{
							"origin": [-2.71343, 1.21965, 3.44596],
							"size": [0.42074, 0.43569, 0.66608],
							"pivot": [-2.1875, 1.4375, 5.5493],
							"rotation": [0, 0, 45],
							"uv": {
								"north": {"uv": [58, 69], "uv_size": [0.5, 0.5]},
								"east": {"uv": [0, 70], "uv_size": [0.5, 0.5]},
								"south": {"uv": [2, 70], "uv_size": [0.5, 0.5]},
								"west": {"uv": [70, 2], "uv_size": [0.5, 0.5]},
								"up": {"uv": [70, 4], "uv_size": [0.5, 0.5]},
								"down": {"uv": [6, 70.5], "uv_size": [0.5, -0.5]}
							}
						},
						{
							"origin": [-2.71343, 1.21965, 3.44596],
							"size": [0.42074, 0.43569, 0.66608],
							"uv": {
								"north": {"uv": [8, 70], "uv_size": [0.5, 0.5]},
								"east": {"uv": [70, 8], "uv_size": [0.5, 0.5]},
								"south": {"uv": [10, 70], "uv_size": [0.5, 0.5]},
								"west": {"uv": [12, 70], "uv_size": [0.5, 0.5]},
								"up": {"uv": [70, 12], "uv_size": [0.5, 0.5]},
								"down": {"uv": [20, 70.5], "uv_size": [0.5, -0.5]}
							}
						}
					]
				},
				{
					"name": "octagon16",
					"parent": "octagon9",
					"pivot": [-2.1875, 1.1875, 3.779],
					"cubes": [
						{
							"origin": [-2.4402, 0.82743, 3.80517],
							"size": [0.5054, 0.48806, 0.36015],
							"pivot": [-2.1875, 1.4375, 5.83255],
							"rotation": [0, 0, 45],
							"uv": {
								"north": {"uv": [22, 70], "uv_size": [0.5, 0.5]},
								"east": {"uv": [70, 24], "uv_size": [0.5, 0.5]},
								"south": {"uv": [28, 70], "uv_size": [0.5, 0.5]},
								"west": {"uv": [70, 28], "uv_size": [0.5, 0.5]},
								"up": {"uv": [32, 70], "uv_size": [0.5, 0.5]},
								"down": {"uv": [70, 34.5], "uv_size": [0.5, -0.5]}
							}
						},
						{
							"origin": [-2.4402, 0.82743, 3.80517],
							"size": [0.5054, 0.48806, 0.36015],
							"uv": {
								"north": {"uv": [36, 70], "uv_size": [0.5, 0.5]},
								"east": {"uv": [70, 36], "uv_size": [0.5, 0.5]},
								"south": {"uv": [70, 38], "uv_size": [0.5, 0.5]},
								"west": {"uv": [70, 40], "uv_size": [0.5, 0.5]},
								"up": {"uv": [42, 70], "uv_size": [0.5, 0.5]},
								"down": {"uv": [70, 42.5], "uv_size": [0.5, -0.5]}
							}
						},
						{
							"origin": [-2.4402, 1.20064, 3.80517],
							"size": [0.5054, 0.84693, 0.36015],
							"pivot": [-2.1875, 1.4375, 5.83255],
							"rotation": [0, 0, 45],
							"uv": {
								"north": {"uv": [18, 49], "uv_size": [0.5, 1]},
								"east": {"uv": [49, 19], "uv_size": [0.5, 1]},
								"south": {"uv": [49, 21], "uv_size": [0.5, 1]},
								"west": {"uv": [49, 23], "uv_size": [0.5, 1]},
								"up": {"uv": [44, 70], "uv_size": [0.5, 0.5]},
								"down": {"uv": [70, 48.5], "uv_size": [0.5, -0.5]}
							}
						},
						{
							"origin": [-2.4402, 1.55951, 3.80517],
							"size": [0.5054, 0.48806, 0.36015],
							"uv": {
								"north": {"uv": [50, 70], "uv_size": [0.5, 0.5]},
								"east": {"uv": [70, 50], "uv_size": [0.5, 0.5]},
								"south": {"uv": [52, 70], "uv_size": [0.5, 0.5]},
								"west": {"uv": [54, 70], "uv_size": [0.5, 0.5]},
								"up": {"uv": [70, 54], "uv_size": [0.5, 0.5]},
								"down": {"uv": [56, 70.5], "uv_size": [0.5, -0.5]}
							}
						},
						{
							"origin": [-2.06549, 1.1848, 3.80517],
							"size": [0.48806, 0.5054, 0.36015],
							"pivot": [-2.1875, 1.4375, 5.83255],
							"rotation": [0, 0, 45],
							"uv": {
								"north": {"uv": [70, 56], "uv_size": [0.5, 0.5]},
								"east": {"uv": [70, 58], "uv_size": [0.5, 0.5]},
								"south": {"uv": [60, 70], "uv_size": [0.5, 0.5]},
								"west": {"uv": [70, 60], "uv_size": [0.5, 0.5]},
								"up": {"uv": [62, 70], "uv_size": [0.5, 0.5]},
								"down": {"uv": [70, 62.5], "uv_size": [0.5, -0.5]}
							}
						},
						{
							"origin": [-2.06549, 1.1848, 3.80517],
							"size": [0.48806, 0.5054, 0.36015],
							"uv": {
								"north": {"uv": [64, 70], "uv_size": [0.5, 0.5]},
								"east": {"uv": [70, 64], "uv_size": [0.5, 0.5]},
								"south": {"uv": [66, 70], "uv_size": [0.5, 0.5]},
								"west": {"uv": [70, 66], "uv_size": [0.5, 0.5]},
								"up": {"uv": [68, 70], "uv_size": [0.5, 0.5]},
								"down": {"uv": [70, 68.5], "uv_size": [0.5, -0.5]}
							}
						},
						{
							"origin": [-2.79757, 1.1848, 3.80517],
							"size": [0.48806, 0.5054, 0.36015],
							"pivot": [-2.1875, 1.4375, 5.83255],
							"rotation": [0, 0, 45],
							"uv": {
								"north": {"uv": [70, 70], "uv_size": [0.5, 0.5]},
								"east": {"uv": [71, 0], "uv_size": [0.5, 0.5]},
								"south": {"uv": [4, 71], "uv_size": [0.5, 0.5]},
								"west": {"uv": [71, 6], "uv_size": [0.5, 0.5]},
								"up": {"uv": [71, 10], "uv_size": [0.5, 0.5]},
								"down": {"uv": [14, 71.5], "uv_size": [0.5, -0.5]}
							}
						},
						{
							"origin": [-2.79757, 1.1848, 3.80517],
							"size": [0.48806, 0.5054, 0.36015],
							"uv": {
								"north": {"uv": [71, 14], "uv_size": [0.5, 0.5]},
								"east": {"uv": [16, 71], "uv_size": [0.5, 0.5]},
								"south": {"uv": [71, 16], "uv_size": [0.5, 0.5]},
								"west": {"uv": [18, 71], "uv_size": [0.5, 0.5]},
								"up": {"uv": [71, 18], "uv_size": [0.5, 0.5]},
								"down": {"uv": [71, 20.5], "uv_size": [0.5, -0.5]}
							}
						}
					]
				},
				{
					"name": "leishe",
					"parent": "bone3",
					"pivot": [1.625, 1.42188, 0.875],
					"rotation": [0, 0, 90]
				},
				{
					"name": "octagon24",
					"parent": "leishe",
					"pivot": [2.5, 2.53984, 0.5625]
				},
				{
					"name": "octagon23",
					"parent": "octagon24",
					"pivot": [2.5, 2.53984, 0.5625]
				},
				{
					"name": "octagon3",
					"parent": "leishe",
					"pivot": [1.4375, 2.47734, 0.1875]
				},
				{
					"name": "octagon4",
					"parent": "octagon3",
					"pivot": [1.4375, 2.47734, 0.1875]
				},
				{
					"name": "octagon5",
					"parent": "leishe",
					"pivot": [0.8125, 1.92188, -0.75859],
					"rotation": [90, 0, 0]
				},
				{
					"name": "octagon6",
					"parent": "octagon5",
					"pivot": [0.8125, 1.92188, -0.75859]
				},
				{
					"name": "octagon7",
					"parent": "octagon5",
					"pivot": [0.8125, 1.89338, -0.7488]
				},
				{
					"name": "octagon22",
					"parent": "octagon5",
					"pivot": [2.5, 1.88461, -0.74473]
				},
				{
					"name": "octagon21",
					"parent": "octagon5",
					"pivot": [2.5, 1.88461, -0.74473]
				},
				{
					"name": "octagon20",
					"parent": "octagon5",
					"pivot": [2.5, 1.89615, -0.74473]
				},
				{
					"name": "octagon19",
					"parent": "octagon5",
					"pivot": [2.5, 1.91867, -0.74473]
				},
				{
					"name": "octagon8",
					"parent": "octagon5",
					"pivot": [0.8125, 1.89338, -0.7488]
				},
				{
					"name": "octagon18",
					"parent": "octagon5",
					"pivot": [0.8125, 1.89338, -0.7488]
				},
				{
					"name": "octagon17",
					"parent": "octagon5",
					"pivot": [0.8125, 1.89338, -0.7488]
				},
				{
					"name": "octagon",
					"parent": "leishe",
					"pivot": [1.1875, 2.73438, 1.375]
				},
				{
					"name": "octagon2",
					"parent": "octagon",
					"pivot": [1.1875, 2.73438, 1.375]
				},
				{
					"name": "bone",
					"parent": "leishe",
					"pivot": [1.625, 1.42188, 0.875]
				},
				{
					"name": "416d_tac_grip2",
					"parent": "leishe",
					"pivot": [1.625, 2.28125, 0.87499]
				}
			]
		}
	]
}