{
    "model": "zeta:gun/las_5_geo",
    "texture": "zeta:gun/uv/las_5",
    "hud": "zeta:gun/hud/las_5",
    "slot": "zeta:gun/slot/las_5",
    "animation": "zeta:las_5",
    "use_default_animation": "rifle",
    "third_person_animation": "default",
    "player_animator_3rd": "tacz:rifle_default.player_animation",
    "ammo_count_style": "percent",
    "state_machine": "zeta:las_5_state_machine",
    "transform": {
      "scale": {
        "thirdperson": [0.75, 0.75, 0.75],
        "ground": [0.6, 0.6, 0.6],
        "fixed": [1.2, 1.2, 1.2]
      }
    },


    "laser": {
     
      "default_color": "0xFFFF00",
    
      "can_edit": true,
      
      "length": 20,
      
      "width": 0.08
    },




    "muzzle_flash": {
      "texture":"tacz:flash/common_muzzle_flash",
      "scale": 0.001
    },
    "sounds": {
      "shoot": "zeta:las_5/shoot",
      "shoot_3p": "zeta:las_5/shoot",
      "inspect": "zeta:las_16/las_16_inspect",
      "inspect_empty": "zeta:las_16/las_16_inspect",
      "draw": "tacz:m4a1/m4a1_draw",
      "put_away": "tacz:m4a1/m4a1_put_away",
      "melee_push": "tacz:melee_stock/melee_stock_01",
      "melee_stock": "tacz:melee_stock/melee_stock_02"
    },
    "offhand_show": {
      "pos": [1, 19, 4],
      "rotate": [0, 0, 50],
      "scale": [0.5, 0.5, 0.5]
    },
    "hotbar_show": {
      "0": {
        "pos": [-1, 19, 3],
        "rotate": [-180, 0, 130],
        "scale": [0.5, 0.5, 0.5]
      }
    }
  }