{
    "model": "zeta:gun/nvk_p125_geo",
    "texture": "zeta:gun/uv/nvk_p125",
    "hud": "zeta:gun/hud/nvk_p125",
    "slot": "zeta:gun/slot/nvk_p125",
    "animation": "tacz:cz75",
    "use_default_animation": "pistol",
    "player_animator_3rd": "tacz:pistol_default.player_animation",
    "transform": {
      "scale": {
        "thirdperson": [0.6, 0.6, 0.6],
        "ground": [0.6, 0.6, 0.6],
        "fixed": [1.0, 1.0, 1.0]
      }
    },
    "text_show": {
      "ammo_count_text_pos": {
        "scale": 0.50,
        "align": "center",
        "shadow": false,
        "color": "#01f1ff",
        "light": 15,
        "text": "%ammo_count%"
      },
      "ammo_count_text_show_pos3": {
      "scale": 0.15,
      "align": "center",
      "shadow": false,
      "color": "#01f1ff",
      "light": 15,
      "text": "-Ammo-"
    }
    },
    "muzzle_flash": {
      "texture": "zeta:flash/nvk_muzzle_flash",
      "scale": 0.4
    },
    "sounds": {
      "reload_empty": "tacz:cz75/cz75_reload_empty",
      "reload_tactical": "tacz:cz75/cz75_reload_tactical",
      "inspect": "tacz:cz75/cz75_inspect",
      "inspect_empty": "tacz:cz75/cz75_inspect_empty",
      "draw": "tacz:cz75/cz75_draw",
      "shoot": "tacz:cz75/cz75_shoot",
      "shoot_3p": "tacz:cz75/cz75_shoot_3p",
      "silence": "tacz:cz75/cz75_silence",
      "silence_3p": "tacz:cz75/cz75_silence_3p"
    },
    "offhand_show": {
      "pos": [4, 13, -1],
      "rotate": [-90, -35, 90],
      "scale": [0.5, 0.5, 0.5]
    },
    "hotbar_show": {
      "0": {
        "pos": [-5, 13, -1],
        "rotate": [-90, -35, 90],
        "scale": [0.5, 0.5, 0.5]
      }
    }
  }