{
  "ammo": "tacz:12g",
  "ammo_amount": 32,
  "bolt": "closed_bolt",
  "rpm": 350,
  "bullet": {
    "life": 0.8,
    "bullet_amount": 12,
    "damage": 40.0,
    "tracer_count_interval": 0,
    "extra_damage": {
      "armor_ignore": 0.3,
      "head_shot_multiplier": 1.00,
      "damage_adjust": [
        {
          "distance": 16,
          "damage": 40
        },
        {
          "distance": 36,
          "damage": 20
        },
        {
          "distance": 56,
          "damage": 10
        },
        {
          "distance": "infinite",
          "damage": 5
        }
      ]
    },
    "speed": 240,
    "gravity": 0.0245,
    "knockback": 0,
    "friction": 0.01,
    "ignite": true,
    "pierce": 1
  },
  "reload": {
    "type": "magazine",
    "feed": {
      "empty": 2.25,
      "tactical": 1.55
    },
    "cooldown": {
      "empty": 2.6,
      "tactical": 2.0
    }
  },
  "draw_time": 0.35,
  "put_away_time": 0.4,
  "aim_time": 0.2,
  "sprint_time": 0.3,
  "fire_mode": [
    "auto"
  ],
  "recoil": {
    "pitch": [
      {
        "time": 0,
        "value": [
          0.55,
          0.55
        ]
      },
      {
        "time": 0.3,
        "value": [
          0.55,
          0.55
        ]
      },
      {
        "time": 0.5,
        "value": [
          -0.125,
          -0.125
        ]
      },
      {
        "time": 0.65,
        "value": [
          0,
          0
        ]
      }
    ],
    "yaw": [
      {
        "time": 0,
        "value": [
          0.15,
          0.25
        ]
      },
      {
        "time": 0.3,
        "value": [
          0.15,
          0.25
        ]
      },
      {
        "time": 0.5,
        "value": [
          0,
          0
        ]
      }
    ]
  },
  "inaccuracy": {
    "stand": 3,
    "move": 3.75,
    "sneak": 2,
    "lie": 2,
    "aim": 2
  }
}