{
  "ammo": "tacz:9mm",
  "rpm": 1800,
  "bullet": {
    "life": 0.8,
    "bullet_amount": 1,
    "damage": 6,
    "tracer_count_interval": 0,
    "extra_damage": {
      "armor_ignore": 0.15,
      "head_shot_multiplier": 1.25,
      "damage_adjust": [
        {"distance": 1, "damage": 7.5},
        {"distance": 18, "damage": 6},
        {"distance": 40, "damage": 5},
        {"distance": 65, "damage": 4.5},
        {"distance": "infinite", "damage": 3.5}
      ]
    },
    "speed": 180,
    "gravity": 0.098,
    "knockback": 0,
    "friction": 0.02,
    "ignite": false,
    "pierce": 1
  },
  "ammo_amount": 50,
  "extended_mag_ammo_amount": [
    60,
    70,
    80
  ],
  "bolt": "open_bolt",
  "reload": {
    "type": "magazine",
    "feed": {
      "empty": 3.21,
      "tactical": 2.63
    },
    "cooldown": {
      "empty": 3.5,
      "tactical": 3
    }
  },
  "draw_time": 0.32,
  "put_away_time": 0.35,
  "sprint_time": 0.2,
  "aim_time": 0.17,
  "fire_mode": [
    "auto"
  ],
  "allow_attachment_types": [
    "scope",
    "stock",
    "grip",
    "muzzle",
    "extended_mag"
  ],
  "recoil": {
    "pitch": [
      {"time": 0, "value": [1, 1]},
      {"time": 0.3, "value": [1, 1]},
      {"time": 0.5, "value": [-0.125, -0.125]},
      {"time": 0.65, "value": [0, 0]}
    ],
    "yaw": [
      {"time": 0, "value": [0.15, 0.25]},
      {"time": 0.3, "value": [0.15, 0.25]},
      {"time": 0.5, "value": [0, 0]}
    ]
  },
  "inaccuracy": {
    "stand": 4,
    "move": 6,
    "sneak": 3,
    "lie": 2,
    "aim": 2
  }
  
}