{
  "materials": [
    {
      "item": {
        "item": "minecraft:obsidian"
      },
      "count": 12
    },
    {
      "item": {
        "item": "minecraft:diamond"
      },
      "count": 15
    },
    {
      "item": {
        "type": "forge:partial_nbt",
        "item": "tacz:attachment",
        "nbt": {
          "AttachmentId": "emxarms:ammo_h2"
        }
      },
      "count": 1
    },
    {
      "item": {
        "type": "forge:partial_nbt",
        "item": "tacz:attachment",
        "nbt": {
          "AttachmentId": "tacz:extended_mag_1"
        }
      },
      "count": 1
    }
  ],
  "result": {
    "type": "attachment",
    "id": "emxarms:ammo_h3"
  },
  "type": "tacz:gun_smith_table_crafting"
}