{
  "materials": [
    {
      "item": {
        "item": "minecraft:blaze_powder"
      },
      "count": 20
    },
    {
      "item": {
        "item": "minecraft:gunpowder"
      },
      "count": 10
    },
    {
      "item": {
        "item": "minecraft:gold_ingot"
      },
      "count": 15
    },
    {
      "item": {
        "type": "forge:partial_nbt",
        "item": "tacz:attachment",
        "nbt": {
          "AttachmentId": "emxarms:ammo_l2"
        }
      },
      "count": 1
    }
  ],
  "result": {
    "type": "attachment",
    "id": "emxarms:ammo_l2_if"
  },
  "type": "tacz:gun_smith_table_crafting"
}