{
  "ammo": "emxarms:339x57",
  "ammo_amount": 80,
  "extended_mag_ammo_amount": [
    120,
    150,
    200
  ],
  "bolt": "open_bolt",
  "rpm": 600,
  "bullet": {
    "life": 0.75,
    "bullet_amount": 1,
    "damage": 10.2,
    "tracer_count_interval": 0,
    "extra_damage": {
      "armor_ignore": 0.20,
      "head_shot_multiplier": 1.35,
      "damage_adjust": [
        {"distance": 15, "damage": 29.2},
		{"distance": 25, "damage": 27.7},
        {"distance": 40, "damage": 26.2},
        {"distance": "infinite", "damage": 25.8}
      ]
    },
    // 点燃目标
    "ignite": false,
    // 点燃时间，默认为 2 秒，仅用于实体
    "ignite_entity_time": 12,
    "speed": 280,
    "gravity": 0.0245,
    "knockback": 0,
    "friction": 0.01,
    "ignite": false,
    "pierce": 1
  },
  "reload": {
    "type": "magazine",
    "feed": {
      "empty": 2.8,
      "tactical": 2.8
    },
    "cooldown": {
      "empty": 4.7,
      "tactical": 3.8
    }
  },
  "draw_time": 0.55,
  "put_away_time": 1.1,
  "aim_time": 0.45,
  "sprint_time": 0.21,
  //重量
  "weight": 8,
  "movement_speed": {
    "base": 0.0,
    "aim": -0.25,
    "reload": -0.2
  },
  "fire_mode": [
    "auto",
    "burst"
  ],
  "burst_data": {
    "continuous_shoot": true,
    "count": 3,
    "bpm": 800,
    "min_interval": 0.2
  },
  "recoil": {
    "pitch": [
      {"time": 0, "value": [0.88, 0.98]},
      {"time": 0.3, "value": [0.65, 0.65]},
      {"time": 0.5, "value": [-0.125, -0.125]},
      {"time": 0.65, "value": [0, 0]}
    ],
    "yaw": [
      {"time": 0, "value": [-0.29, 0.29]},
      {"time": 0.3, "value": [-0.29, 0.29]},
      {"time": 0.5, "value": [0, 0]}
    ]
  },
  "inaccuracy": {
    "stand": 7.5,
    "move": 8.2,
    "sneak": 6.8,
    "lie": 6.6,
    "aim": 1.0
  },
  "melee": {
    // 枪械距离参数，用来延升近战攻击范围
    // 会与刺刀等配件的距离做加和
    "distance": 1,
    // 使用时的冷却时间
    "cooldown": 0.7,
    // 默认近战数据，会被配件的数据替换掉
    "default": {
      // 动画类型：没有枪托的为 melee_push，有枪托的为 melee_stock
      "animation_type": "melee_push",
      // 刺刀距离参数，枪械里还有个刺刀攻击距离参数，两者做加和
      "distance": 2,
      // 刺刀范围角度
      "range_angle": 30,
      // 伤害值
      "damage": 3.2,
      // 击退效果
      "knockback": 0.5,
      // 前摇时长，单位：秒
      "prep": 0.1
    }
  },
  "allow_attachment_types": [
    "scope",
    "grip",
	"stock",
	"muzzle",
    "extended_mag"
  ],
  "exclusive_attachments": {
  }
}