{
  "ammo": "emxarms:339x57x",
  "rpm": 1200,
  "bullet": {
    "life": 0.6,
    "bullet_amount": 1,
    "damage": 10,
    "tracer_count_interval": 0,
    "extra_damage": {
      "armor_ignore": 0.15,
      "head_shot_multiplier": 1.95,
      "damage_adjust": [
		{"distance": 15, "damage": 30},
        {"distance": 30, "damage": 28.5},
        {"distance": "infinite", "damage": 27}
      ]
    },
    // 点燃目标
    "ignite": false,
    // 点燃时间，默认为 2 秒，仅用于实体
    "ignite_entity_time": 6,
    "speed": 210,
    "gravity": 0.0245,
    "knockback": 0.01,
    "friction": 0.012,
    "ignite": false,
    "pierce": 1,
    "explosion": {
		"explode": true,
		"radius": 0.5,
		"damage": 5,
		"delay": 3
		}
  },
  "ammo_amount": 30,
  "extended_mag_ammo_amount": [
    33,
    36,
    45
  ],
  "bolt": "closed_bolt",
  "reload": {
    "type": "magazine",
    "feed": {
      "empty": 2.03,
      "tactical": 1.67
    },
    "cooldown": {
      "empty": 2.47,
      "tactical": 2.2
    }
  },
  "draw_time": 0.37,
  "put_away_time": 0.27,
  "sprint_time": 0.2,
  "aim_time": 0.1,
  //重量
  "weight": 3.25,
  "movement_speed": {
    "base": 0.0,
    "aim": -0.1,
    "reload": 0
  },
  "fire_mode": [
    "auto",
    "burst",
    "semi"
  ],
  "fire_mode_adjust": {
    // 全自动状态的数值调整，如无调整可不写
    "auto": {
      // 加算，全自动模式的开火数值调整，如无调整可不写
      "damage": 0,
      "rpm": 0,
      "speed": -30,
      "knockback": 0,
      "armor_ignore": 5,
      "head_shot_multiplier": 0,
      "aim_inaccuracy": 0,
      "other_inaccuracy": 0
    },
    // 半自动状态的数值调整，如无调整可不写
    "semi": {
      // 加算，半自动模式的开火数值调整，如无调整可不写
      "damage": 8,
      "rpm": -400,
      "speed": 30,
      "knockback": 0.1,
      "armor_ignore": 0.2,
      "head_shot_multiplier": 0.1,
      "aim_inaccuracy": -0.1,
      "other_inaccuracy": -0.5
    },
    // 多连发状态的数值调整，如无调整可不写
     "burst": {
      // 加算，多连发模式的开火数值调整，如无调整可不写
       "damage": 9,
       "rpm": 0,
       "speed": 0,
       "knockback": 0,
       "armor_ignore": 0.05,
       "head_shot_multiplier": 0.3,
       "aim_inaccuracy": 0,
       "other_inaccuracy": 0
     }
  },
  "burst_data": {
    "continuous_shoot": true,
    "count": 3,
    "bpm": 1200,
    "min_interval": 0.1
  },
  "melee": {
    // 枪械距离参数，用来延升近战攻击范围
    // 会与刺刀等配件的距离做加和
    "distance": 1,
    // 使用时的冷却时间
    "cooldown": 0.6,
    // 默认近战数据，会被配件的数据替换掉
    "default": {
      // 动画类型：没有枪托的为 melee_push，有枪托的为 melee_stock
      "animation_type": "melee_push",
      // 刺刀距离参数，枪械里还有个刺刀攻击距离参数，两者做加和
      "distance": 2,
      // 刺刀范围角度
      "range_angle": 30,
      // 伤害值
      "damage": 2.0,
      // 击退效果
      "knockback": 0.5,
      // 前摇时长，单位：秒
      "prep": 0.1
    }
  },
  "allow_attachment_types": [
    "scope",
    "grip",
    "extended_mag"
  ],
  "recoil": {
    "pitch": [
      {"time": 0, "value": [0.65, 0.65]},
      {"time": 0.12, "value": [0.65, 0.65]},
      {"time": 0.3, "value": [-0.2, -0.2]},
      {"time": 0.45, "value": [0, 0]}
    ],
    "yaw": [
      {"time": 0, "value": [-0.15, 0.15]},
      {"time": 0.12, "value": [-0.15, 0.15]},
      {"time": 0.3, "value": [0, 0]}
    ]
  },
  "inaccuracy": {
    "stand": 0.1,
    "move": 0.15,
    "sneak": 0,
    "lie": 0,
    "aim": 0
  }
}