{
  "ammo": "emxarms:1045x103belt",
  "ammo_amount": 160,
  "extended_mag_ammo_amount": [
    240,
    360,
    720
  ],
  "bolt": "open_bolt",
  "rpm": 240,
  "bullet": {
    "life": 0.75,
    "bullet_amount": 1,
    "damage": 45.5,
    "tracer_count_interval": 0,
    "extra_damage": {
      "armor_ignore": 1.00,
      "head_shot_multiplier": 1.20,
      "damage_adjust": [
        {"distance": 40, "damage": 100},
        {"distance": 80, "damage": 95.0},
        {"distance": "infinite", "damage": 90.0}
      ]
    },
    // 点燃目标
    "ignite": false,
    // 点燃时间，默认为 2 秒，仅用于实体
    "ignite_entity_time": 18,
    "speed": 240,
    "gravity": 0.0245,
    "knockback": 1.0,
    "friction": 0.01,
    "ignite": false,
    "pierce": 2
  },
  "reload": {
    "type": "magazine",
    "feed": {
      "empty": 9.9,
      "tactical": 9.9
    },
    "cooldown": {
      "empty": 12.0,
      "tactical": 12.0
    }
  },
  "draw_time": 2.0,
  "put_away_time": 2.0,
  "aim_time": 0.65,
  "sprint_time": 0.21,
  "weight": 25.1,
  "movement_speed": {
    "base": 0.0,
    "aim": -0.25,
    "reload": -0.5
  },
  "fire_mode": [
    "auto",
    "burst"
  ],
  "burst_data": {
    "continuous_shoot": true,
    "count": 1,
    "bpm": 600,
    "min_interval": 0.1
  },
  "recoil": {
    "pitch": [
      {"time": 0, "value": [0.88, 0.98]},
      {"time": 0.3, "value": [0.65, 0.65]},
      {"time": 0.5, "value": [-0.125, -0.125]},
      {"time": 0.65, "value": [0, 0]}
    ],
    "yaw": [
      {"time": 0, "value": [-0.29, 0.29]},
      {"time": 0.3, "value": [-0.29, 0.29]},
      {"time": 0.5, "value": [0, 0]}
    ]
  },
  "inaccuracy": {
    "stand": 3.5,
    "move": 4.2,
    "sneak": 3.8,
    "lie": 3.6,
    "aim": 1.0
  },
  "melee": {
    // 枪械距离参数，用来延升近战攻击范围
    // 会与刺刀等配件的距离做加和
    "distance": 1,
    // 使用时的冷却时间
    "cooldown": 1.0
  },
  "allow_attachment_types": [
    "scope",
    "grip",
	"stock",
	"muzzle",
    "extended_mag"
  ],
  "script": "emxarms:emx_sf7b_logic",
  "exclusive_attachments": {
  }
}