{
  "ammo": "emxarms:402x31",
  "rpm": 320,
  "bullet": {
    "life": 0.7,
    "bullet_amount": 1,
    "damage": 14,
    "tracer_count_interval": 0,
    "extra_damage": {
      "armor_ignore": 0.3,
      "head_shot_multiplier": 1.65,
      "damage_adjust": [
        {"distance": 14.5, "damage": 20},
        {"distance": 29.5, "damage": 18},
        {"distance": 49.5, "damage": 15},
        {"distance": "infinite", "damage": 12}
      ]
    },
    // 点燃目标
    "ignite": false,
    // 点燃时间，默认为 2 秒，仅用于实体
    "ignite_entity_time": 10,
    "speed": 170,
    "gravity": 0.0245,
    "knockback": 0,
    "friction": 0.012,
    "ignite": false,
    "pierce": 2
  },
  "ammo_amount": 10,
  "extended_mag_ammo_amount": [
    11,
    12,
    14
  ],
  "bolt": "closed_bolt",
  "reload": {
    "type": "magazine",
    "feed": {
      "empty": 1.67,
      "tactical": 1.2
    },
    "cooldown": {
      "empty": 2,
      "tactical": 1.64
    }
  },
  "draw_time": 0.35,
  "put_away_time": 0.33,
  "aim_time": 0.2,
  "sprint_time": 0.2,
  //重量
  "weight": 1.95,
  "movement_speed": {
    "base": 0.0,
    "aim": -0.1,
    "reload": 0
  },
  "fire_mode": [
    "semi"
  ],
  "melee": {
    // 枪械距离参数，用来延升近战攻击范围
    // 会与刺刀等配件的距离做加和
    "distance": 1,
    // 使用时的冷却时间
    "cooldown": 0.6,
    // 默认近战数据，会被配件的数据替换掉
    "default": {
      // 动画类型：没有枪托的为 melee_push，有枪托的为 melee_stock
      "animation_type": "melee_push",
      // 刺刀距离参数，枪械里还有个刺刀攻击距离参数，两者做加和
      "distance": 2,
      // 刺刀范围角度
      "range_angle": 30,
      // 伤害值
      "damage": 3.2,
      // 击退效果
      "knockback": 0.5,
      // 前摇时长，单位：秒
      "prep": 0.1
    }
  },
  "allow_attachment_types": [
    "scope",
	"grip",
	"stock",
	"muzzle",
    "extended_mag"
  ],
  "recoil": {
    "pitch": [
      {"time": 0, "value": [0.95, 0.95]},
      {"time": 0.4, "value": [0.95, 0.95]},
      {"time": 0.65, "value": [-0.225, -0.225]},
      {"time": 0.85, "value": [0.125, 0.125]},
      {"time": 1.1, "value": [0, 0]},
      {"time": 1.2, "value": [0, 0]}
    ],
    "yaw": [
      {"time": 0, "value": [-0.3, 0.3]},
      {"time": 0.5, "value": [0, 0]}
    ]
  },
  "inaccuracy": {
    "stand": 4.25,
    "move": 5,
    "sneak": 3.5,
    "lie": 2.5,
    "aim": 0.1
  }
}