{
  "materials": [
    {
      "item": {
        "tag": "forge:ingots/iron"
      },
      "count": 72
    },
    {
      "item": {
        "tag": "forge:ingots/gold"
      },
      "count": 16
    },
    {
      "item": {
        "tag": "forge:gems/diamond"
      },
      "count": 4
    },
    {
      "item": {
        "tag": "minecraft:logs"
      },
      "count": 1
    }
  ],
  "result": {
    "type": "gun",
    "id": "helldiver2:jar5_dominator"
  },
  "type": "tacz:gun_smith_table_crafting"
}