{
  "materials": [
    {
      "item": {
        "tag": "forge:ingots/iron"
      },
      "count": 128
    },
    {
      "item": {
        "tag": "forge:ingots/gold"
      },
      "count": 32
    },
    {
      "item": {
        "tag": "forge:gems/diamond"
      },
      "count": 4
    },
    {
      "item": {
        "tag": "forge:dyes/green"
      },
      "count": 2
    },
    {
      "item": {
        "tag": "forge:dyes/lime"
      },
      "count": 2
    }
  ],
  "result": {
    "type": "gun",
    "id": "helldiver2:r36_eruptor"
  },
  "type": "tacz:gun_smith_table_crafting"
}