{
  "materials": [
    {
      "item": {
        "tag": "forge:ingots/iron"
      },
      "count": 56
    },
    {
      "item": {
        "tag": "forge:gems/quartz"
      },
      "count": 12
    },
    {
      "item": {
        "tag": "forge:dyes/lime"
      },
      "count": 2
    },
    {
      "item": {
        "tag": "forge:dyes/black"
      },
      "count": 2
    }
  ],
  "result": {
    "type": "gun",
    "id": "helldiver2:r63cs_diligence"
  },
  "type": "tacz:gun_smith_table_crafting"
}