{
  "materials": [
    {
      "item": {
        "tag": "forge:ingots/iron"
      },
      "count": 48
    },
    {
      "item": {
        "tag": "forge:dusts/redstone"
      },
      "count": 32
    },
    {
      "item": {
        "tag": "forge:dyes/orange"
      },
      "count": 4
    },
    {
      "item": {
        "item": "minecraft:flint_and_steel"
      },
      "count": 2
    },
    {
      "item": {
        "item": "minecraft:blaze_powder"
      },
      "count": 8
    }
  ],
  "result": {
    "type": "gun",
    "id": "helldiver2:sg225ie_breaker"
  },
  "type": "tacz:gun_smith_table_crafting"
}