{
	"format_version": "1.12.0",
	"minecraft:geometry": [
		{
			"description": {
				"identifier": "geometry.unknown",
				"texture_width": 16,
				"texture_height": 16,
				"visible_bounds_width": 2,
				"visible_bounds_height": 1.5,
				"visible_bounds_offset": [0, 0.25, 0]
			},
			"bones": [
				{
					"name": "main",
					"pivot": [0, 0, 0],
					"cubes": [
						{
							"origin": [-0.5, 0.125, 0],
							"size": [1, 0.25, 2],
							"uv": {
								"north": {"uv": [1, 8], "uv_size": [1, 0.25]},
								"east": {"uv": [6, 5], "uv_size": [2, 0.25]},
								"south": {"uv": [4, 8], "uv_size": [1, 0.25]},
								"west": {"uv": [6, 6], "uv_size": [2, 0.25]},
								"up": {"uv": [4, 0], "uv_size": [1, 2]},
								"down": {"uv": [4, 4], "uv_size": [1, -2]}
							}
						},
						{
							"origin": [-0.5, -0.125, 0.25],
							"size": [1, 0.25, 1.5],
							"uv": {
								"north": {"uv": [4, 9], "uv_size": [1, 0.25]},
								"east": {"uv": [8, 0], "uv_size": [1.5, 0.25]},
								"south": {"uv": [5, 9], "uv_size": [1, 0.25]},
								"west": {"uv": [8, 1], "uv_size": [1.5, 0.25]},
								"up": {"uv": [6, 0], "uv_size": [1, 1.5]},
								"down": {"uv": [1, 7.5], "uv_size": [1, -1.5]}
							}
						},
						{
							"origin": [-0.5, 0.36872, 1.44194],
							"size": [1, 0.25, 0.35355],
							"pivot": [0, 0.49372, 2.19194],
							"rotation": [45, 0, 0],
							"uv": {
								"north": {"uv": [6, 9], "uv_size": [1, 0.25]},
								"east": {"uv": [11, 3], "uv_size": [0.25, 0.25]},
								"south": {"uv": [7, 9], "uv_size": [1, 0.25]},
								"west": {"uv": [4, 11], "uv_size": [0.25, 0.25]},
								"up": {"uv": [8, 9], "uv_size": [1, 0.25]},
								"down": {"uv": [9, 9.25], "uv_size": [1, -0.25]}
							}
						},
						{
							"origin": [-0.5, 0.36872, 0.2045],
							"size": [1, 0.25, 0.35355],
							"pivot": [0, 0.49372, -0.19194],
							"rotation": [-45, 0, 0],
							"uv": {
								"north": {"uv": [0, 10], "uv_size": [1, 0.25]},
								"east": {"uv": [11, 4], "uv_size": [0.25, 0.25]},
								"south": {"uv": [10, 0], "uv_size": [1, 0.25]},
								"west": {"uv": [5, 11], "uv_size": [0.25, 0.25]},
								"up": {"uv": [1, 10], "uv_size": [1, 0.25]},
								"down": {"uv": [10, 1.25], "uv_size": [1, -0.25]}
							}
						},
						{
							"origin": [-0.5625, 0, 0.3125],
							"size": [1.125, 0.25, 0.25],
							"pivot": [0, 0.125, 0.4375],
							"rotation": [-45, 0, 0],
							"uv": {
								"north": {"uv": [8, 2], "uv_size": [1.25, 0.25]},
								"east": {"uv": [10, 10], "uv_size": [0.25, 0.25]},
								"south": {"uv": [8, 3], "uv_size": [1.25, 0.25]},
								"west": {"uv": [0, 11], "uv_size": [0.25, 0.25]},
								"up": {"uv": [8, 4], "uv_size": [1.25, 0.25]},
								"down": {"uv": [8, 5.25], "uv_size": [1.25, -0.25]}
							}
						},
						{
							"origin": [-0.5625, 0, 1.4375],
							"size": [1.125, 0.25, 0.25],
							"pivot": [0, 0.125, 1.5625],
							"rotation": [-45, 0, 0],
							"uv": {
								"north": {"uv": [6, 8], "uv_size": [1.25, 0.25]},
								"east": {"uv": [11, 0], "uv_size": [0.25, 0.25]},
								"south": {"uv": [8, 6], "uv_size": [1.25, 0.25]},
								"west": {"uv": [1, 11], "uv_size": [0.25, 0.25]},
								"up": {"uv": [8, 7], "uv_size": [1.25, 0.25]},
								"down": {"uv": [8, 8.25], "uv_size": [1.25, -0.25]}
							}
						},
						{
							"origin": [-0.5, -3.125, 0.75],
							"size": [1, 3, 0.5],
							"uv": {
								"north": {"uv": [0, 0], "uv_size": [1, 3]},
								"east": {"uv": [4, 4], "uv_size": [0.5, 3]},
								"south": {"uv": [1, 0], "uv_size": [1, 3]},
								"west": {"uv": [5, 0], "uv_size": [0.5, 3]},
								"up": {"uv": [7, 0], "uv_size": [1, 0.5]},
								"down": {"uv": [7, 1.5], "uv_size": [1, -0.5]}
							}
						},
						{
							"origin": [-0.53033, -3.125, 0.82322],
							"size": [1.06066, 3, 0.35355],
							"pivot": [0, -1.625, 1],
							"rotation": [0, -45, 0],
							"uv": {
								"north": {"uv": [3, 0], "uv_size": [1, 3]},
								"east": {"uv": [2, 6], "uv_size": [0.25, 3]},
								"south": {"uv": [1, 3], "uv_size": [1, 3]},
								"west": {"uv": [6, 2], "uv_size": [0.25, 3]},
								"up": {"uv": [0, 9], "uv_size": [1, 0.25]},
								"down": {"uv": [1, 9.25], "uv_size": [1, -0.25]}
							}
						},
						{
							"origin": [-0.53033, -3.125, 0.82322],
							"size": [1.06066, 3, 0.35355],
							"pivot": [0, -1.625, 1],
							"rotation": [0, -135, 0],
							"uv": {
								"north": {"uv": [2, 3], "uv_size": [1, 3]},
								"east": {"uv": [3, 6], "uv_size": [0.25, 3]},
								"south": {"uv": [3, 3], "uv_size": [1, 3]},
								"west": {"uv": [5, 6], "uv_size": [0.25, 3]},
								"up": {"uv": [2, 9], "uv_size": [1, 0.25]},
								"down": {"uv": [3, 9.25], "uv_size": [1, -0.25]}
							}
						},
						{
							"origin": [-0.25, -3.125, 0.5],
							"size": [0.5, 3, 1],
							"uv": {
								"north": {"uv": [5, 3], "uv_size": [0.5, 3]},
								"east": {"uv": [2, 0], "uv_size": [1, 3]},
								"south": {"uv": [0, 6], "uv_size": [0.5, 3]},
								"west": {"uv": [0, 3], "uv_size": [1, 3]},
								"up": {"uv": [7, 2], "uv_size": [0.5, 1]},
								"down": {"uv": [7, 4], "uv_size": [0.5, -1]}
							}
						},
						{
							"origin": [-0.375, -3.375, 0.8125],
							"size": [0.75, 0.25, 0.375],
							"uv": {
								"north": {"uv": [7, 10], "uv_size": [0.75, 0.25]},
								"east": {"uv": [9, 10], "uv_size": [0.5, 0.25]},
								"south": {"uv": [10, 7], "uv_size": [0.75, 0.25]},
								"west": {"uv": [10, 9], "uv_size": [0.5, 0.25]},
								"up": {"uv": [6, 7], "uv_size": [0.75, 0.5]},
								"down": {"uv": [7, 7.5], "uv_size": [0.75, -0.5]}
							}
						},
						{
							"origin": [-0.39775, -3.375, 0.86742],
							"size": [0.7955, 0.25, 0.26517],
							"pivot": [0, -3.25, 1],
							"rotation": [0, -135, 0],
							"uv": {
								"north": {"uv": [5, 10], "uv_size": [0.75, 0.25]},
								"east": {"uv": [11, 2], "uv_size": [0.25, 0.25]},
								"south": {"uv": [10, 5], "uv_size": [0.75, 0.25]},
								"west": {"uv": [3, 11], "uv_size": [0.25, 0.25]},
								"up": {"uv": [6, 10], "uv_size": [0.75, 0.25]},
								"down": {"uv": [10, 6.25], "uv_size": [0.75, -0.25]}
							}
						},
						{
							"origin": [-0.1875, -3.375, 0.625],
							"size": [0.375, 0.25, 0.75],
							"uv": {
								"north": {"uv": [8, 10], "uv_size": [0.5, 0.25]},
								"east": {"uv": [4, 10], "uv_size": [0.75, 0.25]},
								"south": {"uv": [10, 8], "uv_size": [0.5, 0.25]},
								"west": {"uv": [10, 4], "uv_size": [0.75, 0.25]},
								"up": {"uv": [4, 7], "uv_size": [0.5, 0.75]},
								"down": {"uv": [7, 4.75], "uv_size": [0.5, -0.75]}
							}
						},
						{
							"origin": [-0.39775, -3.375, 0.86742],
							"size": [0.7955, 0.25, 0.26517],
							"pivot": [0, -3.25, 1],
							"rotation": [0, -45, 0],
							"uv": {
								"north": {"uv": [2, 10], "uv_size": [0.75, 0.25]},
								"east": {"uv": [11, 1], "uv_size": [0.25, 0.25]},
								"south": {"uv": [10, 2], "uv_size": [0.75, 0.25]},
								"west": {"uv": [2, 11], "uv_size": [0.25, 0.25]},
								"up": {"uv": [3, 10], "uv_size": [0.75, 0.25]},
								"down": {"uv": [10, 3.25], "uv_size": [0.75, -0.25]}
							}
						}
					]
				}
			]
		}
	]
}