{
  "ammo": "trisdyna:emx_s10",
  "rpm": 200,
  "ammo_amount": 1,
  "extended_mag_ammo_amount": [
    1,
    1,
    1
  ],
  "bolt": "open_bolt",
  "bullet": {
    "life": 5,
    "bullet_amount": 1,
    "damage": 485.0,
    "extra_damage": {
      "armor_ignore": 0.8,
      "head_shot_multiplier": 1.0,
      "damage_adjust": [
        {"distance": 150, "damage": 485.0},
        {"distance": "infinite", "damage": 370.0}
      ]
    },
    "speed": 300,
    "gravity": 0.0,
    "knockback": 1,
    "friction": 0.05,
    "ignite": false,
    "pierce": 10,
    // 点燃目标
    // "ignite": false,
    "ignite": {
      // 点燃实体
      "entity": true,
      // 点燃方块
      "block": false
    },
    // 点燃时间，默认为 2 秒，仅用于实体
    "ignite_entity_time": 40,
    "explosion": {
      "explode": true,
      "damage": 335,
      "radius": 12,
      "knockback": false,
      "delay": 30
    }
  },
  "heat":  {
    // 是否使用过热系统，默认为 false，禁用时下方的所有设置不生效
    "use_heat": true,
    // 是否使用无限弹匣内弹药，默认为 false，建议搭配下方弹匣锁一同使用
    "infinite_ammo": false,
    // 弹匣锁（弹药直读时无效），弹匣锁触发时不会冷却，直至换弹结束后完全冷却（disabled 禁用弹匣锁，over_heat 完全过热时上锁，all 不再自动冷却，assist 不会上锁，但是可以依靠换弹冷却）
    "magazine_lock_type": "assist",
    // 过热计数器上限
    "upper_limit": 84,
    // 每次射击（每发子弹）增加的过热计数器值
    "heat_rate": 84,
    // 每 tick 降低的过热计数器值，在被弹匣锁时不会生效，默认在停止射击（且超出连射间隔）50ms（1 tick）后开始冷却，如果过热则需要额外加上过热惩罚时间
    "cooling_rate": 1,
    // 停止射击（且超出连射间隔）后开始冷却需要等待的延迟时间，单位秒
    "cooling_delay": 0.01,
    // 过热惩罚时间，单位秒，过热时射击会额外增加此时间作为冷却延迟
    "over_heat_time": 1
  },
  "reload": {
    "type": "inventory",
    "feed": {
      "empty": 1.48,
	  "tactical": 1.48
    },
    "cooldown": {
      "empty": 1,
	  "tactical": 1
    }
  },
  "draw_time": 2.0,
  "put_away_time": 1.85,
  "aim_time": 0.5,
  "sprint_time": 0.8,
  "weight": 40.0,
  "movement_speed": {
    "base": 0.0,
    "aim": -0.1,
    "reload": -1.0
  },
  "crawl_recoil_multiplier": 0.5,
  "fire_mode": [
    "auto"
  ],
  "recoil": {
    "pitch": [
      {"time": 0, "value": [0.05, 0.05]},
      {"time": 0.3, "value": [0.05, 0.05]},
      {"time": 0.55, "value": [-0.075, -0.075]},
      {"time": 0.8, "value": [0.025, 0.025]},
      {"time": 1.2, "value": [0, 0]},
      {"time": 1.4, "value": [0, 0]}
    ],
    "yaw": [
      {"time": 0, "value": [-0.04, 0.04]},
      {"time": 0.55, "value": [0, 0]}
    ]
  },
  //"allow_attachment_types": [
    //"extended_mag",
	//"muzzle"
  //],
  "inaccuracy": {
    "stand": 0.0,
    "move": 0.0,
    "sneak": 0.0,
    "lie": 0.0,
    "aim": 0.0
  },
  "allow_attachment_types": [
    "scope",
    "grip",
	"stock",
	"muzzle",
    "extended_mag"
  ],
  // 近战相关
  "melee": {
    // 枪械距离参数，用来延升近战攻击范围
    // 会与刺刀等配件的距离做加和
    "distance": 1,
    // 使用时的冷却时间
    "cooldown": 0.5,
    // 默认近战数据，会被配件的数据替换掉
    "default": {
      // 动画类型：没有枪托的为 melee_push，有枪托的为 melee_stock
      "animation_type": "melee_stock",
      // 刺刀距离参数，枪械里还有个刺刀攻击距离参数，两者做加和
      "distance": 1,
      // 刺刀范围角度
      "range_angle": 30,
      // 伤害值
      "damage": 2,
      // 击退效果
      "knockback": 0.75,
      // 前摇时长，单位：秒
      "prep": 0.1
    }
  }
}