{
  // 指定枪械弹药，此处我们使用默认枪包中的 7.62x39mm 步枪弹。
  "ammo": "tacz:308",
  // 弹容
  "ammo_amount": 150,
  // 枪栓类型。此处我们先按照 ak47 的类型填入 closed_bolt，以后再进行详细解释。
  "bolt": "open_bolt",
  // 每分钟射出弹药量，最大不应超过 1200
  "rpm": 950,
  // 子弹实体属性
  "bullet": {
	// 额外伤害的内容，为空则表示没有任何额外伤害计算内容
	"extra_damage": {
		// 护甲穿透率，默认为 0，也就是没有穿甲伤害
		"armor_ignore": 0.6,
		// 爆头伤害 x1.5
		"head_shot_multiplier": 1.5,
		// 距离-伤害分段常函数
		"damage_adjust": [
			// 每一段区间的伤害数值，Distance指的是区间终点距离
			{"distance": 1.5, "damage": 40},
			{"distance": 9, "damage": 32},
			{"distance": 23, "damage": 28},
                        {"distance": 45, "damage": 25.5},
			// 如果你忘记写这个无穷，那么超过上述距离，就认为是 0
			{"distance": "infinite", "damage": 20}
		]
	},
    // 寿命，单位秒
    "life": 2,
    // 伤害
    "damage": 11,
    // 曳光弹间隔数量，没有此字段则不发射曳光弹
    // 设置为 0 则是每发都是曳光弹
    "tracer_count_interval": 0,
    // 速度 m/s
    "speed": 300,
    // 重力
    "gravity": 0.098,
    // 击退效果
    "knockback": 0.2,
    // 飞行阻力
    "friction": 0.01,
    // 是否点燃目标
    "ignite": false,
    // 穿透实体的最大数量
    "pierce": 2
    // 爆炸参数，用于 rpg 等爆炸性武器，如果没有填写，则弹头不会爆炸
    //"explosion": {
    //  "radius": 5
    //}
  },
  // 换弹参数
  "reload": {
    // 此处先填入 magazine，详细含义在以后解释。
    "type": "magazine",
    // 弹匣供弹完成时间，到达此时间点，服务端就更新枪内子弹数量
    // 通常对应着动画当中弹匣插入的瞬间。
    "feed": {
      // 空仓换弹
      "empty": 2.92,
      // 战术换弹
      "tactical": 2.92
    },
    // 弹匣供弹总时长（秒），到达此时间点，枪械才可以进行开火、检视等行为。
    // 通常对应着动画当中枪械回到原位的瞬间。
    "cooldown": {
      // 空仓换弹
      "empty": 5,
      // 战术换弹
      "tactical": 5
    }
  },
  // 枪械抬起的动作时长，单位秒。
  "draw_time": 1.84,
  // 收枪的动作时长，单位秒。
  "put_away_time": 0.4,
  // 瞄准时长，单位秒。
  "aim_time": 0.25,
  // 疾跑状态切换时长，单位秒。
  "sprint_time": 0.3,
  // 开火模式
  "fire_mode": [
    // 全自动
    "auto",
    // 半自动
    "semi"
  ],
  // 后坐力，pitch 和yaw 分别至少需要两个关键帧
  "recoil": {
    "pitch": [
      {"time": 0, "value": [0.6, 0.6]},
      {"time": 0.2, "value": [0.6, 0.6]},
      {"time": 0.55, "value": [-0.25, -0.25]},
      {"time": 0.7, "value": [0, 0]}
    ],
    "yaw": [
      {"time": 0, "value": [-0.65, 0.65]},
      {"time": 0.3, "value": [-0.2, 0.2]},
      {"time": 0.55, "value": [0, 0]}
    ]
  },

  // 不准确度
  "inaccuracy": {
    // 站立射击散布
    "stand": 3,
    // 移动射击散布
    "move": 4.2,
    // 潜行射击散布
    "sneak": 2.5,
    // 趴下射击散布
    "lie": 1.1,
    // 瞄准射击时散布
    "aim": 0.125
  },
  // 近战相关
  "melee": {
    // 枪械距离参数，用来延升近战攻击范围
    // 会与刺刀等配件的距离做加和
    "distance": 1,
    // 使用时的冷却时间
    "cooldown": 2,
    // 默认近战数据，会被配件的数据替换掉
    "default": {
      // 动画类型：没有枪托的为 melee_push，有枪托的为 melee_stock
      "animation_type": "melee_stock",
      // 刺刀距离参数，枪械里还有个刺刀攻击距离参数，两者做加和
      "distance": 0,
      // 刺刀范围角度
      "range_angle": 30,
      // 伤害值
      "damage": 10,
      // 击退效果
      "knockback": 3,
      // 前摇时长，单位：秒
      "prep": 0.2
    }
  },
  "allow_attachment_types": [
  ],
  "exclusive_attachments": {
  }
}
