{
  "materials": [
    {
      "item": {
        "type": "forge:partial_nbt",
        "item": "tacz:ammo",
        "nbt": {
          "AmmoId": "emxcust:emx_cus_tool"
        }
      },
      "count": 2
    },
    {
      "item": {
        "type": "forge:partial_nbt",
        "item": "tacz:modern_kinetic_gun",
        "nbt": {
          "GunId": "trisdyna:fl3e"
        }
      },
      "count": 1
    },
    {
      "item": {
        "item": "minecraft:red_dye"
      },
      "count": 4
    },
    {
      "item": {
        "item": "minecraft:redstone"
      },
      "count": 10
    }
  ],
  "result": {
    "type": "gun",
    "id": "trisdyna:fl3e_sd"
  },
  "type": "tacz:gun_smith_table_crafting"
}