{
	"format_version": "1.12.0",
	"minecraft:geometry": [
		{
			"description": {
				"identifier": "geometry.mk14",
				"texture_width": 64,
				"texture_height": 64,
				"visible_bounds_width": 218,
				"visible_bounds_height": 4,
				"visible_bounds_offset": [0, 1, 0]
			},
			"bones": [
				{
					"name": "bone41",
					"pivot": [0, 0.01563, -0.875],
					"cubes": [
						{
							"origin": [-0.77803, 0.85585, -1.875],
							"size": [0.125, 0.125, 1.875],
							"pivot": [-1.27803, -1.01915, -0.875],
							"rotation": [0, 0, 45],
							"uv": {
								"north": {"uv": [11, 8], "uv_size": [0.5, 0.5]},
								"east": {"uv": [1, 4], "uv_size": [2, 0.5]},
								"south": {"uv": [9, 11], "uv_size": [0.5, 0.5]},
								"west": {"uv": [4, 2], "uv_size": [2, 0.5]}
							}
						},
						{
							"origin": [-0.57812, -0.04687, -1.69822],
							"size": [0.125, 0.27053, 1.69822],
							"uv": {
								"east": {"uv": [5, 1], "uv_size": [2, 0.5]},
								"south": {"uv": [11, 11], "uv_size": [0.5, 0.5]},
								"west": {"uv": [5, 5], "uv_size": [2, 0.5]},
								"up": {"uv": [0, 6], "uv_size": [0.5, 2]}
							}
						},
						{
							"origin": [-0.625, -0.01562, 1.09865],
							"size": [1.25, 0.13125, 0.13125],
							"pivot": [0, -1.75, 0.375],
							"rotation": [45, 0, 0],
							"uv": {
								"north": {"uv": [10, 13], "uv_size": [1.5, 0.5]},
								"east": {"uv": [14, 0], "uv_size": [0.5, 0.5]},
								"south": {"uv": [13, 10], "uv_size": [1.5, 0.5]},
								"west": {"uv": [1, 14], "uv_size": [0.5, 0.5]},
								"up": {"uv": [13, 11], "uv_size": [1.5, 0.5]},
								"down": {"uv": [12, 13.5], "uv_size": [1.5, -0.5]}
							}
						},
						{
							"origin": [-0.625, -0.01562, 0.09865],
							"size": [1.25, 0.13125, 0.13125],
							"pivot": [0, -1.75, -0.625],
							"rotation": [45, 0, 0],
							"uv": {
								"north": {"uv": [13, 7], "uv_size": [1.5, 0.5]},
								"east": {"uv": [13, 12], "uv_size": [0.5, 0.5]},
								"south": {"uv": [8, 13], "uv_size": [1.5, 0.5]},
								"west": {"uv": [0, 14], "uv_size": [0.5, 0.5]},
								"up": {"uv": [13, 8], "uv_size": [1.5, 0.5]},
								"down": {"uv": [13, 9.5], "uv_size": [1.5, -0.5]}
							}
						},
						{
							"origin": [-0.57812, -0.04687, -1.875],
							"size": [0.125, 0.09375, 0.25],
							"uv": {
								"north": {"uv": [7, 12], "uv_size": [0.5, 0.5]},
								"east": {"uv": [12, 7], "uv_size": [0.5, 0.5]},
								"west": {"uv": [12, 8], "uv_size": [0.5, 0.5]}
							}
						},
						{
							"origin": [-0.57812, 1.169, -0.86417],
							"size": [0.125, 0.125, 0.25],
							"pivot": [0.04688, -0.54975, 0.13583],
							"rotation": [45, 0, 0],
							"uv": {
								"east": {"uv": [12, 10], "uv_size": [0.5, 0.5]},
								"west": {"uv": [12, 11], "uv_size": [0.5, 0.5]},
								"up": {"uv": [12, 12], "uv_size": [0.5, 0.5]}
							}
						},
						{
							"origin": [0.45313, -0.04687, -1.875],
							"size": [0.125, 0.09375, 0.25],
							"uv": {
								"north": {"uv": [13, 4], "uv_size": [0.5, 0.5]},
								"east": {"uv": [5, 13], "uv_size": [0.5, 0.5]},
								"west": {"uv": [6, 13], "uv_size": [0.5, 0.5]}
							}
						},
						{
							"origin": [0.45313, 1.169, -0.86417],
							"size": [0.125, 0.125, 0.25],
							"pivot": [-0.04687, -0.54975, 0.13583],
							"rotation": [45, 0, 0],
							"uv": {
								"east": {"uv": [2, 13], "uv_size": [0.5, 0.5]},
								"west": {"uv": [3, 13], "uv_size": [0.5, 0.5]},
								"up": {"uv": [13, 3], "uv_size": [0.5, 0.5]}
							}
						},
						{
							"origin": [0.45313, -0.04687, -1.69822],
							"size": [0.125, 0.27053, 1.69822],
							"uv": {
								"east": {"uv": [10, 7], "uv_size": [2, 0.5]},
								"south": {"uv": [1, 13], "uv_size": [0.5, 0.5]},
								"west": {"uv": [8, 10], "uv_size": [2, 0.5]},
								"up": {"uv": [10, 9], "uv_size": [0.5, 2]}
							}
						},
						{
							"origin": [-0.48974, -0.19776, -1.875],
							"size": [0.97947, 0.1875, 1.875],
							"uv": {
								"north": {"uv": [2, 11], "uv_size": [1, 0.5]},
								"east": {"uv": [2, 6], "uv_size": [2, 0.5]},
								"south": {"uv": [11, 2], "uv_size": [1, 0.5]},
								"west": {"uv": [6, 2], "uv_size": [2, 0.5]},
								"up": {"uv": [0, 0], "uv_size": [1, 2]}
							}
						},
						{
							"origin": [-0.55224, -0.63526, -1.9375],
							"size": [1.10447, 0.09911, 2.125],
							"uv": {
								"north": {"uv": [3, 11], "uv_size": [1, 0.5]},
								"east": {"uv": [6, 3], "uv_size": [2, 0.5]},
								"south": {"uv": [11, 3], "uv_size": [1, 0.5]},
								"west": {"uv": [6, 4], "uv_size": [2, 0.5]},
								"up": {"uv": [0, 2], "uv_size": [1, 2]}
							}
						},
						{
							"origin": [-0.58896, 0.51053, -1.9375],
							"size": [0.08839, 0.0625, 2.125],
							"pivot": [-0.98004, -1.11447, -0.875],
							"rotation": [0, 0, 45],
							"uv": {
								"north": {"uv": [0, 12], "uv_size": [0.5, 0.5]},
								"south": {"uv": [12, 0], "uv_size": [0.5, 0.5]},
								"up": {"uv": [4, 7], "uv_size": [0.5, 2]}
							}
						},
						{
							"origin": [-0.58896, -1.46856, -1.9375],
							"size": [0.08839, 0.0625, 2.125],
							"pivot": [-0.98004, 0.21894, -0.875],
							"rotation": [0, 0, -45],
							"uv": {
								"north": {"uv": [1, 12], "uv_size": [0.5, 0.5]},
								"south": {"uv": [12, 1], "uv_size": [0.5, 0.5]},
								"down": {"uv": [1, 10], "uv_size": [0.5, -2]}
							}
						},
						{
							"origin": [0.50057, -1.46856, -1.9375],
							"size": [0.08839, 0.0625, 2.125],
							"pivot": [0.98004, 0.21894, -0.875],
							"rotation": [0, 0, 45],
							"uv": {
								"north": {"uv": [3, 12], "uv_size": [0.5, 0.5]},
								"south": {"uv": [12, 3], "uv_size": [0.5, 0.5]},
								"down": {"uv": [2, 11], "uv_size": [0.5, -2]}
							}
						},
						{
							"origin": [0.50057, 0.51053, -1.9375],
							"size": [0.08839, 0.0625, 2.125],
							"pivot": [0.98004, -1.11447, -0.875],
							"rotation": [0, 0, -45],
							"uv": {
								"north": {"uv": [2, 12], "uv_size": [0.5, 0.5]},
								"south": {"uv": [12, 2], "uv_size": [0.5, 0.5]},
								"up": {"uv": [8, 2], "uv_size": [0.5, 2]}
							}
						},
						{
							"origin": [-0.48974, -0.69776, -1.9375],
							"size": [0.97947, 0.125, 0.28125],
							"uv": {
								"north": {"uv": [4, 11], "uv_size": [1, 0.5]},
								"south": {"uv": [5, 11], "uv_size": [1, 0.5]},
								"down": {"uv": [2, 4], "uv_size": [1, -0.26471]}
							}
						},
						{
							"origin": [-0.48974, -0.26026, -1.9375],
							"size": [0.97947, 0.0625, 2.125],
							"uv": {
								"north": {"uv": [11, 5], "uv_size": [1, 0.5]},
								"south": {"uv": [11, 6], "uv_size": [1, 0.5]},
								"up": {"uv": [3, 0], "uv_size": [1, 2]}
							}
						},
						{
							"origin": [0.65303, 0.85585, -1.875],
							"size": [0.125, 0.125, 1.875],
							"pivot": [1.27803, -1.01915, -0.875],
							"rotation": [0, 0, -45],
							"uv": {
								"north": {"uv": [11, 9], "uv_size": [0.5, 0.5]},
								"east": {"uv": [5, 0], "uv_size": [2, 0.5]},
								"south": {"uv": [10, 11], "uv_size": [0.5, 0.5]},
								"west": {"uv": [1, 5], "uv_size": [2, 0.5]}
							}
						},
						{
							"origin": [-0.55224, -0.30178, -1.9375],
							"size": [1.10447, 0.04151, 2.125],
							"uv": {
								"north": {"uv": [7, 11], "uv_size": [1, 0.5]},
								"east": {"uv": [3, 9], "uv_size": [2, 0.5]},
								"south": {"uv": [8, 11], "uv_size": [1, 0.5]},
								"west": {"uv": [9, 3], "uv_size": [2, 0.5]},
								"down": {"uv": [4, 2], "uv_size": [1, -2]}
							}
						},
						{
							"origin": [0.0625, -0.53615, -1.9375],
							"size": [0.48974, 0.23438, 2.125],
							"uv": {
								"north": {"uv": [4, 12], "uv_size": [0.5, 0.5]},
								"east": {"uv": [9, 5], "uv_size": [2, 0.5]},
								"south": {"uv": [12, 4], "uv_size": [0.5, 0.5]},
								"west": {"uv": [9, 6], "uv_size": [2, 0.5]}
							}
						},
						{
							"origin": [-0.55737, -0.53615, -0.9375],
							"size": [1.11474, 0.17188, 0.9375],
							"uv": {
								"east": {"uv": [3.5, 17.5], "uv_size": [4.5, 2.5]},
								"west": {"uv": [3.5, 17.5], "uv_size": [4.5, 2.5]}
							}
						},
						{
							"origin": [0.40625, -0.58303, -1.96875],
							"size": [0.05224, 0.3125, 0.0625],
							"uv": {
								"north": {"uv": [1, 0], "uv_size": [0.5, 0.5]},
								"east": {"uv": [1, 1], "uv_size": [0.5, 0.5]},
								"south": {"uv": [2, 0], "uv_size": [0.5, 0.5]},
								"west": {"uv": [1, 2], "uv_size": [0.5, 0.5]},
								"up": {"uv": [2, 1], "uv_size": [0.5, 0.5]},
								"down": {"uv": [1, 3.5], "uv_size": [0.5, -0.5]}
							}
						},
						{
							"origin": [0.1875, -0.58303, -1.96875],
							"size": [0.23438, 0.05224, 0.0625],
							"uv": {
								"north": {"uv": [0, 5], "uv_size": [0.5, 0.5]},
								"east": {"uv": [3, 5], "uv_size": [0.5, 0.5]},
								"south": {"uv": [5, 3], "uv_size": [0.5, 0.5]},
								"west": {"uv": [4, 5], "uv_size": [0.5, 0.5]},
								"up": {"uv": [5, 4], "uv_size": [0.5, 0.5]},
								"down": {"uv": [1, 6.5], "uv_size": [0.5, -0.5]}
							}
						},
						{
							"origin": [-0.98437, 0.1201, -1.9375],
							"size": [0.08349, 0.04688, 0.125],
							"pivot": [-0.98974, -1.29151, -0.875],
							"rotation": [0, 0, 45],
							"uv": {
								"north": {"uv": [4, 12], "uv_size": [0.5, 0.5]},
								"south": {"uv": [12, 4], "uv_size": [0.5, 0.5]},
								"down": {"uv": [7, 11], "uv_size": [0.5, -2]}
							}
						},
						{
							"origin": [0.49464, 0.1201, -1.9375],
							"size": [0.08349, 0.04688, 0.125],
							"pivot": [0.58349, -1.29151, -0.875],
							"rotation": [0, 0, -45],
							"uv": {
								"north": {"uv": [4.5, 12], "uv_size": [-0.5, 0.5]},
								"south": {"uv": [12.5, 4], "uv_size": [-0.5, 0.5]},
								"down": {"uv": [7.5, 11], "uv_size": [-0.5, -2]}
							}
						},
						{
							"origin": [0.49464, -1.01072, -1.9375],
							"size": [0.08349, 0.04688, 0.125],
							"pivot": [0.58349, 0.44776, -0.875],
							"rotation": [0, 0, 45],
							"uv": {
								"north": {"uv": [4.5, 12.5], "uv_size": [-0.5, -0.5]},
								"south": {"uv": [12.5, 4.5], "uv_size": [-0.5, -0.5]},
								"up": {"uv": [7.5, 9], "uv_size": [-0.5, 2]}
							}
						},
						{
							"origin": [-0.98437, -1.01072, -1.9375],
							"size": [0.08349, 0.04688, 0.125],
							"pivot": [-0.98974, 0.44776, -0.875],
							"rotation": [0, 0, -45],
							"uv": {
								"north": {"uv": [4, 12.5], "uv_size": [0.5, -0.5]},
								"south": {"uv": [12, 4.5], "uv_size": [0.5, -0.5]},
								"up": {"uv": [7, 9], "uv_size": [0.5, 2]}
							}
						},
						{
							"origin": [0.25, -0.59865, 0.07813],
							"size": [0.17724, 0.35938, 0.14063],
							"uv": {
								"north": {"uv": [13, 14], "uv_size": [0.5, 0.5]},
								"east": {"uv": [14, 13], "uv_size": [0.5, 0.5]},
								"south": {"uv": [14, 14], "uv_size": [0.5, 0.5]},
								"west": {"uv": [0, 15], "uv_size": [0.5, 0.5]},
								"up": {"uv": [15, 0], "uv_size": [0.5, 0.5]}
							}
						},
						{
							"origin": [0.25, 0.63553, -0.85838],
							"size": [0.17724, 0.04688, 0.14063],
							"pivot": [0.13526, -1.08858, -1.79588],
							"rotation": [-45, 0, 0],
							"uv": {
								"east": {"uv": [9, 14], "uv_size": [0.5, 0.5]},
								"south": {"uv": [10, 14], "uv_size": [0.5, 0.5]},
								"west": {"uv": [11, 14], "uv_size": [0.5, 0.5]}
							}
						},
						{
							"origin": [-0.42724, -0.59865, 0.07813],
							"size": [0.17724, 0.35938, 0.14063],
							"uv": {
								"north": {"uv": [14, 1], "uv_size": [0.5, 0.5]},
								"east": {"uv": [2, 14], "uv_size": [0.5, 0.5]},
								"south": {"uv": [14, 2], "uv_size": [0.5, 0.5]},
								"west": {"uv": [3, 14], "uv_size": [0.5, 0.5]},
								"up": {"uv": [14, 3], "uv_size": [0.5, 0.5]}
							}
						},
						{
							"origin": [-0.42724, 0.63553, -0.85838],
							"size": [0.17724, 0.04688, 0.14063],
							"pivot": [-0.13526, -1.08858, -1.79588],
							"rotation": [-45, 0, 0],
							"uv": {
								"east": {"uv": [5, 14], "uv_size": [0.5, 0.5]},
								"south": {"uv": [14, 5], "uv_size": [0.5, 0.5]},
								"west": {"uv": [6, 14], "uv_size": [0.5, 0.5]}
							}
						},
						{
							"origin": [-0.55224, -0.53615, -1.9375],
							"size": [0.08349, 0.23438, 2.125],
							"uv": {
								"north": {"uv": [5, 12], "uv_size": [0.5, 0.5]},
								"east": {"uv": [8, 9], "uv_size": [2, 0.5]},
								"south": {"uv": [12, 5], "uv_size": [0.5, 0.5]},
								"west": {"uv": [9, 8], "uv_size": [2, 0.5]}
							}
						},
						{
							"origin": [-0.46875, -0.53615, -1.90625],
							"size": [0.53125, 0.23438, 2.09375],
							"uv": {
								"north": {"uv": [6, 12], "uv_size": [0.5, 0.5]},
								"south": {"uv": [12, 6], "uv_size": [0.5, 0.5]}
							}
						},
						{
							"origin": [0.14599, -0.58303, -1.96875],
							"size": [0.05714, 0.3125, 0.0625],
							"uv": {
								"north": {"uv": [4, 6], "uv_size": [0.5, 0.5]},
								"east": {"uv": [5, 6], "uv_size": [0.5, 0.5]},
								"south": {"uv": [6, 6], "uv_size": [0.5, 0.5]},
								"west": {"uv": [7, 0], "uv_size": [0.5, 0.5]},
								"up": {"uv": [1, 7], "uv_size": [0.5, 0.5]},
								"down": {"uv": [7, 1.5], "uv_size": [0.5, -0.5]}
							}
						},
						{
							"origin": [0.1875, -0.32767, -1.96875],
							"size": [0.23438, 0.05714, 0.0625],
							"uv": {
								"north": {"uv": [2, 7], "uv_size": [0.5, 0.5]},
								"east": {"uv": [3, 7], "uv_size": [0.5, 0.5]},
								"south": {"uv": [5, 7], "uv_size": [0.5, 0.5]},
								"west": {"uv": [7, 5], "uv_size": [0.5, 0.5]},
								"up": {"uv": [6, 7], "uv_size": [0.5, 0.5]},
								"down": {"uv": [7, 6.5], "uv_size": [0.5, -0.5]}
							}
						},
						{
							"origin": [-0.48974, -0.69776, -0.0625],
							"size": [0.97947, 0.125, 0.25],
							"uv": {
								"north": {"uv": [4, 11], "uv_size": [1, 0.5]},
								"south": {"uv": [5, 11], "uv_size": [1, 0.5]},
								"down": {"uv": [2, 2.23529], "uv_size": [1, -0.23529]}
							}
						},
						{
							"origin": [0.375, -0.69776, -1.65625],
							"size": [0.11474, 0.125, 1.59375],
							"uv": {
								"north": {"uv": [4.88286, 11], "uv_size": [0.11714, 0.5]},
								"east": {"uv": [5.23529, 6], "uv_size": [1.5, 0.5]},
								"south": {"uv": [5, 11], "uv_size": [0.11714, 0.5]},
								"west": {"uv": [7.26471, 0], "uv_size": [1.5, 0.5]},
								"down": {"uv": [2.88286, 3.73529], "uv_size": [0.11714, -1.5]}
							}
						},
						{
							"origin": [-0.41161, -0.71339, -1.8125],
							"size": [0.81786, 0.14063, 1.875],
							"uv": {
								"north": {"uv": [0, 11], "uv_size": [1, 0.5]},
								"east": {"uv": [8, 12], "uv_size": [1.5, 0.5]},
								"south": {"uv": [11, 4], "uv_size": [1, 0.5]},
								"west": {"uv": [10, 12], "uv_size": [1.5, 0.5]},
								"up": {"uv": [6, 10], "uv_size": [1, 1.5]},
								"down": {"uv": [11, 1.5], "uv_size": [1, -1.5]}
							}
						},
						{
							"origin": [-0.48974, -0.69776, -1.65625],
							"size": [0.10938, 0.125, 1.59375],
							"uv": {
								"north": {"uv": [4, 11], "uv_size": [0.11167, 0.5]},
								"east": {"uv": [5.23529, 6], "uv_size": [1.5, 0.5]},
								"south": {"uv": [5.88833, 11], "uv_size": [0.11167, 0.5]},
								"west": {"uv": [7.26471, 0], "uv_size": [1.5, 0.5]},
								"down": {"uv": [2, 3.73529], "uv_size": [0.11167, -1.5]}
							}
						}
					]
				},
				{
					"name": "bone_illuminated",
					"parent": "bone41",
					"pivot": [0.13526, -0.43214, -1.67187],
					"cubes": [
						{
							"origin": [0.1875, -0.54642, -1.95312],
							"size": [0.23438, 0.23438, 0.04688],
							"uv": {
								"north": {"uv": [3, 2], "uv_size": [0.5, 0.5]},
								"east": {"uv": [3, 3], "uv_size": [0.5, 0.5]},
								"south": {"uv": [0, 4], "uv_size": [0.5, 0.5]},
								"west": {"uv": [3, 4], "uv_size": [0.5, 0.5]},
								"up": {"uv": [4, 3], "uv_size": [0.5, 0.5]},
								"down": {"uv": [4, 4.5], "uv_size": [0.5, -0.5]}
							}
						},
						{
							"origin": [-0.49219, -0.21829, -0.78125],
							"size": [0.98438, 0.10938, 0.54688],
							"uv": {
								"east": {"uv": [8, 1], "uv_size": [0.5, 0.5]},
								"west": {"uv": [2, 8], "uv_size": [0.5, 0.5]}
							}
						},
						{
							"origin": [-0.49219, -0.21829, -1.65625],
							"size": [0.98438, 0.10938, 0.54688],
							"uv": {
								"east": {"uv": [7, 7], "uv_size": [0.5, 0.5]},
								"west": {"uv": [0, 8], "uv_size": [0.5, 0.5]}
							}
						}
					]
				},
				{
					"name": "laser_beam",
					"pivot": [0.304, -0.43, -1.4375]
				}
			]
		}
	]
}