{
	"format_version": "1.12.0",
	"minecraft:geometry": [
		{
			"description": {
				"identifier": "geometry.muzzle_silencer_phantom_s1",
				"texture_width": 32,
				"texture_height": 32,
				"visible_bounds_width": 2,
				"visible_bounds_height": 1.5,
				"visible_bounds_offset": [0, 0.25, 0]
			},
			"bones": [
				{
					"name": "muzzle_silencer_ptilopsis",
					"pivot": [0, 0, 0]
				},
				{
					"name": "octagon3",
					"parent": "muzzle_silencer_ptilopsis",
					"pivot": [0, -0.07812, -4.15007],
					"cubes": [
						{
							"origin": [-0.32927, -1.65431, -9.41734],
							"size": [0.65855, 0.13934, 7.5],
							"pivot": [0, -0.85937, -3.4375],
							"rotation": [0, 0, 45],
							"uv": {
								"north": {"uv": [21, 0], "uv_size": [0.5, 0.5]},
								"east": {"uv": [8, 2], "uv_size": [6, 0.5]},
								"south": {"uv": [1, 21], "uv_size": [0.5, 0.5]},
								"west": {"uv": [8, 3], "uv_size": [6, 0.5]},
								"up": {"uv": [6, 8], "uv_size": [0.5, 6]},
								"down": {"uv": [7, 14], "uv_size": [0.5, -6]}
							}
						},
						{
							"origin": [-0.32927, -1.65431, -1.60484],
							"size": [0.65855, 0.13934, 1.01563],
							"pivot": [0, -0.85937, -3.4375],
							"rotation": [0, 0, 45],
							"uv": {
								"north": {"uv": [23, 18], "uv_size": [0.5, 0.5]},
								"east": {"uv": [20, 2], "uv_size": [1, 0.5]},
								"south": {"uv": [19, 23], "uv_size": [0.5, 0.5]},
								"west": {"uv": [3, 20], "uv_size": [1, 0.5]},
								"up": {"uv": [20, 3], "uv_size": [0.5, 1]},
								"down": {"uv": [4, 21], "uv_size": [0.5, -1]}
							}
						},
						{
							"origin": [-0.1736, -1.65431, -0.58921],
							"size": [0.50287, 0.13934, 0.3125],
							"pivot": [0, -0.85937, -3.125],
							"rotation": [0, 0, 45],
							"uv": {
								"north": {"uv": [21, 1], "uv_size": [0.5, 0.5]},
								"east": {"uv": [2, 21], "uv_size": [0.5, 0.5]},
								"south": {"uv": [21, 2], "uv_size": [0.5, 0.5]},
								"west": {"uv": [3, 21], "uv_size": [0.5, 0.5]},
								"up": {"uv": [21, 3], "uv_size": [0.5, 0.5]},
								"down": {"uv": [4, 21.5], "uv_size": [0.5, -0.5]}
							}
						},
						{
							"origin": [-0.32927, -1.65431, -9.41734],
							"size": [0.65855, 0.13934, 7.5],
							"uv": {
								"north": {"uv": [21, 4], "uv_size": [0.5, 0.5]},
								"east": {"uv": [8, 4], "uv_size": [6, 0.5]},
								"south": {"uv": [5, 21], "uv_size": [0.5, 0.5]},
								"west": {"uv": [8, 5], "uv_size": [6, 0.5]},
								"up": {"uv": [8, 8], "uv_size": [0.5, 6]},
								"down": {"uv": [9, 14], "uv_size": [0.5, -6]}
							}
						},
						{
							"origin": [-0.32927, -1.65431, -1.60484],
							"size": [0.65855, 0.13934, 1.32813],
							"uv": {
								"north": {"uv": [23, 17], "uv_size": [0.5, 0.5]},
								"east": {"uv": [20, 0], "uv_size": [1, 0.5]},
								"south": {"uv": [18, 23], "uv_size": [0.5, 0.5]},
								"west": {"uv": [1, 20], "uv_size": [1, 0.5]},
								"up": {"uv": [20, 1], "uv_size": [0.5, 1]},
								"down": {"uv": [2, 21], "uv_size": [0.5, -1]}
							}
						},
						{
							"origin": [-0.32927, 0.57747, -9.41734],
							"size": [0.65855, 0.13934, 7.5],
							"uv": {
								"north": {"uv": [21, 5], "uv_size": [0.5, 0.5]},
								"east": {"uv": [8, 6], "uv_size": [6, 0.5]},
								"south": {"uv": [6, 21], "uv_size": [0.5, 0.5]},
								"west": {"uv": [10, 8], "uv_size": [6, 0.5]},
								"up": {"uv": [10, 9], "uv_size": [0.5, 6]},
								"down": {"uv": [11, 15], "uv_size": [0.5, -6]}
							}
						},
						{
							"origin": [-0.32927, 0.57747, -9.41734],
							"size": [0.65855, 0.13934, 7.5],
							"pivot": [0, -0.07812, -3.4375],
							"rotation": [0, 0, 45],
							"uv": {
								"north": {"uv": [21, 6], "uv_size": [0.5, 0.5]},
								"east": {"uv": [12, 0], "uv_size": [6, 0.5]},
								"south": {"uv": [7, 21], "uv_size": [0.5, 0.5]},
								"west": {"uv": [12, 7], "uv_size": [6, 0.5]},
								"up": {"uv": [12, 9], "uv_size": [0.5, 6]},
								"down": {"uv": [0, 19], "uv_size": [0.5, -6]}
							}
						},
						{
							"origin": [-0.79494, -1.18865, -9.41734],
							"size": [0.13934, 1.4398, 7.5],
							"uv": {
								"north": {"uv": [16, 17], "uv_size": [0.5, 1]},
								"east": {"uv": [0, 4], "uv_size": [6, 1]},
								"south": {"uv": [17, 16], "uv_size": [0.5, 1]},
								"west": {"uv": [0, 5], "uv_size": [6, 1]},
								"up": {"uv": [1, 13], "uv_size": [0.5, 6]},
								"down": {"uv": [2, 19], "uv_size": [0.5, -6]}
							}
						},
						{
							"origin": [-0.79494, -1.18865, -1.60484],
							"size": [0.13934, 1.4398, 1.01563],
							"uv": {
								"north": {"uv": [20, 4], "uv_size": [0.5, 1]},
								"east": {"uv": [16, 14], "uv_size": [1, 1]},
								"south": {"uv": [5, 20], "uv_size": [0.5, 1]},
								"west": {"uv": [15, 16], "uv_size": [1, 1]},
								"up": {"uv": [20, 5], "uv_size": [0.5, 1]},
								"down": {"uv": [6, 21], "uv_size": [0.5, -1]}
							}
						},
						{
							"origin": [0.6556, -1.18865, -9.41734],
							"size": [0.13934, 1.4398, 7.5],
							"uv": {
								"north": {"uv": [17, 17], "uv_size": [0.5, 1]},
								"east": {"uv": [0, 6], "uv_size": [6, 1]},
								"south": {"uv": [18, 0], "uv_size": [0.5, 1]},
								"west": {"uv": [6, 0], "uv_size": [6, 1]},
								"up": {"uv": [3, 13], "uv_size": [0.5, 6]},
								"down": {"uv": [13, 15], "uv_size": [0.5, -6]}
							}
						},
						{
							"origin": [0.65535, -0.8764, -9.10509],
							"size": [0.13984, 0.8153, 1.2505],
							"inflate": 0.001,
							"uv": {
								"west": {"uv": [20, 25], "uv_size": [3.5, 1]}
							}
						},
						{
							"origin": [-0.79519, -0.8764, -9.10509],
							"size": [0.13984, 0.8153, 1.2505],
							"inflate": 0.001,
							"uv": {
								"east": {"uv": [23.5, 25], "uv_size": [-3.5, 1]}
							}
						},
						{
							"origin": [0.6556, -1.18865, -1.60484],
							"size": [0.13934, 1.4398, 1.01563],
							"uv": {
								"north": {"uv": [13, 19], "uv_size": [0.5, 1]},
								"east": {"uv": [16, 1], "uv_size": [1, 1]},
								"south": {"uv": [19, 14], "uv_size": [0.5, 1]},
								"west": {"uv": [16, 8], "uv_size": [1, 1]},
								"up": {"uv": [15, 19], "uv_size": [0.5, 1]},
								"down": {"uv": [19, 16], "uv_size": [0.5, -1]}
							}
						},
						{
							"origin": [0.57848, -1.16298, -2.54234],
							"size": [0.13934, 1.38847, 1.01563],
							"uv": {
								"north": {"uv": [13, 20], "uv_size": [0.5, 1]},
								"east": {"uv": [11, 17], "uv_size": [1, 1]},
								"south": {"uv": [20, 13], "uv_size": [0.5, 1]},
								"west": {"uv": [12, 17], "uv_size": [1, 1]},
								"up": {"uv": [14, 20], "uv_size": [0.5, 1]},
								"down": {"uv": [20, 15], "uv_size": [0.5, -1]}
							}
						},
						{
							"origin": [-0.39357, 0.44132, -1.91734],
							"size": [0.59996, 0.13934, 0.39063],
							"pivot": [0.03336, -0.21428, -3.75],
							"rotation": [0, 0, 45],
							"uv": {
								"north": {"uv": [23, 12], "uv_size": [0.5, 0.5]},
								"east": {"uv": [13, 23], "uv_size": [0.5, 0.5]},
								"south": {"uv": [23, 13], "uv_size": [0.5, 0.5]},
								"west": {"uv": [14, 23], "uv_size": [0.5, 0.5]},
								"up": {"uv": [23, 14], "uv_size": [0.5, 0.5]},
								"down": {"uv": [15, 23.5], "uv_size": [0.5, -0.5]}
							}
						},
						{
							"origin": [-0.39357, -1.51816, -1.91734],
							"size": [0.59996, 0.13934, 0.39063],
							"pivot": [0.03336, -0.72322, -3.75],
							"rotation": [0, 0, -45],
							"uv": {
								"north": {"uv": [1, 24], "uv_size": [0.5, 0.5]},
								"east": {"uv": [24, 1], "uv_size": [0.5, 0.5]},
								"south": {"uv": [2, 24], "uv_size": [0.5, 0.5]},
								"west": {"uv": [24, 2], "uv_size": [0.5, 0.5]},
								"up": {"uv": [3, 24], "uv_size": [0.5, 0.5]},
								"down": {"uv": [24, 3.5], "uv_size": [0.5, -0.5]}
							}
						},
						{
							"origin": [-0.20639, -1.51816, -1.91734],
							"size": [0.59996, 0.13934, 0.39063],
							"pivot": [-0.03336, -0.72322, -3.75],
							"rotation": [0, 0, 45],
							"uv": {
								"north": {"uv": [8, 24], "uv_size": [0.5, 0.5]},
								"east": {"uv": [24, 8], "uv_size": [0.5, 0.5]},
								"south": {"uv": [9, 24], "uv_size": [0.5, 0.5]},
								"west": {"uv": [24, 9], "uv_size": [0.5, 0.5]},
								"up": {"uv": [10, 24], "uv_size": [0.5, 0.5]},
								"down": {"uv": [24, 10.5], "uv_size": [0.5, -0.5]}
							}
						},
						{
							"origin": [-0.20639, 0.44132, -1.91734],
							"size": [0.59996, 0.13934, 0.39063],
							"pivot": [-0.03336, -0.21428, -3.75],
							"rotation": [0, 0, -45],
							"uv": {
								"north": {"uv": [5, 24], "uv_size": [0.5, 0.5]},
								"east": {"uv": [24, 5], "uv_size": [0.5, 0.5]},
								"south": {"uv": [6, 24], "uv_size": [0.5, 0.5]},
								"west": {"uv": [24, 6], "uv_size": [0.5, 0.5]},
								"up": {"uv": [7, 24], "uv_size": [0.5, 0.5]},
								"down": {"uv": [24, 7.5], "uv_size": [0.5, -0.5]}
							}
						},
						{
							"origin": [-0.71782, -1.16298, -2.54234],
							"size": [0.13934, 1.38847, 1.01563],
							"uv": {
								"north": {"uv": [19, 20], "uv_size": [0.5, 1]},
								"east": {"uv": [15, 17], "uv_size": [1, 1]},
								"south": {"uv": [20, 19], "uv_size": [0.5, 1]},
								"west": {"uv": [17, 15], "uv_size": [1, 1]},
								"up": {"uv": [20, 20], "uv_size": [0.5, 1]},
								"down": {"uv": [0, 22], "uv_size": [0.5, -1]}
							}
						},
						{
							"origin": [-0.32927, 0.57747, -1.60484],
							"size": [0.65855, 0.13934, 1.32813],
							"pivot": [0, -0.07812, -3.4375],
							"rotation": [0, 0, 45],
							"uv": {
								"north": {"uv": [23, 20], "uv_size": [0.5, 0.5]},
								"east": {"uv": [20, 8], "uv_size": [1, 0.5]},
								"south": {"uv": [21, 23], "uv_size": [0.5, 0.5]},
								"west": {"uv": [9, 20], "uv_size": [1, 0.5]},
								"up": {"uv": [20, 9], "uv_size": [0.5, 1]},
								"down": {"uv": [20, 11], "uv_size": [0.5, -1]}
							}
						},
						{
							"origin": [-0.32927, 0.57747, -1.60484],
							"size": [0.65855, 0.13934, 1.32813],
							"uv": {
								"north": {"uv": [23, 15], "uv_size": [0.5, 0.5]},
								"east": {"uv": [16, 19], "uv_size": [1, 0.5]},
								"south": {"uv": [16, 23], "uv_size": [0.5, 0.5]},
								"west": {"uv": [19, 16], "uv_size": [1, 0.5]},
								"up": {"uv": [17, 19], "uv_size": [0.5, 1]},
								"down": {"uv": [19, 18], "uv_size": [0.5, -1]}
							}
						},
						{
							"origin": [-0.79494, -0.87615, -0.58921],
							"size": [0.13934, 1.1273, 0.3125],
							"uv": {
								"north": {"uv": [18, 1], "uv_size": [0.5, 1]},
								"east": {"uv": [4, 18], "uv_size": [0.5, 1]},
								"south": {"uv": [5, 18], "uv_size": [0.5, 1]},
								"west": {"uv": [18, 7], "uv_size": [0.5, 1]},
								"up": {"uv": [21, 7], "uv_size": [0.5, 0.5]},
								"down": {"uv": [8, 21.5], "uv_size": [0.5, -0.5]}
							}
						},
						{
							"origin": [0.6556, -0.87615, -0.58921],
							"size": [0.13934, 1.1273, 0.3125],
							"uv": {
								"north": {"uv": [18, 8], "uv_size": [0.5, 1]},
								"east": {"uv": [11, 18], "uv_size": [0.5, 1]},
								"south": {"uv": [12, 18], "uv_size": [0.5, 1]},
								"west": {"uv": [13, 18], "uv_size": [0.5, 1]},
								"up": {"uv": [21, 8], "uv_size": [0.5, 0.5]},
								"down": {"uv": [9, 21.5], "uv_size": [0.5, -0.5]}
							}
						},
						{
							"origin": [-0.32927, -1.65431, -9.41734],
							"size": [0.65855, 0.13934, 7.5],
							"pivot": [0, -0.85937, -3.4375],
							"rotation": [0, 0, -45],
							"uv": {
								"north": {"uv": [21, 9], "uv_size": [0.5, 0.5]},
								"east": {"uv": [14, 2], "uv_size": [6, 0.5]},
								"south": {"uv": [10, 21], "uv_size": [0.5, 0.5]},
								"west": {"uv": [14, 3], "uv_size": [6, 0.5]},
								"up": {"uv": [6, 14], "uv_size": [0.5, 6]},
								"down": {"uv": [7, 20], "uv_size": [0.5, -6]}
							}
						},
						{
							"origin": [-0.32927, -1.65431, -1.60484],
							"size": [0.65855, 0.13934, 1.01563],
							"pivot": [0, -0.85937, -3.4375],
							"rotation": [0, 0, -45],
							"uv": {
								"north": {"uv": [23, 16], "uv_size": [0.5, 0.5]},
								"east": {"uv": [18, 19], "uv_size": [1, 0.5]},
								"south": {"uv": [17, 23], "uv_size": [0.5, 0.5]},
								"west": {"uv": [19, 18], "uv_size": [1, 0.5]},
								"up": {"uv": [19, 19], "uv_size": [0.5, 1]},
								"down": {"uv": [0, 21], "uv_size": [0.5, -1]}
							}
						},
						{
							"origin": [-0.32927, -1.65431, -0.58921],
							"size": [0.50287, 0.13934, 0.3125],
							"pivot": [0, -0.85937, -3.125],
							"rotation": [0, 0, -45],
							"uv": {
								"north": {"uv": [21, 10], "uv_size": [0.5, 0.5]},
								"east": {"uv": [11, 21], "uv_size": [0.5, 0.5]},
								"south": {"uv": [21, 11], "uv_size": [0.5, 0.5]},
								"west": {"uv": [12, 21], "uv_size": [0.5, 0.5]},
								"up": {"uv": [21, 12], "uv_size": [0.5, 0.5]},
								"down": {"uv": [13, 21.5], "uv_size": [0.5, -0.5]}
							}
						},
						{
							"origin": [-0.44076, -1.54021, -9.33921],
							"size": [0.88152, 0.1898, 7.1875],
							"uv": {
								"north": {"uv": [21, 13], "uv_size": [0.5, 0.5]},
								"east": {"uv": [14, 4], "uv_size": [6, 0.5]},
								"south": {"uv": [14, 21], "uv_size": [0.5, 0.5]},
								"west": {"uv": [14, 5], "uv_size": [6, 0.5]},
								"up": {"uv": [8, 14], "uv_size": [0.5, 6]},
								"down": {"uv": [9, 20], "uv_size": [0.5, -6]}
							}
						},
						{
							"origin": [-0.44076, -1.54021, -1.52671],
							"size": [0.88152, 0.1898, 1.25],
							"uv": {
								"north": {"uv": [4, 24], "uv_size": [0.5, 0.5]},
								"east": {"uv": [17, 20], "uv_size": [1, 0.5]},
								"south": {"uv": [24, 4], "uv_size": [0.5, 0.5]},
								"west": {"uv": [20, 17], "uv_size": [1, 0.5]},
								"up": {"uv": [18, 20], "uv_size": [0.5, 1]},
								"down": {"uv": [20, 19], "uv_size": [0.5, -1]}
							}
						},
						{
							"origin": [-0.36264, 0.46899, -9.33921],
							"size": [0.72527, 0.11167, 6.25],
							"uv": {
								"north": {"uv": [20, 24], "uv_size": [0.5, 0.5]},
								"east": {"uv": [14, 24], "uv_size": [5, 0.5]},
								"south": {"uv": [24, 20], "uv_size": [0.5, 0.5]},
								"west": {"uv": [24, 14], "uv_size": [5, 0.5]},
								"up": {"uv": [24, 15], "uv_size": [0.5, 5]},
								"down": {"uv": [19, 29], "uv_size": [0.5, -5]}
							}
						},
						{
							"origin": [-0.36264, 0.46899, -3.08921],
							"size": [0.72527, 0.11167, 2.8125],
							"uv": {
								"north": {"uv": [21, 14], "uv_size": [0.5, 0.5]},
								"east": {"uv": [4, 7], "uv_size": [2.32759, 0.5]},
								"south": {"uv": [15, 21], "uv_size": [0.5, 0.5]},
								"west": {"uv": [13.17241, 1], "uv_size": [2.32759, 0.5]},
								"up": {"uv": [4, 8], "uv_size": [0.5, 2.32759]},
								"down": {"uv": [5, 10.32759], "uv_size": [0.5, -2.32759]}
							}
						},
						{
							"origin": [-0.29358, 0.53804, -2.15171],
							"size": [0.58717, 0.11167, 0.625],
							"uv": {
								"north": {"uv": [23, 21], "uv_size": [0.5, 0.5]},
								"east": {"uv": [22, 23], "uv_size": [0.5, 0.5]},
								"south": {"uv": [23, 22], "uv_size": [0.5, 0.5]},
								"west": {"uv": [23, 23], "uv_size": [0.5, 0.5]},
								"up": {"uv": [0, 24], "uv_size": [0.5, 0.5]},
								"down": {"uv": [24, 0.5], "uv_size": [0.5, -0.5]}
							}
						},
						{
							"origin": [-0.29358, -1.58722, -2.15171],
							"size": [0.58717, 0.11167, 0.625],
							"uv": {
								"north": {"uv": [11, 24], "uv_size": [0.5, 0.5]},
								"east": {"uv": [24, 11], "uv_size": [0.5, 0.5]},
								"south": {"uv": [12, 24], "uv_size": [0.5, 0.5]},
								"west": {"uv": [24, 12], "uv_size": [0.5, 0.5]},
								"up": {"uv": [13, 24], "uv_size": [0.5, 0.5]},
								"down": {"uv": [24, 13.5], "uv_size": [0.5, -0.5]}
							}
						},
						{
							"origin": [-0.57747, -1.35041, -9.33921],
							"size": [1.19402, 0.13121, 7.1875],
							"uv": {
								"north": {"uv": [18, 14], "uv_size": [1, 0.5]},
								"east": {"uv": [14, 6], "uv_size": [6, 0.5]},
								"south": {"uv": [15, 18], "uv_size": [1, 0.5]},
								"west": {"uv": [14, 9], "uv_size": [6, 0.5]},
								"up": {"uv": [6, 1], "uv_size": [1, 6]},
								"down": {"uv": [0, 13], "uv_size": [1, -6]}
							}
						},
						{
							"origin": [-0.57747, -1.35041, -1.52671],
							"size": [1.19402, 0.13121, 1.25],
							"uv": {
								"north": {"uv": [15, 20], "uv_size": [1, 0.5]},
								"east": {"uv": [20, 15], "uv_size": [1, 0.5]},
								"south": {"uv": [16, 20], "uv_size": [1, 0.5]},
								"west": {"uv": [20, 16], "uv_size": [1, 0.5]},
								"up": {"uv": [13, 17], "uv_size": [1, 1]},
								"down": {"uv": [17, 15], "uv_size": [1, -1]}
							}
						},
						{
							"origin": [-0.51889, 0.33779, -9.33921],
							"size": [1.03777, 0.13121, 7.1875],
							"uv": {
								"north": {"uv": [18, 15], "uv_size": [1, 0.5]},
								"east": {"uv": [14, 10], "uv_size": [6, 0.5]},
								"south": {"uv": [16, 18], "uv_size": [1, 0.5]},
								"west": {"uv": [14, 11], "uv_size": [6, 0.5]},
								"up": {"uv": [1, 7], "uv_size": [1, 6]},
								"down": {"uv": [7, 7], "uv_size": [1, -6]}
							}
						},
						{
							"origin": [-0.51889, 0.33779, -1.52671],
							"size": [1.03777, 0.13121, 1.25],
							"uv": {
								"north": {"uv": [11, 20], "uv_size": [1, 0.5]},
								"east": {"uv": [20, 11], "uv_size": [1, 0.5]},
								"south": {"uv": [12, 20], "uv_size": [1, 0.5]},
								"west": {"uv": [20, 12], "uv_size": [1, 0.5]},
								"up": {"uv": [17, 1], "uv_size": [1, 1]},
								"down": {"uv": [17, 9], "uv_size": [1, -1]}
							}
						},
						{
							"origin": [-0.68486, -1.29873, -9.33921],
							"size": [1.3698, 1.6375, 7.1875],
							"uv": {
								"north": {"uv": [11, 15], "uv_size": [1, 1.5]},
								"east": {"uv": [0, 0], "uv_size": [6, 1.5]},
								"south": {"uv": [12, 15], "uv_size": [1, 1.5]},
								"west": {"uv": [0, 2], "uv_size": [6, 1.5]},
								"up": {"uv": [2, 7], "uv_size": [1, 6]},
								"down": {"uv": [3, 13], "uv_size": [1, -6]}
							}
						},
						{
							"origin": [-0.68486, -1.29873, -1.52671],
							"size": [1.3698, 1.6375, 1.25],
							"uv": {
								"north": {"uv": [13, 15], "uv_size": [1, 1.5]},
								"east": {"uv": [15, 14], "uv_size": [1, 1.5]},
								"south": {"uv": [4, 16], "uv_size": [1, 1.5]},
								"west": {"uv": [5, 16], "uv_size": [1, 1.5]},
								"up": {"uv": [16, 15], "uv_size": [1, 1]},
								"down": {"uv": [16, 17], "uv_size": [1, -1]}
							}
						},
						{
							"origin": [-0.79494, -0.4074, -9.41734],
							"size": [0.13934, 0.65855, 7.5],
							"pivot": [0, -0.07812, -3.4375],
							"rotation": [0, 0, 45],
							"uv": {
								"north": {"uv": [21, 15], "uv_size": [0.5, 0.5]},
								"east": {"uv": [14, 12], "uv_size": [6, 0.5]},
								"south": {"uv": [16, 21], "uv_size": [0.5, 0.5]},
								"west": {"uv": [14, 13], "uv_size": [6, 0.5]},
								"up": {"uv": [14, 14], "uv_size": [0.5, 6]},
								"down": {"uv": [10, 21], "uv_size": [0.5, -6]}
							}
						},
						{
							"origin": [-0.79494, -0.4074, -1.60484],
							"size": [0.13934, 0.65855, 1.32813],
							"pivot": [0, -0.07812, -3.4375],
							"rotation": [0, 0, 45],
							"uv": {
								"north": {"uv": [23, 19], "uv_size": [0.5, 0.5]},
								"east": {"uv": [20, 6], "uv_size": [1, 0.5]},
								"south": {"uv": [20, 23], "uv_size": [0.5, 0.5]},
								"west": {"uv": [7, 20], "uv_size": [1, 0.5]},
								"up": {"uv": [20, 7], "uv_size": [0.5, 1]},
								"down": {"uv": [8, 21], "uv_size": [0.5, -1]}
							}
						}
					]
				},
				{
					"name": "bone_illuminated",
					"parent": "octagon3",
					"pivot": [-0.02214, 0, 0],
					"cubes": [
						{
							"origin": [-0.69467, -1.18865, -0.49156],
							"size": [1.38934, 0.22886, 0.11719],
							"uv": {
								"east": {"uv": [9, 7], "uv_size": [0.5, 0.5]},
								"west": {"uv": [10, 1], "uv_size": [0.5, 0.5]}
							}
						}
					]
				},
				{
					"name": "octagon",
					"parent": "muzzle_silencer_ptilopsis",
					"pivot": [0.00001, -0.00001, -0.15041],
					"rotation": [0, 0, 22.5],
					"cubes": [
						{
							"origin": [-0.21667, -0.52315, -0.32332],
							"size": [0.43339, 1.04629, 0.34583],
							"pivot": [0.00001, -0.00001, -2.7676],
							"rotation": [0, 0, 45],
							"uv": {
								"north": {"uv": [18, 16], "uv_size": [0.5, 1]},
								"east": {"uv": [17, 18], "uv_size": [0.5, 1]},
								"south": {"uv": [18, 17], "uv_size": [0.5, 1]},
								"west": {"uv": [18, 18], "uv_size": [0.5, 1]},
								"up": {"uv": [21, 16], "uv_size": [0.5, 0.5]},
								"down": {"uv": [17, 21.5], "uv_size": [0.5, -0.5]}
							}
						},
						{
							"origin": [-0.21667, -0.52315, -0.32332],
							"size": [0.43339, 1.04629, 0.34583],
							"uv": {
								"north": {"uv": [0, 19], "uv_size": [0.5, 1]},
								"east": {"uv": [19, 0], "uv_size": [0.5, 1]},
								"south": {"uv": [1, 19], "uv_size": [0.5, 1]},
								"west": {"uv": [19, 1], "uv_size": [0.5, 1]},
								"up": {"uv": [21, 17], "uv_size": [0.5, 0.5]},
								"down": {"uv": [18, 21.5], "uv_size": [0.5, -0.5]}
							}
						},
						{
							"origin": [-0.52312, -0.2167, -0.32332],
							"size": [1.04629, 0.43339, 0.34583],
							"pivot": [0.00001, -0.00001, -2.7676],
							"rotation": [0, 0, 45],
							"uv": {
								"north": {"uv": [2, 19], "uv_size": [1, 0.5]},
								"east": {"uv": [21, 18], "uv_size": [0.5, 0.5]},
								"south": {"uv": [3, 19], "uv_size": [1, 0.5]},
								"west": {"uv": [19, 21], "uv_size": [0.5, 0.5]},
								"up": {"uv": [4, 19], "uv_size": [1, 0.5]},
								"down": {"uv": [5, 19.5], "uv_size": [1, -0.5]}
							}
						},
						{
							"origin": [-0.52312, -0.2167, -0.32332],
							"size": [1.04629, 0.43339, 0.34583],
							"uv": {
								"north": {"uv": [19, 7], "uv_size": [1, 0.5]},
								"east": {"uv": [21, 19], "uv_size": [0.5, 0.5]},
								"south": {"uv": [19, 8], "uv_size": [1, 0.5]},
								"west": {"uv": [20, 21], "uv_size": [0.5, 0.5]},
								"up": {"uv": [11, 19], "uv_size": [1, 0.5]},
								"down": {"uv": [12, 19.5], "uv_size": [1, -0.5]}
							}
						}
					]
				},
				{
					"name": "octagon4",
					"parent": "muzzle_silencer_ptilopsis",
					"pivot": [0, -0.00001, -9.31981],
					"rotation": [0, 0, 22.5],
					"cubes": [
						{
							"origin": [-0.15932, -0.3383, -9.35985],
							"size": [0.29925, 0.72246, 0.23879],
							"pivot": [-0.0097, 0.02292, -11.04762],
							"rotation": [0, 0, 45],
							"uv": {
								"north": {"uv": [21, 20], "uv_size": [0.5, 0.5]},
								"east": {"uv": [21, 21], "uv_size": [0.5, 0.5]},
								"south": {"uv": [0, 22], "uv_size": [0.5, 0.5]},
								"west": {"uv": [22, 0], "uv_size": [0.5, 0.5]},
								"up": {"uv": [1, 22], "uv_size": [0.5, 0.5]},
								"down": {"uv": [22, 1.5], "uv_size": [0.5, -0.5]}
							}
						},
						{
							"origin": [-0.15932, -0.3383, -9.35985],
							"size": [0.29925, 0.72246, 0.23879],
							"uv": {
								"north": {"uv": [2, 22], "uv_size": [0.5, 0.5]},
								"east": {"uv": [22, 2], "uv_size": [0.5, 0.5]},
								"south": {"uv": [3, 22], "uv_size": [0.5, 0.5]},
								"west": {"uv": [22, 3], "uv_size": [0.5, 0.5]},
								"up": {"uv": [4, 22], "uv_size": [0.5, 0.5]},
								"down": {"uv": [22, 4.5], "uv_size": [0.5, -0.5]}
							}
						},
						{
							"origin": [-0.37093, -0.1267, -9.35985],
							"size": [0.72246, 0.29925, 0.23879],
							"pivot": [-0.0097, 0.02292, -11.04762],
							"rotation": [0, 0, 45],
							"uv": {
								"north": {"uv": [5, 22], "uv_size": [0.5, 0.5]},
								"east": {"uv": [22, 5], "uv_size": [0.5, 0.5]},
								"south": {"uv": [6, 22], "uv_size": [0.5, 0.5]},
								"west": {"uv": [22, 6], "uv_size": [0.5, 0.5]},
								"up": {"uv": [7, 22], "uv_size": [0.5, 0.5]},
								"down": {"uv": [22, 7.5], "uv_size": [0.5, -0.5]}
							}
						},
						{
							"origin": [-0.37093, -0.1267, -9.35985],
							"size": [0.72246, 0.29925, 0.23879],
							"uv": {
								"north": {"uv": [8, 22], "uv_size": [0.5, 0.5]},
								"east": {"uv": [22, 8], "uv_size": [0.5, 0.5]},
								"south": {"uv": [9, 22], "uv_size": [0.5, 0.5]},
								"west": {"uv": [22, 9], "uv_size": [0.5, 0.5]},
								"up": {"uv": [10, 22], "uv_size": [0.5, 0.5]},
								"down": {"uv": [22, 10.5], "uv_size": [0.5, -0.5]}
							}
						}
					]
				},
				{
					"name": "barrel3",
					"parent": "muzzle_silencer_ptilopsis",
					"pivot": [0, 0.02489, -9.39917],
					"rotation": [0, 0, 22.5],
					"cubes": [
						{
							"origin": [-0.75892, -0.58899, -9.4385],
							"size": [0.29925, 0.0987, 0.07865],
							"pivot": [0.00023, -0.83679, -7.0424],
							"rotation": [0, 0, 45],
							"uv": {
								"north": {"uv": [11, 22], "uv_size": [0.5, 0.5]},
								"east": {"uv": [22, 11], "uv_size": [0.5, 0.5]},
								"south": {"uv": [12, 22], "uv_size": [0.5, 0.5]},
								"west": {"uv": [22, 12], "uv_size": [0.5, 0.5]},
								"up": {"uv": [13, 22], "uv_size": [0.5, 0.5]},
								"down": {"uv": [22, 13.5], "uv_size": [0.5, -0.5]}
							}
						},
						{
							"origin": [-0.14993, -0.33594, -9.4385],
							"size": [0.29925, 0.0987, 0.07865],
							"uv": {
								"north": {"uv": [14, 22], "uv_size": [0.5, 0.5]},
								"east": {"uv": [22, 14], "uv_size": [0.5, 0.5]},
								"south": {"uv": [15, 22], "uv_size": [0.5, 0.5]},
								"west": {"uv": [22, 15], "uv_size": [0.5, 0.5]},
								"up": {"uv": [16, 22], "uv_size": [0.5, 0.5]},
								"down": {"uv": [22, 16.5], "uv_size": [0.5, -0.5]}
							}
						},
						{
							"origin": [-0.75892, 0.03471, -9.4385],
							"size": [0.29925, 0.0987, 0.07865],
							"pivot": [0.00023, -0.83679, -7.0424],
							"rotation": [0, 0, 45],
							"uv": {
								"north": {"uv": [17, 22], "uv_size": [0.5, 0.5]},
								"east": {"uv": [22, 17], "uv_size": [0.5, 0.5]},
								"south": {"uv": [18, 22], "uv_size": [0.5, 0.5]},
								"west": {"uv": [22, 18], "uv_size": [0.5, 0.5]},
								"up": {"uv": [19, 22], "uv_size": [0.5, 0.5]},
								"down": {"uv": [22, 19.5], "uv_size": [0.5, -0.5]}
							}
						},
						{
							"origin": [-0.14993, 0.28671, -9.4385],
							"size": [0.29925, 0.0987, 0.07865],
							"uv": {
								"north": {"uv": [20, 22], "uv_size": [0.5, 0.5]},
								"east": {"uv": [22, 20], "uv_size": [0.5, 0.5]},
								"south": {"uv": [21, 22], "uv_size": [0.5, 0.5]},
								"west": {"uv": [22, 21], "uv_size": [0.5, 0.5]},
								"up": {"uv": [22, 22], "uv_size": [0.5, 0.5]},
								"down": {"uv": [0, 23.5], "uv_size": [0.5, -0.5]}
							}
						},
						{
							"origin": [-0.34732, -0.37689, -9.4385],
							"size": [0.0987, 0.29925, 0.07865],
							"pivot": [0.00023, -0.83679, -7.0424],
							"rotation": [0, 0, 45],
							"uv": {
								"north": {"uv": [23, 0], "uv_size": [0.5, 0.5]},
								"east": {"uv": [1, 23], "uv_size": [0.5, 0.5]},
								"south": {"uv": [23, 1], "uv_size": [0.5, 0.5]},
								"west": {"uv": [2, 23], "uv_size": [0.5, 0.5]},
								"up": {"uv": [23, 2], "uv_size": [0.5, 0.5]},
								"down": {"uv": [3, 23.5], "uv_size": [0.5, -0.5]}
							}
						},
						{
							"origin": [0.26273, -0.12489, -9.4385],
							"size": [0.0987, 0.29925, 0.07865],
							"uv": {
								"north": {"uv": [23, 3], "uv_size": [0.5, 0.5]},
								"east": {"uv": [4, 23], "uv_size": [0.5, 0.5]},
								"south": {"uv": [23, 4], "uv_size": [0.5, 0.5]},
								"west": {"uv": [5, 23], "uv_size": [0.5, 0.5]},
								"up": {"uv": [23, 5], "uv_size": [0.5, 0.5]},
								"down": {"uv": [6, 23.5], "uv_size": [0.5, -0.5]}
							}
						},
						{
							"origin": [-0.96997, -0.37689, -9.4385],
							"size": [0.0987, 0.29925, 0.07865],
							"pivot": [0.00023, -0.83679, -7.0424],
							"rotation": [0, 0, 45],
							"uv": {
								"north": {"uv": [23, 6], "uv_size": [0.5, 0.5]},
								"east": {"uv": [7, 23], "uv_size": [0.5, 0.5]},
								"south": {"uv": [23, 7], "uv_size": [0.5, 0.5]},
								"west": {"uv": [8, 23], "uv_size": [0.5, 0.5]},
								"up": {"uv": [23, 8], "uv_size": [0.5, 0.5]},
								"down": {"uv": [9, 23.5], "uv_size": [0.5, -0.5]}
							}
						},
						{
							"origin": [-0.36097, -0.12489, -9.4385],
							"size": [0.0987, 0.29925, 0.07865],
							"uv": {
								"north": {"uv": [23, 9], "uv_size": [0.5, 0.5]},
								"east": {"uv": [10, 23], "uv_size": [0.5, 0.5]},
								"south": {"uv": [23, 10], "uv_size": [0.5, 0.5]},
								"west": {"uv": [11, 23], "uv_size": [0.5, 0.5]},
								"up": {"uv": [23, 11], "uv_size": [0.5, 0.5]},
								"down": {"uv": [12, 23.5], "uv_size": [0.5, -0.5]}
							}
						}
					]
				}
			]
		}
	]
}