{
	"format_version": "1.12.0",
	"minecraft:geometry": [
		{
			"description": {
				"identifier": "geometry.mk14",
				"texture_width": 512,
				"texture_height": 512,
				"visible_bounds_width": 218,
				"visible_bounds_height": 4,
				"visible_bounds_offset": [0, 1, 0]
			},
			"bones": [
				{
					"name": "scope_body",
					"pivot": [0, 0, 0]
				},
				{
					"name": "sight",
					"parent": "scope_body",
					"pivot": [0, -17.4375, -11.73437],
					"cubes": [
						{
							"origin": [-0.23437, 0.4625, -1.31874],
							"size": [0.46875, 0.125, 0.28125],
							"uv": {
								"north": {"uv": [51, 56], "uv_size": [0.5, 0.5]},
								"east": {"uv": [52, 56], "uv_size": [0.5, 0.5]},
								"south": {"uv": [53, 56], "uv_size": [0.5, 0.5]},
								"west": {"uv": [0, 57], "uv_size": [0.5, 0.5]},
								"up": {"uv": [57, 0], "uv_size": [0.5, 0.5]}
							}
						},
						{
							"origin": [-0.15625, 0.5125, -4.30624],
							"size": [0.3125, 0.125, 0.28125],
							"uv": {
								"north": {"uv": [1, 57], "uv_size": [0.5, 0.5]},
								"east": {"uv": [57, 5], "uv_size": [0.5, 0.5]},
								"south": {"uv": [57, 6], "uv_size": [0.5, 0.5]},
								"west": {"uv": [57, 9], "uv_size": [0.5, 0.5]},
								"up": {"uv": [57, 10], "uv_size": [0.5, 0.5]}
							}
						},
						{
							"origin": [-0.37499, 0.28647, -1.73442],
							"size": [0.75, 0.14382, 0.24424],
							"pivot": [0.00001, 0.33647, -1.63576],
							"rotation": [45, 0, 0],
							"uv": {
								"east": {"uv": [57, 11], "uv_size": [0.5, 0.5]},
								"west": {"uv": [12, 57], "uv_size": [0.5, 0.5]},
								"up": {"uv": [29, 49], "uv_size": [1, 0.5]}
							}
						},
						{
							"origin": [-0.375, 0.3875, -4.23437],
							"size": [0.75, 0.1875, 0.625],
							"uv": {
								"east": {"uv": [57, 12], "uv_size": [0.5, 0.5]},
								"south": {"uv": [8, 50], "uv_size": [1, 0.5]},
								"west": {"uv": [13, 57], "uv_size": [0.5, 0.5]}
							}
						},
						{
							"origin": [0.10313, 0.3875, -4.23437],
							"size": [0.19375, 0.10938, 2.8125],
							"uv": {
								"east": {"uv": [46, 3], "uv_size": [3, 0.5]},
								"west": {"uv": [46, 4], "uv_size": [3, 0.5]},
								"up": {"uv": [40, 41], "uv_size": [0.5, 3]}
							}
						},
						{
							"origin": [-0.29687, 0.3875, -4.23437],
							"size": [0.19375, 0.10938, 2.8125],
							"uv": {
								"east": {"uv": [45, 47], "uv_size": [3, 0.5]},
								"west": {"uv": [47, 45], "uv_size": [3, 0.5]},
								"up": {"uv": [13, 42], "uv_size": [0.5, 3]}
							}
						},
						{
							"origin": [-0.375, 0.37188, -4.54687],
							"size": [0.75, 0.20313, 0.3125],
							"uv": {
								"east": {"uv": [57, 13], "uv_size": [0.5, 0.5]},
								"west": {"uv": [14, 57], "uv_size": [0.5, 0.5]}
							}
						},
						{
							"origin": [-0.00313, 0.44688, -1.45937],
							"size": [0.2356, 0.125, 0.5625],
							"pivot": [-0.10408, 1.25938, -1.33437],
							"rotation": [0, 0, 45],
							"uv": {
								"north": {"uv": [17, 57], "uv_size": [0.5, 0.5]},
								"east": {"uv": [57, 17], "uv_size": [0.5, 0.5]},
								"south": {"uv": [18, 57], "uv_size": [0.5, 0.5]},
								"west": {"uv": [57, 18], "uv_size": [0.5, 0.5]},
								"up": {"uv": [57, 19], "uv_size": [0.5, 0.5]},
								"down": {"uv": [21, 57.5], "uv_size": [0.5, -0.5]}
							}
						},
						{
							"origin": [0.57187, 0.54688, -1.25938],
							"size": [0.2356, 0.125, 0.1625],
							"pivot": [0.47092, 1.35938, -1.33437],
							"rotation": [0, 0, 22.5],
							"uv": {
								"north": {"uv": [23, 57], "uv_size": [0.5, 0.5]},
								"east": {"uv": [57, 23], "uv_size": [0.5, 0.5]},
								"south": {"uv": [24, 57], "uv_size": [0.5, 0.5]},
								"up": {"uv": [57, 26], "uv_size": [0.5, 0.5]}
							}
						},
						{
							"origin": [-0.80747, 0.54688, -1.25938],
							"size": [0.2356, 0.125, 0.1625],
							"pivot": [-0.47092, 1.35938, -1.33437],
							"rotation": [0, 0, -22.5],
							"uv": {
								"north": {"uv": [57, 27], "uv_size": [0.5, 0.5]},
								"south": {"uv": [29, 57], "uv_size": [0.5, 0.5]},
								"west": {"uv": [57, 29], "uv_size": [0.5, 0.5]},
								"up": {"uv": [30, 57], "uv_size": [0.5, 0.5]}
							}
						},
						{
							"origin": [0.79158, 0.92283, -1.45937],
							"size": [0.125, 0.2356, 0.5625],
							"pivot": [0.10408, 1.25938, -1.33437],
							"rotation": [0, 0, 45],
							"uv": {
								"north": {"uv": [31, 57], "uv_size": [0.5, 0.5]},
								"east": {"uv": [57, 31], "uv_size": [0.5, 0.5]},
								"south": {"uv": [32, 57], "uv_size": [0.5, 0.5]},
								"west": {"uv": [33, 57], "uv_size": [0.5, 0.5]},
								"up": {"uv": [35, 57], "uv_size": [0.5, 0.5]}
							}
						},
						{
							"origin": [-0.37499, 0.34183, -1.59915],
							"size": [0.75, 0.16393, 0.9],
							"uv": {
								"east": {"uv": [50, 38], "uv_size": [1, 0.5]},
								"south": {"uv": [50, 41], "uv_size": [1, 0.5]},
								"west": {"uv": [42, 50], "uv_size": [1, 0.5]},
								"up": {"uv": [42, 7], "uv_size": [1, 1]}
							}
						},
						{
							"origin": [-0.44062, 0.44688, -1.45937],
							"size": [0.88125, 0.125, 0.5625],
							"uv": {
								"north": {"uv": [50, 42], "uv_size": [1, 0.5]},
								"south": {"uv": [50, 43], "uv_size": [1, 0.5]},
								"up": {"uv": [50, 44], "uv_size": [1, 0.5]},
								"down": {"uv": [45, 50.5], "uv_size": [1, -0.5]}
							}
						},
						{
							"origin": [-0.01563, 0.49688, -4.79687],
							"size": [0.2356, 0.125, 1.1875],
							"pivot": [-0.11658, 1.30938, -4.04687],
							"rotation": [0, 0, 45],
							"uv": {
								"north": {"uv": [37, 57], "uv_size": [0.5, 0.5]},
								"east": {"uv": [31, 51], "uv_size": [1, 0.5]},
								"south": {"uv": [57, 37], "uv_size": [0.5, 0.5]},
								"west": {"uv": [45, 51], "uv_size": [1, 0.5]},
								"up": {"uv": [11, 52], "uv_size": [0.5, 1]},
								"down": {"uv": [49, 53], "uv_size": [0.5, -1]}
							}
						},
						{
							"origin": [0.80408, 0.97283, -4.79687],
							"size": [0.125, 0.2356, 1.1875],
							"pivot": [0.11658, 1.30938, -4.04687],
							"rotation": [0, 0, 45],
							"uv": {
								"north": {"uv": [38, 57], "uv_size": [0.5, 0.5]},
								"east": {"uv": [11, 53], "uv_size": [1, 0.5]},
								"south": {"uv": [39, 57], "uv_size": [0.5, 0.5]},
								"west": {"uv": [35, 53], "uv_size": [1, 0.5]},
								"up": {"uv": [0, 54], "uv_size": [0.5, 1]}
							}
						},
						{
							"origin": [-0.45312, 0.49688, -4.79687],
							"size": [0.90625, 0.125, 1.1875],
							"uv": {
								"north": {"uv": [54, 3], "uv_size": [1, 0.5]},
								"south": {"uv": [4, 54], "uv_size": [1, 0.5]},
								"up": {"uv": [8, 42], "uv_size": [1, 1]},
								"down": {"uv": [9, 43], "uv_size": [1, -1]}
							}
						},
						{
							"origin": [-0.37812, 0.37188, -3.60937],
							"size": [0.30625, 0.25, 0.65],
							"pivot": [0.00001, 0.62188, -3.60937],
							"rotation": [-20, 0, 0],
							"uv": {
								"east": {"uv": [40, 57], "uv_size": [0.5, 0.5]},
								"south": {"uv": [57, 40], "uv_size": [0.5, 0.5]},
								"west": {"uv": [41, 57], "uv_size": [0.5, 0.5]},
								"up": {"uv": [42, 57], "uv_size": [0.5, 0.5]},
								"down": {"uv": [58, 0.5], "uv_size": [0.5, -0.5]}
							}
						},
						{
							"origin": [0.07188, 0.37188, -3.60937],
							"size": [0.30625, 0.25, 0.65],
							"pivot": [0.00001, 0.62188, -3.60937],
							"rotation": [-20, 0, 0],
							"uv": {
								"east": {"uv": [12, 58], "uv_size": [0.5, 0.5]},
								"south": {"uv": [17, 58], "uv_size": [0.5, 0.5]},
								"west": {"uv": [18, 58], "uv_size": [0.5, 0.5]},
								"up": {"uv": [58, 26], "uv_size": [0.5, 0.5]},
								"down": {"uv": [27, 58.5], "uv_size": [0.5, -0.5]}
							}
						},
						{
							"origin": [0.52187, 0.59688, -4.25938],
							"size": [0.2356, 0.125, 0.1625],
							"pivot": [0.42092, 1.40938, -4.33437],
							"rotation": [0, 0, 22.5],
							"uv": {
								"north": {"uv": [58, 27], "uv_size": [0.5, 0.5]},
								"east": {"uv": [28, 58], "uv_size": [0.5, 0.5]},
								"south": {"uv": [58, 29], "uv_size": [0.5, 0.5]},
								"up": {"uv": [32, 58], "uv_size": [0.5, 0.5]}
							}
						},
						{
							"origin": [-0.75747, 0.59688, -4.25938],
							"size": [0.2356, 0.125, 0.1625],
							"pivot": [-0.42092, 1.40938, -4.33437],
							"rotation": [0, 0, -22.5],
							"uv": {
								"north": {"uv": [58, 37], "uv_size": [0.5, 0.5]},
								"south": {"uv": [58, 42], "uv_size": [0.5, 0.5]},
								"west": {"uv": [58, 43], "uv_size": [0.5, 0.5]},
								"up": {"uv": [44, 58], "uv_size": [0.5, 0.5]}
							}
						},
						{
							"origin": [-0.6875, -0.2125, -3.29687],
							"size": [1.375, 0.3125, 0.3125],
							"pivot": [0, -0.0875, -3.17187],
							"rotation": [45, 0, 0],
							"uv": {
								"north": {"uv": [50, 24], "uv_size": [1.5, 0.5]},
								"east": {"uv": [45, 58], "uv_size": [0.5, 0.5]},
								"south": {"uv": [25, 50], "uv_size": [1.5, 0.5]},
								"west": {"uv": [46, 58], "uv_size": [0.5, 0.5]},
								"up": {"uv": [50, 25], "uv_size": [1.5, 0.5]},
								"down": {"uv": [28, 50.5], "uv_size": [1.5, -0.5]}
							}
						},
						{
							"origin": [-0.6875, -0.2125, -0.79687],
							"size": [1.375, 0.3125, 0.3125],
							"pivot": [0, -0.0875, -0.67187],
							"rotation": [45, 0, 0],
							"uv": {
								"north": {"uv": [19, 52], "uv_size": [1.5, 0.5]},
								"east": {"uv": [47, 58], "uv_size": [0.5, 0.5]},
								"south": {"uv": [19, 53], "uv_size": [1.5, 0.5]},
								"west": {"uv": [58, 47], "uv_size": [0.5, 0.5]},
								"up": {"uv": [30, 53], "uv_size": [1.5, 0.5]},
								"down": {"uv": [53, 47.5], "uv_size": [1.5, -0.5]}
							}
						},
						{
							"origin": [-0.375, 0.2375, -4.23437],
							"size": [0.75, 0.15, 3.475],
							"uv": {
								"east": {"uv": [46, 24], "uv_size": [3.5, 0.5]},
								"south": {"uv": [61, 53], "uv_size": [1, 0.5]},
								"west": {"uv": [46, 25], "uv_size": [3.5, 0.5]},
								"up": {"uv": [68, 35], "uv_size": [1, 3.5]},
								"down": {"uv": [69, 19.5], "uv_size": [1, -3.5]}
							}
						},
						{
							"origin": [0.25, 0.15625, -1.80937],
							"size": [0.25, 0.21213, 0.21213],
							"pivot": [0.375, 0.15625, -1.80937],
							"rotation": [45, 0, 0],
							"uv": {
								"south": {"uv": [48, 58], "uv_size": [0.5, 0.5]},
								"west": {"uv": [58, 48], "uv_size": [0.5, 0.5]},
								"down": {"uv": [49, 58.5], "uv_size": [0.5, -0.5]}
							}
						},
						{
							"origin": [0.3, 0.15625, -3.30937],
							"size": [0.2, 0.3, 0.5],
							"pivot": [0.5, 0.30625, -2.80937],
							"rotation": [0, 22.5, 0],
							"uv": {
								"west": {"uv": [58, 49], "uv_size": [0.5, 0.5]},
								"up": {"uv": [58, 50], "uv_size": [0.5, 0.5]},
								"down": {"uv": [58, 51.5], "uv_size": [0.5, -0.5]}
							}
						},
						{
							"origin": [0.25, 0.15625, -2.80937],
							"size": [0.25, 0.3, 1],
							"uv": {
								"west": {"uv": [54, 5], "uv_size": [1, 0.5]},
								"up": {"uv": [6, 54], "uv_size": [0.5, 1]}
							}
						},
						{
							"origin": [0.775, 2.14258, -0.74692],
							"size": [0.1, 0.2706, 0.65328],
							"pivot": [0.875, 1.98125, -5.70937],
							"rotation": [-22.5, 0, 10],
							"uv": {
								"east": {"uv": [11, 59], "uv_size": [0.5, 0.5]},
								"south": {"uv": [16, 59], "uv_size": [0.5, 0.5]},
								"west": {"uv": [17, 59], "uv_size": [0.5, 0.5]},
								"up": {"uv": [59, 24], "uv_size": [0.5, 0.5]}
							}
						},
						{
							"origin": [0.775, 0.23125, -1.45937],
							"size": [0.1, 0.25, 0.5],
							"pivot": [0.875, 1.98125, -5.70937],
							"rotation": [0, 0, 10],
							"uv": {
								"east": {"uv": [59, 26], "uv_size": [0.5, 0.5]},
								"west": {"uv": [59, 27], "uv_size": [0.5, 0.5]},
								"up": {"uv": [59, 29], "uv_size": [0.5, 0.5]}
							}
						},
						{
							"origin": [0.51529, 0.16272, -1.45937],
							"size": [0.1, 0.35, 0.25],
							"pivot": [0.56529, 0.51272, -1.45937],
							"rotation": [-45, 0, 10],
							"uv": {
								"north": {"uv": [59, 31], "uv_size": [0.5, 0.5]},
								"east": {"uv": [32, 59], "uv_size": [0.5, 0.5]},
								"south": {"uv": [33, 59], "uv_size": [0.5, 0.5]},
								"west": {"uv": [34, 59], "uv_size": [0.5, 0.5]},
								"up": {"uv": [35, 59], "uv_size": [0.5, 0.5]},
								"down": {"uv": [36, 59.5], "uv_size": [0.5, -0.5]}
							}
						},
						{
							"origin": [0.775, -0.01875, -3.20937],
							"size": [0.1, 0.25, 2.75],
							"pivot": [0.875, 1.98125, -5.70937],
							"rotation": [0, 0, 10],
							"uv": {
								"east": {"uv": [47, 46], "uv_size": [3, 0.5]},
								"south": {"uv": [37, 59], "uv_size": [0.5, 0.5]},
								"west": {"uv": [48, 1], "uv_size": [3, 0.5]},
								"up": {"uv": [14, 42], "uv_size": [0.5, 3]},
								"down": {"uv": [42, 35], "uv_size": [0.5, -3]}
							}
						},
						{
							"origin": [0.51529, 0.16272, -3.45937],
							"size": [0.1, 0.35, 0.25],
							"pivot": [0.56529, 0.51272, -3.20937],
							"rotation": [45, 0, 10],
							"uv": {
								"east": {"uv": [59, 37], "uv_size": [0.5, 0.5]},
								"south": {"uv": [38, 59], "uv_size": [0.5, 0.5]},
								"west": {"uv": [39, 59], "uv_size": [0.5, 0.5]}
							}
						},
						{
							"origin": [0.775, 0.4205, -4.44244],
							"size": [0.1, 0.46194, 0.19134],
							"pivot": [0.875, 1.98125, -5.70937],
							"rotation": [-22.5, 0, 10],
							"uv": {
								"north": {"uv": [59, 41], "uv_size": [0.5, 0.5]},
								"east": {"uv": [59, 42], "uv_size": [0.5, 0.5]},
								"west": {"uv": [59, 43], "uv_size": [0.5, 0.5]},
								"down": {"uv": [59, 44.5], "uv_size": [0.5, -0.5]}
							}
						},
						{
							"origin": [0.775, -0.01875, -4.95937],
							"size": [0.1, 0.5, 1.75],
							"pivot": [0.875, 1.98125, -5.70937],
							"rotation": [0, 0, 10],
							"uv": {
								"east": {"uv": [23, 42], "uv_size": [2, 0.5]},
								"west": {"uv": [23, 43], "uv_size": [2, 0.5]},
								"up": {"uv": [46, 7], "uv_size": [0.5, 2]},
								"down": {"uv": [9, 48], "uv_size": [0.5, -2]}
							}
						},
						{
							"origin": [-0.875, -0.01875, -4.95937],
							"size": [0.1, 0.5, 1.75],
							"pivot": [-0.875, 1.98125, -5.70937],
							"rotation": [0, 0, -10],
							"uv": {
								"east": {"uv": [46, 12], "uv_size": [2, 0.5]},
								"west": {"uv": [46, 13], "uv_size": [2, 0.5]},
								"up": {"uv": [47, 7], "uv_size": [0.5, 2]},
								"down": {"uv": [27, 49], "uv_size": [0.5, -2]}
							}
						},
						{
							"origin": [-0.875, 0.4205, -4.44244],
							"size": [0.1, 0.46194, 0.19134],
							"pivot": [-0.875, 1.98125, -5.70937],
							"rotation": [-22.5, 0, -10],
							"uv": {
								"north": {"uv": [59, 46], "uv_size": [0.5, 0.5]},
								"east": {"uv": [59, 47], "uv_size": [0.5, 0.5]},
								"west": {"uv": [59, 48], "uv_size": [0.5, 0.5]},
								"down": {"uv": [59, 49.5], "uv_size": [0.5, -0.5]}
							}
						},
						{
							"origin": [-0.61529, 0.16272, -3.45937],
							"size": [0.1, 0.35, 0.25],
							"pivot": [-0.56529, 0.51272, -3.20937],
							"rotation": [45, 0, -10],
							"uv": {
								"east": {"uv": [59, 50], "uv_size": [0.5, 0.5]},
								"south": {"uv": [59, 51], "uv_size": [0.5, 0.5]},
								"west": {"uv": [59, 55], "uv_size": [0.5, 0.5]}
							}
						},
						{
							"origin": [-0.875, -0.01875, -3.20937],
							"size": [0.1, 0.25, 2.75],
							"pivot": [-0.875, 1.98125, -5.70937],
							"rotation": [0, 0, -10],
							"uv": {
								"east": {"uv": [51, 5], "uv_size": [3, 0.5]},
								"south": {"uv": [59, 59], "uv_size": [0.5, 0.5]},
								"west": {"uv": [42, 51], "uv_size": [3, 0.5]},
								"up": {"uv": [43, 7], "uv_size": [0.5, 3]},
								"down": {"uv": [42, 47], "uv_size": [0.5, -3]}
							}
						},
						{
							"origin": [-0.61529, 0.16272, -1.45937],
							"size": [0.1, 0.35, 0.25],
							"pivot": [-0.56529, 0.51272, -1.45937],
							"rotation": [-45, 0, -10],
							"uv": {
								"north": {"uv": [0, 60], "uv_size": [0.5, 0.5]},
								"east": {"uv": [1, 60], "uv_size": [0.5, 0.5]},
								"south": {"uv": [2, 60], "uv_size": [0.5, 0.5]},
								"west": {"uv": [12, 60], "uv_size": [0.5, 0.5]},
								"up": {"uv": [60, 12], "uv_size": [0.5, 0.5]},
								"down": {"uv": [13, 60.5], "uv_size": [0.5, -0.5]}
							}
						},
						{
							"origin": [-0.875, 0.23125, -1.45937],
							"size": [0.1, 0.25, 0.5],
							"pivot": [-0.875, 1.98125, -5.70937],
							"rotation": [0, 0, -10],
							"uv": {
								"east": {"uv": [16, 60], "uv_size": [0.5, 0.5]},
								"west": {"uv": [22, 60], "uv_size": [0.5, 0.5]},
								"up": {"uv": [23, 60], "uv_size": [0.5, 0.5]}
							}
						},
						{
							"origin": [-0.875, 2.14258, -0.74692],
							"size": [0.1, 0.2706, 0.65328],
							"pivot": [-0.875, 1.98125, -5.70937],
							"rotation": [-22.5, 0, -10],
							"uv": {
								"east": {"uv": [24, 60], "uv_size": [0.5, 0.5]},
								"south": {"uv": [60, 24], "uv_size": [0.5, 0.5]},
								"west": {"uv": [60, 26], "uv_size": [0.5, 0.5]},
								"up": {"uv": [60, 27], "uv_size": [0.5, 0.5]}
							}
						},
						{
							"origin": [-0.5, 0.15625, -2.80937],
							"size": [0.25, 0.3, 1],
							"uv": {
								"east": {"uv": [8, 54], "uv_size": [1, 0.5]},
								"up": {"uv": [11, 54], "uv_size": [0.5, 1]}
							}
						},
						{
							"origin": [-0.5, 0.15625, -3.30937],
							"size": [0.2, 0.3, 0.5],
							"pivot": [-0.5, 0.30625, -2.80937],
							"rotation": [0, -22.5, 0],
							"uv": {
								"east": {"uv": [60, 29], "uv_size": [0.5, 0.5]},
								"up": {"uv": [60, 31], "uv_size": [0.5, 0.5]},
								"down": {"uv": [60, 36.5], "uv_size": [0.5, -0.5]}
							}
						},
						{
							"origin": [-0.5, 0.15625, -1.80937],
							"size": [0.25, 0.21213, 0.21213],
							"pivot": [-0.375, 0.15625, -1.80937],
							"rotation": [45, 0, 0],
							"uv": {
								"east": {"uv": [60, 37], "uv_size": [0.5, 0.5]},
								"south": {"uv": [60, 46], "uv_size": [0.5, 0.5]},
								"down": {"uv": [48, 60.5], "uv_size": [0.5, -0.5]}
							}
						},
						{
							"origin": [-0.25, 0.13181, -0.82681],
							"size": [0.5, 0.25, 0.68638],
							"pivot": [0, 0.14376, -0.60083],
							"rotation": [-22.5, 0, 0],
							"uv": {
								"up": {"uv": [49, 60], "uv_size": [0.5, 0.5]}
							}
						},
						{
							"origin": [-0.375, 0.175, -4.23437],
							"size": [0.75, 0.125, 0.4375],
							"uv": {
								"north": {"uv": [14, 54], "uv_size": [1, 0.5]},
								"east": {"uv": [54, 60], "uv_size": [0.5, 0.5]},
								"south": {"uv": [15, 54], "uv_size": [1, 0.5]},
								"west": {"uv": [55, 60], "uv_size": [0.5, 0.5]}
							}
						},
						{
							"origin": [-0.425, 0.1125, -3.48437],
							"size": [0.85, 0.1875, 2.75],
							"uv": {
								"north": {"uv": [53, 54], "uv_size": [1, 0.5]},
								"south": {"uv": [55, 3], "uv_size": [1, 0.5]},
								"up": {"uv": [41, 32], "uv_size": [1, 3]}
							}
						},
						{
							"origin": [-0.375, 0.52506, -4.12778],
							"size": [0.75, 0.1875, 0.8125],
							"pivot": [0, 0.61881, -5.06528],
							"rotation": [-22.5, 0, 0],
							"uv": {
								"north": {"uv": [7, 55], "uv_size": [1, 0.5]},
								"east": {"uv": [8, 55], "uv_size": [1, 0.5]},
								"west": {"uv": [11, 55], "uv_size": [1, 0.5]},
								"up": {"uv": [42, 14], "uv_size": [1, 1]},
								"down": {"uv": [42, 17], "uv_size": [1, -1]}
							}
						},
						{
							"origin": [-0.375, 0.89381, -4.73564],
							"size": [0.75, 0.15161, 0.70162],
							"pivot": [0, 0.98756, -5.8309],
							"rotation": [-22.5, 0, 0],
							"uv": {
								"north": {"uv": [13, 55], "uv_size": [1, 0.5]},
								"east": {"uv": [61, 12], "uv_size": [0.5, 0.5]},
								"west": {"uv": [61, 19], "uv_size": [0.5, 0.5]},
								"down": {"uv": [14, 55.5], "uv_size": [1, -0.5]}
							}
						},
						{
							"origin": [-0.2, 0.18125, -4.68437],
							"size": [0.4, 0.3, 0.225],
							"uv": {
								"north": {"uv": [61, 20], "uv_size": [0.5, 0.5]}
							}
						},
						{
							"origin": [0.2, 0.25625, -4.70937],
							"size": [0.1, 0.325, 0.75],
							"uv": {
								"north": {"uv": [61, 21], "uv_size": [0.5, 0.5]},
								"east": {"uv": [15, 55], "uv_size": [1, 0.5]},
								"west": {"uv": [17, 55], "uv_size": [1, 0.5]}
							}
						},
						{
							"origin": [0.2, 0.00876, -4.70937],
							"size": [0.1, 0.24749, 0.75],
							"pivot": [0.3, 0.25625, -3.70937],
							"rotation": [0, 0, 45],
							"uv": {
								"north": {"uv": [61, 23], "uv_size": [0.5, 0.5]},
								"east": {"uv": [55, 18], "uv_size": [1, 0.5]},
								"south": {"uv": [61, 24], "uv_size": [0.5, 0.5]},
								"west": {"uv": [55, 19], "uv_size": [1, 0.5]}
							}
						},
						{
							"origin": [-0.125, 0.08125, -4.70937],
							"size": [0.25, 0.1, 0.75],
							"uv": {
								"north": {"uv": [61, 25], "uv_size": [0.5, 0.5]},
								"up": {"uv": [26, 55], "uv_size": [0.5, 1]},
								"down": {"uv": [55, 48], "uv_size": [0.5, -1]}
							}
						},
						{
							"origin": [-0.3, 0.00876, -4.70937],
							"size": [0.1, 0.24749, 0.75],
							"pivot": [-0.3, 0.25625, -3.70937],
							"rotation": [0, 0, -45],
							"uv": {
								"north": {"uv": [28, 61], "uv_size": [0.5, 0.5]},
								"east": {"uv": [55, 48], "uv_size": [1, 0.5]},
								"south": {"uv": [61, 28], "uv_size": [0.5, 0.5]},
								"west": {"uv": [52, 55], "uv_size": [1, 0.5]}
							}
						},
						{
							"origin": [-0.3, 0.25625, -4.70937],
							"size": [0.1, 0.325, 0.75],
							"uv": {
								"north": {"uv": [29, 61], "uv_size": [0.5, 0.5]},
								"east": {"uv": [53, 55], "uv_size": [1, 0.5]},
								"west": {"uv": [56, 0], "uv_size": [1, 0.5]}
							}
						},
						{
							"origin": [-0.625, -0.15, -3.48437],
							"size": [1.25, 0.375, 3.25],
							"uv": {
								"north": {"uv": [49, 53], "uv_size": [1.5, 0.5]},
								"east": {"uv": [44, 39], "uv_size": [3.5, 0.5]},
								"south": {"uv": [51, 53], "uv_size": [1.5, 0.5]},
								"west": {"uv": [45, 5], "uv_size": [3.5, 0.5]},
								"up": {"uv": [49, 14], "uv_size": [1.5, 3.5]}
							}
						},
						{
							"origin": [0.46096, -0.25021, -3.48437],
							"size": [0.1875, 0.17678, 3.25],
							"pivot": [0.08596, -0.15646, -3.73437],
							"rotation": [0, 0, -45],
							"uv": {
								"north": {"uv": [64, 64], "uv_size": [0.5, 0.5]},
								"south": {"uv": [24, 65], "uv_size": [0.5, 0.5]},
								"west": {"uv": [17, 67], "uv_size": [3.5, 0.5]},
								"up": {"uv": [66, 52], "uv_size": [0.5, 3.5]}
							}
						},
						{
							"origin": [-0.64846, -0.25021, -3.48437],
							"size": [0.1875, 0.17678, 3.25],
							"pivot": [-0.08596, -0.15646, -3.73437],
							"rotation": [0, 0, 45],
							"uv": {
								"north": {"uv": [62, 20], "uv_size": [0.5, 0.5]},
								"east": {"uv": [50, 65], "uv_size": [3.5, 0.5]},
								"south": {"uv": [64, 63], "uv_size": [0.5, 0.5]},
								"up": {"uv": [65, 50], "uv_size": [0.5, 3.5]}
							}
						},
						{
							"origin": [0.32322, -0.275, -3.48437],
							"size": [0.25, 0.25, 3.25],
							"pivot": [0.44822, -0.15, 0.01563],
							"rotation": [0, 0, 45],
							"uv": {
								"north": {"uv": [62, 8], "uv_size": [0.5, 0.5]},
								"south": {"uv": [9, 62], "uv_size": [0.5, 0.5]},
								"west": {"uv": [25, 49], "uv_size": [3.5, 0.5]},
								"down": {"uv": [31, 49.5], "uv_size": [0.5, -3.5]}
							}
						},
						{
							"origin": [-0.57322, -0.275, -3.48437],
							"size": [0.25, 0.25, 3.25],
							"pivot": [-0.44822, -0.15, 0.01563],
							"rotation": [0, 0, -45],
							"uv": {
								"north": {"uv": [62, 9], "uv_size": [0.5, 0.5]},
								"east": {"uv": [51, 4], "uv_size": [3.5, 0.5]},
								"south": {"uv": [10, 62], "uv_size": [0.5, 0.5]},
								"down": {"uv": [12, 50.5], "uv_size": [0.5, -3.5]}
							}
						},
						{
							"origin": [-0.25, 0.0625, -0.23437],
							"size": [0.5, 0.125, 0.15],
							"uv": {
								"south": {"uv": [62, 13], "uv_size": [0.5, 0.5]}
							}
						},
						{
							"origin": [-0.375, 0.26306, -0.8123],
							"size": [0.14063, 0.15, 0.75],
							"pivot": [0, 0.17501, -0.52271],
							"rotation": [-22.5, 0, 0],
							"uv": {
								"east": {"uv": [2, 56], "uv_size": [1, 0.5]},
								"west": {"uv": [56, 3], "uv_size": [1, 0.5]},
								"up": {"uv": [17, 56], "uv_size": [0.5, 1]},
								"down": {"uv": [56, 19], "uv_size": [0.5, -1]}
							}
						},
						{
							"origin": [-0.375, 0.0625, -0.65625],
							"size": [0.14063, 0.15625, 0.65],
							"uv": {
								"east": {"uv": [62, 14], "uv_size": [0.5, 0.5]},
								"south": {"uv": [15, 62], "uv_size": [0.5, 0.5]},
								"west": {"uv": [62, 16], "uv_size": [0.5, 0.5]}
							}
						},
						{
							"origin": [0.23438, 0.26306, -0.8123],
							"size": [0.14063, 0.15, 0.75],
							"pivot": [0, 0.17501, -0.52271],
							"rotation": [-22.5, 0, 0],
							"uv": {
								"east": {"uv": [56, 19], "uv_size": [1, 0.5]},
								"west": {"uv": [23, 56], "uv_size": [1, 0.5]},
								"up": {"uv": [56, 39], "uv_size": [0.5, 1]},
								"down": {"uv": [56, 41], "uv_size": [0.5, -1]}
							}
						},
						{
							"origin": [0.23438, 0.0625, -0.65625],
							"size": [0.14063, 0.15625, 0.65],
							"uv": {
								"east": {"uv": [62, 17], "uv_size": [0.5, 0.5]},
								"south": {"uv": [18, 62], "uv_size": [0.5, 0.5]},
								"west": {"uv": [62, 18], "uv_size": [0.5, 0.5]}
							}
						}
					]
				},
				{
					"name": "ammo_illuminated",
					"parent": "sight",
					"pivot": [0, -11.31875, -8.75937],
					"cubes": [
						{
							"origin": [0.13938, 0.70625, -1.26037],
							"size": [0.00937, 0.025, 0],
							"uv": {
								"south": {"uv": [62, 19], "uv_size": [0.5, 0.5]}
							}
						},
						{
							"origin": [-0.19218, 0.69063, -1.26037],
							"size": [0.00937, 0.05625, 0],
							"pivot": [-0.1875, 0.71875, 0],
							"rotation": [0, 0, -51],
							"uv": {
								"south": {"uv": [62, 19], "uv_size": [0.5, 0.5]}
							}
						},
						{
							"origin": [-0.19218, 0.69063, -1.26037],
							"size": [0.00937, 0.05625, 0],
							"pivot": [-0.1875, 0.71875, 0],
							"rotation": [0, 0, 51],
							"uv": {
								"south": {"uv": [62.5, 19], "uv_size": [-0.5, 0.5]}
							}
						},
						{
							"origin": [-0.2375, 0.74687, -1.26037],
							"size": [0.41875, 0.00938, 0],
							"uv": {
								"south": {"uv": [19, 62], "uv_size": [0.5, 0.5]}
							}
						},
						{
							"origin": [0.15625, 0.70625, -1.26037],
							"size": [0.025, 0.025, 0],
							"uv": {
								"south": {"uv": [20, 62], "uv_size": [0.5, 0.5]}
							}
						},
						{
							"origin": [-0.2375, 0.68125, -1.26037],
							"size": [0.41875, 0.00938, 0],
							"uv": {
								"south": {"uv": [21, 62], "uv_size": [0.5, 0.5]}
							}
						}
					]
				},
				{
					"name": "ammo_count_text_show_pos5",
					"parent": "ammo_illuminated",
					"pivot": [-0.25, 0.63125, -1.25938]
				},
				{
					"name": "ammo1",
					"parent": "ammo_illuminated",
					"pivot": [0.1875, 0.7125, -1.25938]
				},
				{
					"name": "empty_illuminated",
					"parent": "sight",
					"pivot": [0, 0.38125, -1.25938]
				},
				{
					"name": "sight_illuminated",
					"parent": "sight",
					"pivot": [0, 7.7625, 4.77188],
					"cubes": [
						{
							"origin": [-0.29687, 0.95625, -1.26037],
							"size": [0.025, 0.1, 0],
							"uv": {
								"south": {"uv": [62, 60], "uv_size": [0.5, 0.5]}
							}
						},
						{
							"origin": [-0.38437, 0.99375, -1.26037],
							"size": [0.1, 0.025, 0],
							"uv": {
								"south": {"uv": [61, 62], "uv_size": [0.5, 0.5]}
							}
						},
						{
							"origin": [-0.50937, 0.99375, -1.26037],
							"size": [0.1, 0.025, 0],
							"uv": {
								"south": {"uv": [62, 61], "uv_size": [0.5, 0.5]}
							}
						},
						{
							"origin": [-0.40937, 1.03125, -1.26037],
							"size": [0.1, 0.025, 0],
							"uv": {
								"south": {"uv": [62, 62], "uv_size": [0.5, 0.5]}
							}
						},
						{
							"origin": [-0.45937, 1.03125, -1.26037],
							"size": [0.05, 0.025, 0],
							"pivot": [-0.40937, 1.05625, -1.26037],
							"rotation": [0, 0, -45],
							"uv": {
								"south": {"uv": [0, 63], "uv_size": [0.5, 0.5]}
							}
						},
						{
							"origin": [-0.40937, 0.95625, -1.26037],
							"size": [0.1, 0.025, 0],
							"uv": {
								"south": {"uv": [63, 0], "uv_size": [0.5, 0.5]}
							}
						},
						{
							"origin": [-0.45937, 0.95625, -1.26037],
							"size": [0.05, 0.025, 0],
							"pivot": [-0.40937, 0.95625, -1.26037],
							"rotation": [0, 0, 45],
							"uv": {
								"south": {"uv": [1, 63], "uv_size": [0.5, 0.5]}
							}
						},
						{
							"origin": [0.40938, 0.99375, -1.26037],
							"size": [0.1, 0.025, 0],
							"uv": {
								"south": {"uv": [63, 1], "uv_size": [0.5, 0.5]}
							}
						},
						{
							"origin": [0.40938, 1.03125, -1.26037],
							"size": [0.05, 0.025, 0],
							"pivot": [0.40938, 1.05625, -1.26037],
							"rotation": [0, 0, 45],
							"uv": {
								"south": {"uv": [2, 63], "uv_size": [0.5, 0.5]}
							}
						},
						{
							"origin": [0.40938, 0.95625, -1.26037],
							"size": [0.05, 0.025, 0],
							"pivot": [0.40938, 0.95625, -1.26037],
							"rotation": [0, 0, -45],
							"uv": {
								"south": {"uv": [63, 2], "uv_size": [0.5, 0.5]}
							}
						},
						{
							"origin": [0.30938, 0.95625, -1.26037],
							"size": [0.1, 0.025, 0],
							"uv": {
								"south": {"uv": [3, 63], "uv_size": [0.5, 0.5]}
							}
						},
						{
							"origin": [0.30938, 1.03125, -1.26037],
							"size": [0.1, 0.025, 0],
							"uv": {
								"south": {"uv": [63, 3], "uv_size": [0.5, 0.5]}
							}
						},
						{
							"origin": [0.28438, 0.99375, -1.26037],
							"size": [0.1, 0.025, 0],
							"uv": {
								"south": {"uv": [36, 63], "uv_size": [0.5, 0.5]}
							}
						},
						{
							"origin": [0.27187, 0.95625, -1.26037],
							"size": [0.025, 0.1, 0],
							"uv": {
								"south": {"uv": [63, 36], "uv_size": [0.5, 0.5]}
							}
						},
						{
							"origin": [0.27187, 0.95625, -1.26037],
							"size": [0.025, 0.1, 0],
							"pivot": [0.04688, 1.00625, -1.25938],
							"rotation": [0, 0, -22.5],
							"uv": {
								"south": {"uv": [43, 64], "uv_size": [0.5, 0.5]}
							}
						},
						{
							"origin": [-0.29687, 0.95625, -1.26037],
							"size": [0.025, 0.1, 0],
							"pivot": [-0.04687, 1.00625, -1.25938],
							"rotation": [0, 0, -22.5],
							"uv": {
								"south": {"uv": [64, 43], "uv_size": [0.5, 0.5]}
							}
						},
						{
							"origin": [0.27187, 0.95625, -1.26037],
							"size": [0.025, 0.1, 0],
							"pivot": [0.04688, 1.00625, -1.25938],
							"rotation": [0, 0, 22.5],
							"uv": {
								"south": {"uv": [44, 64], "uv_size": [0.5, 0.5]}
							}
						},
						{
							"origin": [-0.29687, 0.95625, -1.26037],
							"size": [0.025, 0.1, 0],
							"pivot": [-0.04687, 1.00625, -1.25938],
							"rotation": [0, 0, 22.5],
							"uv": {
								"south": {"uv": [64, 44], "uv_size": [0.5, 0.5]}
							}
						},
						{
							"origin": [-0.5, 0.55625, -6.25937],
							"size": [0.06875, 0.3, 0],
							"pivot": [-0.5, 0.55625, -6.25937],
							"rotation": [20.94102, 8.42106, -20.94102],
							"uv": {
								"north": {"uv": [64, 61], "uv_size": [0.5, 0.5]},
								"south": {"uv": [62, 64], "uv_size": [0.5, 0.5]}
							}
						},
						{
							"origin": [0.43125, 0.55625, -6.25937],
							"size": [0.06875, 0.3, 0],
							"pivot": [0.5, 0.55625, -6.25937],
							"rotation": [20.94102, -8.42106, 20.94102],
							"uv": {
								"north": {"uv": [64, 62], "uv_size": [0.5, 0.5]},
								"south": {"uv": [63, 64], "uv_size": [0.5, 0.5]}
							}
						},
						{
							"origin": [-0.5, 0.55625, -6.25937],
							"size": [1, 0.06875, 0],
							"pivot": [0, 0.55625, -6.25937],
							"rotation": [22.5, 0, 0],
							"uv": {
								"north": {"uv": [49, 56], "uv_size": [1, 0.5]},
								"south": {"uv": [50, 56], "uv_size": [1, 0.5]}
							}
						}
					]
				},
				{
					"name": "division",
					"pivot": [0, 0, 0]
				},
				{
					"name": "bone_illuminated",
					"parent": "division",
					"pivot": [0, 0, 0],
					"cubes": [
						{
							"origin": [-0.02187, 0.98438, -5.47287],
							"size": [0.04375, 0.04375, 0],
							"pivot": [0, 1.00625, -5.47187],
							"rotation": [0, 0, -45],
							"uv": {
								"south": {"uv": [45, 64], "uv_size": [0.5, 0.5]}
							}
						},
						{
							"origin": [-0.0125, 0.70625, -5.47287],
							"size": [0.025, 0.18125, 0],
							"pivot": [0, 1.00625, -5.47187],
							"rotation": [0, 0, -60],
							"uv": {
								"south": {"uv": [60, 64], "uv_size": [0.5, 0.5]}
							}
						},
						{
							"origin": [-0.0125, 0.70625, -5.47287],
							"size": [0.025, 0.18125, 0],
							"pivot": [0, 1.00625, -5.47187],
							"rotation": [0, 0, 60],
							"uv": {
								"south": {"uv": [64, 60], "uv_size": [0.5, 0.5]}
							}
						},
						{
							"origin": [-0.0125, 1.125, -5.47287],
							"size": [0.025, 0.18125, 0],
							"uv": {
								"south": {"uv": [61, 64], "uv_size": [0.5, 0.5]}
							}
						}
					]
				},
				{
					"name": "scope_view",
					"pivot": [0, 0.99688, 3]
				},
				{
					"name": "ocular",
					"pivot": [0, 0, 0],
					"cubes": [
						{
							"origin": [-0.375, 0.625, -3.3125],
							"size": [0.75, 0.75, 2],
							"uv": {
								"south": {"uv": [0, 1], "uv_size": [1, 1]}
							}
						}
					]
				}
			]
		}
	]
}