{
	"format_version": "1.12.0",
	"minecraft:geometry": [
		{
			"description": {
				"identifier": "geometry.unknown",
				"texture_width": 64,
				"texture_height": 64,
				"visible_bounds_width": 3,
				"visible_bounds_height": 1.5,
				"visible_bounds_offset": [0, 0.25, 0]
			},
			"bones": [
				{
					"name": "oem_stock_tactical",
					"pivot": [0, -4.69888, 7.09128],
					"cubes": [
						{
							"origin": [-0.33747, -0.80582, 0.00255],
							"size": [0.67494, 1.62945, 7.20399],
							"pivot": [0, 0.0089, 0.31536],
							"rotation": [0, 0, 45],
							"uv": {
								"north": {"uv": [29, 11], "uv_size": [0.5, 1.5]},
								"south": {"uv": [12, 29], "uv_size": [0.5, 1.5]},
								"up": {"uv": [4, 4], "uv_size": [0.5, 7]},
								"down": {"uv": [5, 11], "uv_size": [0.5, -7]}
							}
						},
						{
							"origin": [-0.33747, -0.80582, 0.00255],
							"size": [0.67494, 1.62945, 7.20399],
							"uv": {
								"north": {"uv": [13, 29], "uv_size": [0.5, 1.5]},
								"south": {"uv": [29, 13], "uv_size": [0.5, 1.5]},
								"up": {"uv": [22, 15], "uv_size": [0.5, 7]}
							}
						},
						{
							"origin": [-0.81473, -0.32857, 0.00255],
							"size": [1.62945, 0.67494, 7.20399],
							"pivot": [0, 0.0089, 0.31536],
							"rotation": [0, 0, 45],
							"uv": {
								"north": {"uv": [14, 29], "uv_size": [1.5, 0.5]},
								"east": {"uv": [15, 22], "uv_size": [7, 0.5]},
								"south": {"uv": [29, 15], "uv_size": [1.5, 0.5]},
								"west": {"uv": [27, 17], "uv_size": [7, 0.5]}
							}
						},
						{
							"origin": [-0.81473, -0.32857, 0.00255],
							"size": [1.62945, 0.67494, 7.20399],
							"uv": {
								"north": {"uv": [16, 29], "uv_size": [1.5, 0.5]},
								"east": {"uv": [27, 18], "uv_size": [7, 0.5]},
								"south": {"uv": [29, 16], "uv_size": [1.5, 0.5]},
								"west": {"uv": [27, 19], "uv_size": [7, 0.5]}
							}
						},
						{
							"origin": [-0.81473, -0.82594, 7.14829],
							"size": [1.62945, 1.29994, 0.28236],
							"pivot": [0, 0.01153, 7.35197],
							"rotation": [-2.5, 0, 0],
							"uv": {
								"north": {"uv": [6, 4], "uv_size": [1.5, 1.5]},
								"east": {"uv": [18, 29], "uv_size": [0.5, 1.5]},
								"south": {"uv": [6, 12], "uv_size": [1.5, 1.5]},
								"west": {"uv": [19, 29], "uv_size": [0.5, 1.5]},
								"up": {"uv": [28, 29], "uv_size": [1.5, 0.5]},
								"down": {"uv": [0, 30.5], "uv_size": [1.5, -0.5]}
							}
						},
						{
							"origin": [-0.81473, -2.37037, 7.08257],
							"size": [1.62945, 1.54994, 0.28236],
							"pivot": [0, -1.1579, 7.28626],
							"rotation": [-5, 0, 0],
							"uv": {
								"north": {"uv": [23, 22], "uv_size": [1.5, 1.5]},
								"east": {"uv": [3, 30], "uv_size": [0.5, 1.5]},
								"south": {"uv": [0, 24], "uv_size": [1.5, 1.5]},
								"west": {"uv": [30, 3], "uv_size": [0.5, 1.5]},
								"up": {"uv": [6, 30], "uv_size": [1.5, 0.5]},
								"down": {"uv": [30, 6.5], "uv_size": [1.5, -0.5]}
							}
						},
						{
							"origin": [-0.81473, -3.91148, 6.9389],
							"size": [1.62945, 1.54994, 0.28236],
							"pivot": [0, -2.69901, 7.14259],
							"rotation": [-6.5, 0, 0],
							"uv": {
								"north": {"uv": [18, 27], "uv_size": [1.5, 1.5]},
								"east": {"uv": [4, 30], "uv_size": [0.5, 1.5]},
								"south": {"uv": [20, 28], "uv_size": [1.5, 1.5]},
								"west": {"uv": [9, 30], "uv_size": [0.5, 1.5]},
								"up": {"uv": [30, 7], "uv_size": [1.5, 0.5]},
								"down": {"uv": [30, 9.5], "uv_size": [1.5, -0.5]}
							}
						},
						{
							"origin": [-0.81473, -4.63687, 6.75776],
							"size": [1.62945, 0.73744, 0.28236],
							"pivot": [0, -4.2369, 6.96145],
							"rotation": [-7.5, 0, 0],
							"uv": {
								"north": {"uv": [30, 10], "uv_size": [1.5, 0.5]},
								"east": {"uv": [8, 34], "uv_size": [0.5, 0.5]},
								"south": {"uv": [30, 11], "uv_size": [1.5, 0.5]},
								"west": {"uv": [34, 8], "uv_size": [0.5, 0.5]},
								"up": {"uv": [30, 12], "uv_size": [1.5, 0.5]},
								"down": {"uv": [30, 13.5], "uv_size": [1.5, -0.5]}
							}
						},
						{
							"origin": [-0.34598, -2.42972, -0.04566],
							"size": [0.69195, 0.2199, 1.16794],
							"inflate": 0.001,
							"pivot": [0.15625, -1.65475, 1.04359],
							"rotation": [-75, 0, 0],
							"uv": {
								"east": {"uv": [0, 23], "uv_size": [1, 0.5]},
								"west": {"uv": [24, 3], "uv_size": [1, 0.5]},
								"down": {"uv": [13, 25], "uv_size": [0.5, -1]}
							}
						},
						{
							"origin": [-0.47098, -1.86882, 1.42981],
							"size": [0.94195, 0.4699, 3.54294],
							"uv": {
								"east": {"uv": [16, 19], "uv_size": [3.5, 0.5]},
								"west": {"uv": [20, 24], "uv_size": [3.5, 0.5]},
								"down": {"uv": [19, 18.5], "uv_size": [1, -3.5]}
							}
						},
						{
							"origin": [-0.47098, -2.04017, 1.83291],
							"size": [0.94195, 0.2199, 0.16794],
							"pivot": [0.15625, -1.2652, 1.92216],
							"rotation": [-45, 0, 0],
							"uv": {
								"north": {"uv": [24, 13], "uv_size": [1, 0.5]},
								"east": {"uv": [10, 34], "uv_size": [0.5, 0.5]},
								"south": {"uv": [24, 24], "uv_size": [1, 0.5]},
								"west": {"uv": [34, 10], "uv_size": [0.5, 0.5]},
								"up": {"uv": [27, 7], "uv_size": [1, 0.5]},
								"down": {"uv": [17, 27.5], "uv_size": [1, -0.5]}
							}
						},
						{
							"origin": [-0.47098, -1.83703, 0.89242],
							"size": [0.94195, 0.2199, 0.16794],
							"pivot": [0.15625, -1.06206, 0.98169],
							"rotation": [45, 0, 0],
							"uv": {
								"north": {"uv": [31, 8], "uv_size": [1, 0.5]},
								"east": {"uv": [11, 34], "uv_size": [0.5, 0.5]},
								"south": {"uv": [16, 31], "uv_size": [1, 0.5]},
								"west": {"uv": [34, 11], "uv_size": [0.5, 0.5]},
								"up": {"uv": [18, 31], "uv_size": [1, 0.5]},
								"down": {"uv": [19, 31.5], "uv_size": [1, -0.5]}
							}
						},
						{
							"origin": [-0.47098, -1.74816, 1.31106],
							"size": [0.94195, 0.23048, 0.16794],
							"uv": {
								"north": {"uv": [21, 31], "uv_size": [1, 0.5]},
								"east": {"uv": [12, 34], "uv_size": [0.5, 0.5]},
								"south": {"uv": [31, 21], "uv_size": [1, 0.5]},
								"west": {"uv": [34, 12], "uv_size": [0.5, 0.5]},
								"up": {"uv": [22, 31], "uv_size": [1, 0.5]},
								"down": {"uv": [31, 22.5], "uv_size": [1, -0.5]}
							}
						},
						{
							"origin": [-0.47098, -1.74236, 1.39766],
							"size": [0.94195, 0.4699, 2.66794],
							"pivot": [0.15625, -0.96739, 2.86192],
							"rotation": [5, 0, 0],
							"uv": {
								"east": {"uv": [28, 26], "uv_size": [2.5, 0.5]},
								"west": {"uv": [28, 27], "uv_size": [2.5, 0.5]},
								"up": {"uv": [11, 11], "uv_size": [1, 2.5]}
							}
						},
						{
							"origin": [-0.47098, -1.8952, 4.11834],
							"size": [0.94195, 0.4699, 0.98044],
							"pivot": [0.15625, -1.12023, 5.5826],
							"rotation": [-10, 0, 0],
							"uv": {
								"east": {"uv": [24, 31], "uv_size": [1, 0.5]},
								"west": {"uv": [31, 24], "uv_size": [1, 0.5]},
								"up": {"uv": [8, 4], "uv_size": [1, 1]}
							}
						},
						{
							"origin": [-0.47098, -2.05655, 4.92816],
							"size": [0.94195, 0.7199, 0.29294],
							"uv": {
								"east": {"uv": [13, 34], "uv_size": [0.5, 0.5]},
								"south": {"uv": [25, 31], "uv_size": [1, 0.5]},
								"west": {"uv": [34, 13], "uv_size": [0.5, 0.5]},
								"up": {"uv": [31, 25], "uv_size": [1, 0.5]},
								"down": {"uv": [31, 26.5], "uv_size": [1, -0.5]}
							}
						},
						{
							"origin": [-0.47098, -2.14796, 3.85338],
							"size": [0.94195, 0.4699, 1.10544],
							"pivot": [0.15625, -1.37299, 2.81766],
							"rotation": [2.5, 0, 0],
							"uv": {
								"east": {"uv": [27, 31], "uv_size": [1, 0.5]},
								"west": {"uv": [31, 27], "uv_size": [1, 0.5]},
								"down": {"uv": [8, 6], "uv_size": [1, -1]}
							}
						},
						{
							"origin": [-0.47098, -0.85908, 4.55435],
							"size": [0.94195, 0.4699, 0.41794],
							"pivot": [0.15625, -0.08411, 2.83113],
							"rotation": [-42.5, 0, 0],
							"uv": {
								"north": {"uv": [28, 31], "uv_size": [1, 0.5]},
								"east": {"uv": [14, 34], "uv_size": [0.5, 0.5]},
								"south": {"uv": [31, 29], "uv_size": [1, 0.5]},
								"west": {"uv": [34, 14], "uv_size": [0.5, 0.5]},
								"up": {"uv": [30, 31], "uv_size": [1, 0.5]},
								"down": {"uv": [31, 30.5], "uv_size": [1, -0.5]}
							}
						},
						{
							"origin": [-0.34598, -1.93132, 0.3154],
							"size": [0.69195, 0.5324, 0.23044],
							"inflate": 0.001,
							"uv": {
								"north": {"uv": [15, 34], "uv_size": [0.5, 0.5]},
								"east": {"uv": [34, 15], "uv_size": [0.5, 0.5]},
								"south": {"uv": [16, 34], "uv_size": [0.5, 0.5]},
								"west": {"uv": [34, 16], "uv_size": [0.5, 0.5]},
								"up": {"uv": [17, 34], "uv_size": [0.5, 0.5]},
								"down": {"uv": [34, 17.5], "uv_size": [0.5, -0.5]}
							}
						},
						{
							"origin": [-0.34598, -1.93132, 0.54977],
							"size": [0.69195, 0.5324, 0.99607],
							"inflate": 0.001,
							"uv": {
								"north": {"uv": [18, 34], "uv_size": [0.5, 0.5]},
								"east": {"uv": [31, 31], "uv_size": [1, 0.5]},
								"south": {"uv": [34, 18], "uv_size": [0.5, 0.5]},
								"west": {"uv": [0, 32], "uv_size": [1, 0.5]},
								"up": {"uv": [1, 32], "uv_size": [0.5, 1]},
								"down": {"uv": [32, 2], "uv_size": [0.5, -1]}
							}
						},
						{
							"origin": [-0.34598, -1.43132, 2.1279],
							"size": [0.69195, 0.7199, 3.04294],
							"uv": {
								"east": {"uv": [11, 7], "uv_size": [3, 0.5]},
								"west": {"uv": [8, 11], "uv_size": [3, 0.5]}
							}
						},
						{
							"origin": [-0.34598, -0.43132, 5.5029],
							"size": [0.69195, 0.7199, 0.98044],
							"pivot": [0.15625, -0.15635, 4.77966],
							"rotation": [-52.5, 0, 0],
							"uv": {
								"north": {"uv": [19, 34], "uv_size": [0.5, 0.5]},
								"east": {"uv": [32, 2], "uv_size": [1, 0.5]},
								"south": {"uv": [34, 19], "uv_size": [0.5, 0.5]},
								"west": {"uv": [3, 32], "uv_size": [1, 0.5]},
								"up": {"uv": [32, 3], "uv_size": [0.5, 1]},
								"down": {"uv": [4, 33], "uv_size": [0.5, -1]}
							}
						},
						{
							"origin": [-0.34598, -1.36882, 5.0654],
							"size": [0.69195, 0.7199, 0.98044],
							"uv": {
								"north": {"uv": [20, 34], "uv_size": [0.5, 0.5]},
								"east": {"uv": [32, 4], "uv_size": [1, 0.5]},
								"south": {"uv": [34, 20], "uv_size": [0.5, 0.5]},
								"west": {"uv": [6, 32], "uv_size": [1, 0.5]},
								"up": {"uv": [32, 6], "uv_size": [0.5, 1]},
								"down": {"uv": [7, 33], "uv_size": [0.5, -1]}
							}
						},
						{
							"origin": [-0.34598, -1.61882, 5.4404],
							"size": [0.69195, 0.8449, 1.66794],
							"inflate": 0.001,
							"uv": {
								"north": {"uv": [32, 7], "uv_size": [0.5, 1]},
								"east": {"uv": [3, 12], "uv_size": [1.5, 1]},
								"south": {"uv": [32, 8], "uv_size": [0.5, 1]},
								"west": {"uv": [12, 3], "uv_size": [1.5, 1]},
								"up": {"uv": [10, 30], "uv_size": [0.5, 1.5]},
								"down": {"uv": [14, 31.5], "uv_size": [0.5, -1.5]}
							}
						},
						{
							"origin": [-0.34598, -1.27329, 5.7014],
							"size": [0.69195, 0.9074, 0.41794],
							"pivot": [0.15625, -0.99832, 4.97817],
							"rotation": [-32.5, 0, 0],
							"uv": {
								"north": {"uv": [9, 32], "uv_size": [0.5, 1]},
								"east": {"uv": [32, 9], "uv_size": [0.5, 1]},
								"south": {"uv": [10, 32], "uv_size": [0.5, 1]},
								"west": {"uv": [32, 10], "uv_size": [0.5, 1]},
								"up": {"uv": [21, 34], "uv_size": [0.5, 0.5]},
								"down": {"uv": [34, 21.5], "uv_size": [0.5, -0.5]}
							}
						},
						{
							"origin": [-0.34598, -1.84338, 5.79289],
							"size": [0.69195, 0.16798, 0.10544],
							"uv": {
								"north": {"uv": [22, 34], "uv_size": [0.5, 0.5]},
								"east": {"uv": [34, 22], "uv_size": [0.5, 0.5]},
								"south": {"uv": [23, 34], "uv_size": [0.5, 0.5]},
								"west": {"uv": [34, 23], "uv_size": [0.5, 0.5]},
								"up": {"uv": [24, 34], "uv_size": [0.5, 0.5]},
								"down": {"uv": [34, 24.5], "uv_size": [0.5, -0.5]}
							}
						},
						{
							"origin": [-0.34598, -1.49785, 6.0539],
							"size": [0.69195, 0.07274, 0.54294],
							"pivot": [0.15625, -1.22288, 5.33066],
							"rotation": [-32.5, 0, 0],
							"uv": {
								"north": {"uv": [25, 34], "uv_size": [0.5, 0.5]},
								"east": {"uv": [34, 25], "uv_size": [0.5, 0.5]},
								"south": {"uv": [26, 34], "uv_size": [0.5, 0.5]},
								"west": {"uv": [34, 26], "uv_size": [0.5, 0.5]},
								"up": {"uv": [27, 34], "uv_size": [0.5, 0.5]},
								"down": {"uv": [34, 27.5], "uv_size": [0.5, -0.5]}
							}
						},
						{
							"origin": [-0.34598, -2.44267, 5.9726],
							"size": [0.69195, 0.13524, 2.54294],
							"pivot": [0, -2.34379, 6.24406],
							"rotation": [-92, 0, 0],
							"uv": {
								"north": {"uv": [28, 34], "uv_size": [0.5, 0.5]},
								"east": {"uv": [30, 14], "uv_size": [1.5, 0.5]},
								"south": {"uv": [34, 28], "uv_size": [0.5, 0.5]},
								"west": {"uv": [15, 30], "uv_size": [1.5, 0.5]},
								"up": {"uv": [17, 30], "uv_size": [0.5, 1.5]},
								"down": {"uv": [20, 31.5], "uv_size": [0.5, -1.5]}
							}
						},
						{
							"origin": [-0.34598, -4.70672, 6.0834],
							"size": [0.69195, 0.13524, 0.79294],
							"pivot": [0, -4.60784, 6.35486],
							"rotation": [-19.5, 0, 0],
							"uv": {
								"north": {"uv": [28, 34], "uv_size": [0.5, 0.5]},
								"east": {"uv": [30, 14], "uv_size": [1.5, 0.5]},
								"south": {"uv": [34, 28], "uv_size": [0.5, 0.5]},
								"west": {"uv": [15, 30], "uv_size": [1.5, 0.5]},
								"up": {"uv": [17, 30], "uv_size": [0.5, 1.5]},
								"down": {"uv": [20, 31.5], "uv_size": [0.5, -1.5]}
							}
						},
						{
							"origin": [-0.12723, -4.59898, 6.3139],
							"size": [0.25445, 3.04994, 0.71986],
							"pivot": [0.3125, -2.26151, 6.95509],
							"rotation": [-6.5, 0, 0],
							"uv": {
								"east": {"uv": [0, 12], "uv_size": [0.5, 2.5]},
								"west": {"uv": [18, 9], "uv_size": [0.5, 2.5]}
							}
						},
						{
							"origin": [-0.12723, -4.84898, 6.8139],
							"size": [0.25445, 0.17494, 0.71986],
							"pivot": [0.3125, -2.51151, 7.45509],
							"rotation": [-19, 0, 0],
							"uv": {
								"east": {"uv": [0, 0], "uv_size": [0.5, 0.5]},
								"west": {"uv": [0, 1], "uv_size": [0.5, 0.5]}
							}
						},
						{
							"origin": [-0.12723, -3.84898, 6.23652],
							"size": [0.25445, 0.30953, 0.078],
							"pivot": [0.3125, -2.26151, 6.95509],
							"rotation": [-6.5, 0, 0],
							"uv": {
								"north": {"uv": [35, 6], "uv_size": [0.5, 0.5]},
								"east": {"uv": [7, 35], "uv_size": [0.5, 0.5]},
								"south": {"uv": [35, 7], "uv_size": [0.5, 0.5]},
								"west": {"uv": [8, 35], "uv_size": [0.5, 0.5]},
								"up": {"uv": [35, 8], "uv_size": [0.5, 0.5]},
								"down": {"uv": [9, 35.5], "uv_size": [0.5, -0.5]}
							}
						},
						{
							"origin": [-0.12723, -2.37515, 6.58451],
							"size": [0.25445, 0.48744, 0.71986],
							"pivot": [0.3125, -0.78768, 7.22568],
							"rotation": [-32.5, 0, 0],
							"uv": {
								"east": {"uv": [35, 9], "uv_size": [0.5, 0.5]},
								"west": {"uv": [10, 35], "uv_size": [0.5, 0.5]}
							}
						},
						{
							"origin": [-0.12723, -2.66148, 6.2514],
							"size": [0.25445, 0.54994, 0.09486],
							"pivot": [0.3125, -2.26151, 6.95509],
							"rotation": [-6.5, 0, 0],
							"uv": {
								"east": {"uv": [35, 10], "uv_size": [0.5, 0.5]},
								"west": {"uv": [11, 35], "uv_size": [0.5, 0.5]}
							}
						},
						{
							"origin": [-0.59375, 0.63021, 7.1736],
							"size": [0.56695, 0.61244, 0.28236],
							"pivot": [0.22097, 0.59268, 7.31479],
							"rotation": [-1.76833, -1.76749, -44.97272],
							"uv": {
								"north": {"uv": [1, 36], "uv_size": [0.5, 0.5]},
								"east": {"uv": [36, 1], "uv_size": [0.5, 0.5]},
								"south": {"uv": [2, 36], "uv_size": [0.5, 0.5]},
								"west": {"uv": [36, 2], "uv_size": [0.5, 0.5]},
								"up": {"uv": [3, 36], "uv_size": [0.5, 0.5]},
								"down": {"uv": [36, 3.5], "uv_size": [0.5, -0.5]}
							}
						},
						{
							"origin": [0.0268, 0.63021, 7.1736],
							"size": [0.56695, 0.61244, 0.28236],
							"pivot": [-0.22097, 0.59268, 7.31479],
							"rotation": [-1.76833, 1.76749, 44.97272],
							"uv": {
								"north": {"uv": [4, 36], "uv_size": [0.5, 0.5]},
								"east": {"uv": [36, 4], "uv_size": [0.5, 0.5]},
								"south": {"uv": [5, 36], "uv_size": [0.5, 0.5]},
								"west": {"uv": [36, 5], "uv_size": [0.5, 0.5]},
								"up": {"uv": [6, 36], "uv_size": [0.5, 0.5]},
								"down": {"uv": [36, 6.5], "uv_size": [0.5, -0.5]}
							}
						},
						{
							"origin": [-0.41238, 0.471, 7.17265],
							"size": [0.82621, 0.40609, 0.28236],
							"pivot": [0.13036, 0.57088, 7.31384],
							"rotation": [-2.5, 0, 0],
							"uv": {
								"north": {"uv": [32, 14], "uv_size": [1, 0.5]},
								"east": {"uv": [7, 36], "uv_size": [0.5, 0.5]},
								"south": {"uv": [32, 15], "uv_size": [1, 0.5]},
								"west": {"uv": [36, 7], "uv_size": [0.5, 0.5]},
								"up": {"uv": [16, 32], "uv_size": [1, 0.5]},
								"down": {"uv": [32, 16.5], "uv_size": [1, -0.5]}
							}
						},
						{
							"origin": [-0.00223, -4.63432, 6.7082],
							"size": [0.56695, 0.61244, 0.28236],
							"pivot": [0, -4.60935, 6.84937],
							"rotation": [174.68153, -5.29571, -44.75386],
							"uv": {
								"north": {"uv": [8, 36], "uv_size": [0.5, 0.5]},
								"east": {"uv": [36, 8], "uv_size": [0.5, 0.5]},
								"south": {"uv": [9, 36], "uv_size": [0.5, 0.5]},
								"west": {"uv": [36, 9], "uv_size": [0.5, 0.5]},
								"up": {"uv": [10, 36], "uv_size": [0.5, 0.5]},
								"down": {"uv": [36, 10.5], "uv_size": [0.5, -0.5]}
							}
						},
						{
							"origin": [-0.41238, -5.02358, 6.66631],
							"size": [0.82621, 0.40609, 0.28236],
							"pivot": [0, -4.9275, 6.80749],
							"rotation": [-7.5, 0, 0],
							"uv": {
								"north": {"uv": [17, 32], "uv_size": [1, 0.5]},
								"east": {"uv": [11, 36], "uv_size": [0.5, 0.5]},
								"south": {"uv": [18, 32], "uv_size": [1, 0.5]},
								"west": {"uv": [36, 11], "uv_size": [0.5, 0.5]},
								"up": {"uv": [19, 32], "uv_size": [1, 0.5]},
								"down": {"uv": [20, 32.5], "uv_size": [1, -0.5]}
							}
						},
						{
							"origin": [-0.56472, -4.63432, 6.7082],
							"size": [0.56695, 0.61244, 0.28236],
							"pivot": [0, -4.60935, 6.84937],
							"rotation": [174.68153, 5.29571, 44.75386],
							"uv": {
								"north": {"uv": [12, 36], "uv_size": [0.5, 0.5]},
								"east": {"uv": [36, 12], "uv_size": [0.5, 0.5]},
								"south": {"uv": [13, 36], "uv_size": [0.5, 0.5]},
								"west": {"uv": [36, 13], "uv_size": [0.5, 0.5]},
								"up": {"uv": [14, 36], "uv_size": [0.5, 0.5]},
								"down": {"uv": [36, 14.5], "uv_size": [0.5, -0.5]}
							}
						},
						{
							"origin": [-0.5, -2.5625, 1.05646],
							"size": [1, 0.25, 0.25],
							"pivot": [0, -1.4375, 0.43146],
							"rotation": [45, 0, 0],
							"uv": {
								"north": {"uv": [32, 20], "uv_size": [1, 0.5]},
								"east": {"uv": [15, 36], "uv_size": [0.5, 0.5]},
								"south": {"uv": [21, 32], "uv_size": [1, 0.5]},
								"west": {"uv": [36, 15], "uv_size": [0.5, 0.5]},
								"up": {"uv": [32, 21], "uv_size": [1, 0.5]},
								"down": {"uv": [22, 32.5], "uv_size": [1, -0.5]}
							}
						},
						{
							"origin": [-0.14024, -2.22058, 0.68467],
							"size": [0.28049, 0.67714, 1.18681],
							"pivot": [0, -1.88201, 0.89954],
							"rotation": [90, 0, 0],
							"uv": {
								"north": {"uv": [16, 36], "uv_size": [0.5, 0.5]},
								"south": {"uv": [36, 16], "uv_size": [0.5, 0.5]},
								"up": {"uv": [32, 22], "uv_size": [0.5, 1]},
								"down": {"uv": [23, 33], "uv_size": [0.5, -1]}
							}
						},
						{
							"origin": [-0.14025, -2.22058, 0.68467],
							"size": [0.28049, 0.67714, 1.18681],
							"pivot": [0, -1.88201, 0.89954],
							"rotation": [90, -45, 0],
							"uv": {
								"north": {"uv": [17, 36], "uv_size": [0.5, 0.5]},
								"south": {"uv": [36, 17], "uv_size": [0.5, 0.5]},
								"up": {"uv": [32, 23], "uv_size": [0.5, 1]},
								"down": {"uv": [24, 33], "uv_size": [0.5, -1]}
							}
						},
						{
							"origin": [-0.33857, -2.02225, 0.68467],
							"size": [0.67714, 0.28048, 1.18681],
							"pivot": [0, -1.88201, 0.89954],
							"rotation": [90, 0, 0],
							"uv": {
								"north": {"uv": [18, 36], "uv_size": [0.5, 0.5]},
								"east": {"uv": [32, 24], "uv_size": [1, 0.5]},
								"south": {"uv": [36, 18], "uv_size": [0.5, 0.5]},
								"west": {"uv": [25, 32], "uv_size": [1, 0.5]}
							}
						},
						{
							"origin": [-0.33857, -2.02225, 0.68467],
							"size": [0.67714, 0.28048, 1.18681],
							"pivot": [0, -1.88201, 0.89954],
							"rotation": [90, -45, 0],
							"uv": {
								"north": {"uv": [19, 36], "uv_size": [0.5, 0.5]},
								"east": {"uv": [32, 25], "uv_size": [1, 0.5]},
								"south": {"uv": [36, 19], "uv_size": [0.5, 0.5]},
								"west": {"uv": [26, 32], "uv_size": [1, 0.5]}
							}
						},
						{
							"origin": [-0.27085, -2.11846, 0.74807],
							"size": [0.5417, 0.22438, 0.30344],
							"pivot": [0, -2.00627, 0.89979],
							"rotation": [-90, 25, 0],
							"uv": {
								"north": {"uv": [20, 36], "uv_size": [0.5, 0.5]},
								"east": {"uv": [36, 20], "uv_size": [0.5, 0.5]},
								"south": {"uv": [21, 36], "uv_size": [0.5, 0.5]},
								"west": {"uv": [36, 21], "uv_size": [0.5, 0.5]}
							}
						},
						{
							"origin": [-0.27085, -2.11846, 0.74807],
							"size": [0.5417, 0.22438, 0.30344],
							"pivot": [0, -2.00627, 0.89979],
							"rotation": [-90, -20, 0],
							"uv": {
								"north": {"uv": [22, 36], "uv_size": [0.5, 0.5]},
								"east": {"uv": [36, 22], "uv_size": [0.5, 0.5]},
								"south": {"uv": [23, 36], "uv_size": [0.5, 0.5]},
								"west": {"uv": [36, 23], "uv_size": [0.5, 0.5]}
							}
						},
						{
							"origin": [-0.11219, -2.27712, 0.74807],
							"size": [0.22439, 0.5417, 0.30344],
							"pivot": [0, -2.00627, 0.89979],
							"rotation": [-90, 25, 0],
							"uv": {
								"north": {"uv": [24, 36], "uv_size": [0.5, 0.5]},
								"south": {"uv": [36, 24], "uv_size": [0.5, 0.5]},
								"up": {"uv": [25, 36], "uv_size": [0.5, 0.5]},
								"down": {"uv": [36, 25.5], "uv_size": [0.5, -0.5]}
							}
						},
						{
							"origin": [-0.11219, -2.27712, 0.74807],
							"size": [0.22439, 0.5417, 0.30344],
							"pivot": [0, -2.00627, 0.89979],
							"rotation": [-90, -20, 0],
							"uv": {
								"north": {"uv": [26, 36], "uv_size": [0.5, 0.5]},
								"south": {"uv": [36, 26], "uv_size": [0.5, 0.5]},
								"up": {"uv": [27, 36], "uv_size": [0.5, 0.5]},
								"down": {"uv": [36, 27.5], "uv_size": [0.5, -0.5]}
							}
						},
						{
							"origin": [-0.3904, -1.51825, 0.50184],
							"size": [0.7808, 0.25814, 0.0779],
							"pivot": [0, -1.38918, 0.81344],
							"rotation": [-45, 0, 0],
							"uv": {
								"north": {"uv": [32, 26], "uv_size": [1, 0.5]},
								"east": {"uv": [28, 36], "uv_size": [0.5, 0.5]},
								"south": {"uv": [27, 32], "uv_size": [1, 0.5]},
								"west": {"uv": [36, 28], "uv_size": [0.5, 0.5]},
								"up": {"uv": [32, 27], "uv_size": [1, 0.5]},
								"down": {"uv": [28, 32.5], "uv_size": [1, -0.5]}
							}
						},
						{
							"origin": [-0.3904, -1.51825, 0.50184],
							"size": [0.7808, 0.25814, 0.0779],
							"uv": {
								"north": {"uv": [32, 28], "uv_size": [1, 0.5]},
								"east": {"uv": [29, 36], "uv_size": [0.5, 0.5]},
								"south": {"uv": [29, 32], "uv_size": [1, 0.5]},
								"west": {"uv": [36, 29], "uv_size": [0.5, 0.5]},
								"up": {"uv": [32, 29], "uv_size": [1, 0.5]},
								"down": {"uv": [30, 32.5], "uv_size": [1, -0.5]}
							}
						},
						{
							"origin": [-0.3904, -1.51825, 1.04715],
							"size": [0.7808, 0.25814, 0.0779],
							"pivot": [0, -1.38918, 0.81344],
							"rotation": [-45, 0, 0],
							"uv": {
								"north": {"uv": [32, 30], "uv_size": [1, 0.5]},
								"east": {"uv": [30, 36], "uv_size": [0.5, 0.5]},
								"south": {"uv": [31, 32], "uv_size": [1, 0.5]},
								"west": {"uv": [36, 30], "uv_size": [0.5, 0.5]},
								"up": {"uv": [32, 31], "uv_size": [1, 0.5]},
								"down": {"uv": [32, 32.5], "uv_size": [1, -0.5]}
							}
						},
						{
							"origin": [-0.3904, -1.51825, 1.04715],
							"size": [0.7808, 0.25814, 0.0779],
							"uv": {
								"north": {"uv": [0, 33], "uv_size": [1, 0.5]},
								"east": {"uv": [31, 36], "uv_size": [0.5, 0.5]},
								"south": {"uv": [33, 0], "uv_size": [1, 0.5]},
								"west": {"uv": [36, 31], "uv_size": [0.5, 0.5]},
								"up": {"uv": [1, 33], "uv_size": [1, 0.5]},
								"down": {"uv": [33, 1.5], "uv_size": [1, -0.5]}
							}
						},
						{
							"origin": [-0.3904, -1.70078, 0.68437],
							"size": [0.7808, 0.0779, 0.25814],
							"pivot": [0, -1.38918, 0.81344],
							"rotation": [-45, 0, 0],
							"uv": {
								"north": {"uv": [2, 33], "uv_size": [1, 0.5]},
								"east": {"uv": [32, 36], "uv_size": [0.5, 0.5]},
								"south": {"uv": [33, 2], "uv_size": [1, 0.5]},
								"west": {"uv": [36, 32], "uv_size": [0.5, 0.5]},
								"up": {"uv": [3, 33], "uv_size": [1, 0.5]},
								"down": {"uv": [33, 3.5], "uv_size": [1, -0.5]}
							}
						},
						{
							"origin": [-0.3904, -1.70078, 0.68437],
							"size": [0.7808, 0.0779, 0.25814],
							"uv": {
								"north": {"uv": [4, 33], "uv_size": [1, 0.5]},
								"east": {"uv": [33, 36], "uv_size": [0.5, 0.5]},
								"south": {"uv": [33, 4], "uv_size": [1, 0.5]},
								"west": {"uv": [36, 33], "uv_size": [0.5, 0.5]},
								"up": {"uv": [5, 33], "uv_size": [1, 0.5]},
								"down": {"uv": [33, 5.5], "uv_size": [1, -0.5]}
							}
						},
						{
							"origin": [-0.3904, -1.15548, 0.68437],
							"size": [0.7808, 0.0779, 0.25814],
							"pivot": [0, -1.38918, 0.81344],
							"rotation": [-45, 0, 0],
							"uv": {
								"north": {"uv": [6, 33], "uv_size": [1, 0.5]},
								"east": {"uv": [34, 36], "uv_size": [0.5, 0.5]},
								"south": {"uv": [33, 6], "uv_size": [1, 0.5]},
								"west": {"uv": [36, 34], "uv_size": [0.5, 0.5]},
								"up": {"uv": [7, 33], "uv_size": [1, 0.5]},
								"down": {"uv": [33, 7.5], "uv_size": [1, -0.5]}
							}
						},
						{
							"origin": [-0.3904, -1.15548, 0.68437],
							"size": [0.7808, 0.0779, 0.25814],
							"uv": {
								"north": {"uv": [8, 33], "uv_size": [1, 0.5]},
								"east": {"uv": [35, 36], "uv_size": [0.5, 0.5]},
								"south": {"uv": [33, 8], "uv_size": [1, 0.5]},
								"west": {"uv": [36, 35], "uv_size": [0.5, 0.5]},
								"up": {"uv": [9, 33], "uv_size": [1, 0.5]},
								"down": {"uv": [33, 9.5], "uv_size": [1, -0.5]}
							}
						},
						{
							"origin": [-0.34598, -0.96373, -0.0817],
							"size": [0.69195, 0.1574, 0.35544],
							"pivot": [0.15625, -0.56376, 0.94506],
							"rotation": [45, 0, 0],
							"uv": {
								"north": {"uv": [36, 36], "uv_size": [0.5, 0.5]},
								"east": {"uv": [0, 37], "uv_size": [0.5, 0.5]},
								"south": {"uv": [37, 0], "uv_size": [0.5, 0.5]},
								"west": {"uv": [1, 37], "uv_size": [0.5, 0.5]},
								"up": {"uv": [37, 1], "uv_size": [0.5, 0.5]},
								"down": {"uv": [2, 37.5], "uv_size": [0.5, -0.5]}
							}
						},
						{
							"origin": [-0.34598, -1.47, 0.8773],
							"size": [0.69195, 0.3449, 0.73044],
							"pivot": [0, -1.3913, 1.05503],
							"rotation": [-45, 0, 0],
							"uv": {
								"north": {"uv": [37, 2], "uv_size": [0.5, 0.5]},
								"east": {"uv": [3, 37], "uv_size": [0.5, 0.5]},
								"south": {"uv": [37, 3], "uv_size": [0.5, 0.5]},
								"west": {"uv": [4, 37], "uv_size": [0.5, 0.5]},
								"up": {"uv": [37, 4], "uv_size": [0.5, 0.5]},
								"down": {"uv": [5, 37.5], "uv_size": [0.5, -0.5]}
							}
						},
						{
							"origin": [-0.22098, -2.44267, 5.8476],
							"size": [0.50445, 0.13524, 2.54294],
							"pivot": [0, -2.34379, 6.11906],
							"rotation": [-92, 0, 0],
							"uv": {
								"north": {"uv": [37, 5], "uv_size": [0.5, 0.5]},
								"east": {"uv": [30, 23], "uv_size": [1.5, 0.5]},
								"south": {"uv": [6, 37], "uv_size": [0.5, 0.5]},
								"west": {"uv": [24, 30], "uv_size": [1.5, 0.5]},
								"up": {"uv": [30, 24], "uv_size": [0.5, 1.5]},
								"down": {"uv": [26, 31.5], "uv_size": [0.5, -1.5]}
							}
						},
						{
							"origin": [-0.22098, -4.70672, 5.9584],
							"size": [0.50445, 0.13524, 0.79294],
							"pivot": [0, -4.60784, 6.22986],
							"rotation": [-19.5, 0, 0],
							"uv": {
								"north": {"uv": [37, 5], "uv_size": [0.5, 0.5]},
								"east": {"uv": [30, 23], "uv_size": [1.5, 0.5]},
								"south": {"uv": [6, 37], "uv_size": [0.5, 0.5]},
								"west": {"uv": [24, 30], "uv_size": [1.5, 0.5]},
								"up": {"uv": [30, 24], "uv_size": [0.5, 1.5]},
								"down": {"uv": [26, 31.5], "uv_size": [0.5, -1.5]}
							}
						},
						{
							"origin": [-0.22098, -1.49785, 5.9289],
							"size": [0.50445, 0.07274, 0.54294],
							"pivot": [0.15625, -1.22288, 5.20566],
							"rotation": [-32.5, 0, 0],
							"uv": {
								"north": {"uv": [37, 9], "uv_size": [0.5, 0.5]},
								"east": {"uv": [10, 37], "uv_size": [0.5, 0.5]},
								"south": {"uv": [37, 10], "uv_size": [0.5, 0.5]},
								"west": {"uv": [11, 37], "uv_size": [0.5, 0.5]},
								"up": {"uv": [37, 11], "uv_size": [0.5, 0.5]},
								"down": {"uv": [12, 37.5], "uv_size": [0.5, -0.5]}
							}
						},
						{
							"origin": [-0.22098, -1.27329, 5.5764],
							"size": [0.50445, 0.9074, 0.41794],
							"pivot": [0.15625, -0.99832, 4.85317],
							"rotation": [-32.5, 0, 0],
							"uv": {
								"north": {"uv": [10, 33], "uv_size": [0.5, 1]},
								"east": {"uv": [33, 10], "uv_size": [0.5, 1]},
								"south": {"uv": [11, 33], "uv_size": [0.5, 1]},
								"west": {"uv": [33, 11], "uv_size": [0.5, 1]},
								"up": {"uv": [37, 17], "uv_size": [0.5, 0.5]},
								"down": {"uv": [18, 37.5], "uv_size": [0.5, -0.5]}
							}
						},
						{
							"origin": [-0.22098, -1.61882, 5.3154],
							"size": [0.50445, 0.8449, 1.66794],
							"uv": {
								"north": {"uv": [12, 33], "uv_size": [0.5, 1]},
								"east": {"uv": [6, 14], "uv_size": [1.5, 1]},
								"south": {"uv": [33, 12], "uv_size": [0.5, 1]},
								"west": {"uv": [24, 0], "uv_size": [1.5, 1]},
								"up": {"uv": [31, 3], "uv_size": [0.5, 1.5]},
								"down": {"uv": [5, 32.5], "uv_size": [0.5, -1.5]}
							}
						},
						{
							"origin": [-0.22098, -0.43132, 5.3779],
							"size": [0.50445, 0.7199, 0.98044],
							"pivot": [0.15625, -0.15635, 4.65466],
							"rotation": [-52.5, 0, 0],
							"uv": {
								"north": {"uv": [37, 18], "uv_size": [0.5, 0.5]},
								"east": {"uv": [13, 33], "uv_size": [1, 0.5]},
								"south": {"uv": [19, 37], "uv_size": [0.5, 0.5]},
								"west": {"uv": [33, 13], "uv_size": [1, 0.5]},
								"up": {"uv": [14, 33], "uv_size": [0.5, 1]},
								"down": {"uv": [33, 15], "uv_size": [0.5, -1]}
							}
						},
						{
							"origin": [-0.375, -0.87233, 1.79105],
							"size": [0.75, 0.04597, 0.34425],
							"uv": {
								"north": {"uv": [15, 33], "uv_size": [1, 0.5]},
								"east": {"uv": [37, 19], "uv_size": [0.5, 0.5]},
								"south": {"uv": [33, 15], "uv_size": [1, 0.5]},
								"west": {"uv": [20, 37], "uv_size": [0.5, 0.5]},
								"up": {"uv": [16, 33], "uv_size": [1, 0.5]},
								"down": {"uv": [33, 16.5], "uv_size": [1, -0.5]}
							}
						},
						{
							"origin": [-0.375, -0.8823, 1.90123],
							"size": [0.75, 0.05856, 0.12391],
							"pivot": [-0.02489, -0.99448, 1.96318],
							"rotation": [-45, 0, 0],
							"uv": {
								"north": {"uv": [17, 33], "uv_size": [1, 0.5]},
								"east": {"uv": [37, 20], "uv_size": [0.5, 0.5]},
								"south": {"uv": [18, 33], "uv_size": [1, 0.5]},
								"west": {"uv": [21, 37], "uv_size": [0.5, 0.5]},
								"up": {"uv": [19, 33], "uv_size": [1, 0.5]},
								"down": {"uv": [20, 33.5], "uv_size": [1, -0.5]}
							}
						},
						{
							"origin": [-0.375, -1.05643, 1.78717],
							"size": [0.75, 0.12391, 0.06385],
							"pivot": [-0.02489, -0.99448, 1.96318],
							"rotation": [-45, 0, 0],
							"uv": {
								"north": {"uv": [33, 20], "uv_size": [1, 0.5]},
								"east": {"uv": [37, 21], "uv_size": [0.5, 0.5]},
								"south": {"uv": [21, 33], "uv_size": [1, 0.5]},
								"west": {"uv": [22, 37], "uv_size": [0.5, 0.5]},
								"up": {"uv": [33, 21], "uv_size": [1, 0.5]},
								"down": {"uv": [22, 33.5], "uv_size": [1, -0.5]}
							}
						},
						{
							"origin": [-0.375, -1.16951, 1.90123],
							"size": [0.75, 0.06285, 0.12391],
							"pivot": [-0.02489, -0.99448, 1.96318],
							"rotation": [-45, 0, 0],
							"uv": {
								"north": {"uv": [33, 22], "uv_size": [1, 0.5]},
								"east": {"uv": [37, 22], "uv_size": [0.5, 0.5]},
								"south": {"uv": [23, 33], "uv_size": [1, 0.5]},
								"west": {"uv": [23, 37], "uv_size": [0.5, 0.5]},
								"up": {"uv": [33, 23], "uv_size": [1, 0.5]},
								"down": {"uv": [24, 33.5], "uv_size": [1, -0.5]}
							}
						},
						{
							"origin": [-0.375, -1.05643, 2.07536],
							"size": [0.75, 0.12391, 0.06914],
							"pivot": [-0.02489, -0.99448, 1.96318],
							"rotation": [-45, 0, 0],
							"uv": {
								"north": {"uv": [33, 24], "uv_size": [1, 0.5]},
								"east": {"uv": [37, 23], "uv_size": [0.5, 0.5]},
								"south": {"uv": [25, 33], "uv_size": [1, 0.5]},
								"west": {"uv": [24, 37], "uv_size": [0.5, 0.5]},
								"up": {"uv": [33, 25], "uv_size": [1, 0.5]},
								"down": {"uv": [26, 33.5], "uv_size": [1, -0.5]}
							}
						},
						{
							"origin": [-0.375, -1.29561, 1.79105],
							"size": [0.75, 0.17791, 0.34425],
							"uv": {
								"north": {"uv": [33, 26], "uv_size": [1, 0.5]},
								"east": {"uv": [37, 24], "uv_size": [0.5, 0.5]},
								"south": {"uv": [27, 33], "uv_size": [1, 0.5]},
								"west": {"uv": [25, 37], "uv_size": [0.5, 0.5]},
								"up": {"uv": [33, 27], "uv_size": [1, 0.5]},
								"down": {"uv": [28, 33.5], "uv_size": [1, -0.5]}
							}
						},
						{
							"origin": [-0.375, -1.12233, 1.79105],
							"size": [0.75, 0.29597, 0.05192],
							"uv": {
								"north": {"uv": [33, 28], "uv_size": [1, 0.5]},
								"east": {"uv": [37, 25], "uv_size": [0.5, 0.5]},
								"south": {"uv": [29, 33], "uv_size": [1, 0.5]},
								"west": {"uv": [26, 37], "uv_size": [0.5, 0.5]},
								"up": {"uv": [33, 29], "uv_size": [1, 0.5]},
								"down": {"uv": [30, 33.5], "uv_size": [1, -0.5]}
							}
						},
						{
							"origin": [-0.375, -1.1177, 2.08338],
							"size": [0.75, 0.24835, 0.05192],
							"uv": {
								"north": {"uv": [33, 30], "uv_size": [1, 0.5]},
								"east": {"uv": [37, 26], "uv_size": [0.5, 0.5]},
								"south": {"uv": [31, 33], "uv_size": [1, 0.5]},
								"west": {"uv": [27, 37], "uv_size": [0.5, 0.5]},
								"up": {"uv": [33, 31], "uv_size": [1, 0.5]},
								"down": {"uv": [32, 33.5], "uv_size": [1, -0.5]}
							}
						},
						{
							"origin": [-0.34598, -1.43132, 0.1904],
							"size": [0.69195, 0.7199, 1.60544],
							"inflate": 0.001,
							"uv": {
								"east": {"uv": [31, 5], "uv_size": [1.5, 0.5]},
								"west": {"uv": [6, 31], "uv_size": [1.5, 0.5]}
							}
						},
						{
							"origin": [-0.34598, -1.43132, 1.7529],
							"size": [0.69195, 0.1574, 0.41794],
							"uv": {
								"east": {"uv": [37, 27], "uv_size": [0.5, 0.5]},
								"west": {"uv": [28, 37], "uv_size": [0.5, 0.5]}
							}
						},
						{
							"origin": [-0.34598, -0.86882, 1.7529],
							"size": [0.69195, 0.1574, 0.41794],
							"uv": {
								"east": {"uv": [37, 28], "uv_size": [0.5, 0.5]},
								"west": {"uv": [29, 37], "uv_size": [0.5, 0.5]}
							}
						},
						{
							"origin": [-0.47884, -3.72123, 2.32762],
							"size": [0.95668, 0.1875, 0.1875],
							"pivot": [0, -1.4375, 0.43146],
							"rotation": [45, 0, 0],
							"uv": {
								"north": {"uv": [33, 32], "uv_size": [1, 0.5]},
								"east": {"uv": [37, 29], "uv_size": [0.5, 0.5]},
								"south": {"uv": [33, 33], "uv_size": [1, 0.5]},
								"west": {"uv": [30, 37], "uv_size": [0.5, 0.5]},
								"up": {"uv": [0, 34], "uv_size": [1, 0.5]},
								"down": {"uv": [34, 0.5], "uv_size": [1, -0.5]}
							}
						},
						{
							"origin": [-0.346, -3.59623, 3.01512],
							"size": [0.692, 0.1875, 0.1875],
							"inflate": 0.001,
							"pivot": [-0.13184, -1.4375, 0.43146],
							"rotation": [45, 0, 0],
							"uv": {
								"north": {"uv": [37, 30], "uv_size": [0.5, 0.5]},
								"east": {"uv": [31, 37], "uv_size": [0.5, 0.5]},
								"south": {"uv": [37, 31], "uv_size": [0.5, 0.5]},
								"west": {"uv": [32, 37], "uv_size": [0.5, 0.5]},
								"up": {"uv": [37, 32], "uv_size": [0.5, 0.5]},
								"down": {"uv": [33, 37.5], "uv_size": [0.5, -0.5]}
							}
						},
						{
							"origin": [-0.37725, -5.30489, 3.93676],
							"size": [0.7545, 0.125, 0.125],
							"inflate": 0.001,
							"pivot": [-0.13184, -1.4375, 0.43146],
							"rotation": [45, 0, 0],
							"uv": {
								"north": {"uv": [37, 33], "uv_size": [0.5, 0.5]},
								"east": {"uv": [34, 37], "uv_size": [0.5, 0.5]},
								"south": {"uv": [37, 34], "uv_size": [0.5, 0.5]},
								"west": {"uv": [35, 37], "uv_size": [0.5, 0.5]},
								"up": {"uv": [37, 35], "uv_size": [0.5, 0.5]},
								"down": {"uv": [36, 37.5], "uv_size": [0.5, -0.5]}
							}
						},
						{
							"origin": [-0.83917, -3.98007, 7.1835],
							"size": [1.67833, 1.65894, 0.72833],
							"pivot": [0, -2.73123, 7.39329],
							"rotation": [-6.5, 0, 0],
							"uv": {
								"north": {"uv": [28, 20], "uv_size": [1.5, 1.5]},
								"east": {"uv": [8, 31], "uv_size": [0.5, 1.5]},
								"south": {"uv": [22, 28], "uv_size": [1.5, 1.5]},
								"west": {"uv": [11, 31], "uv_size": [0.5, 1.5]}
							}
						},
						{
							"origin": [-0.83917, -2.39273, 7.33148],
							"size": [1.67833, 1.65894, 0.72833],
							"pivot": [0, -1.14389, 7.54127],
							"rotation": [-5, 0, 0],
							"uv": {
								"north": {"uv": [28, 22], "uv_size": [1.5, 1.5]},
								"east": {"uv": [12, 31], "uv_size": [0.5, 1.5]},
								"south": {"uv": [24, 28], "uv_size": [1.5, 1.5]},
								"west": {"uv": [13, 31], "uv_size": [0.5, 1.5]}
							}
						},
						{
							"origin": [-0.83917, -0.80196, 7.39917],
							"size": [1.67833, 1.33894, 0.72833],
							"pivot": [0, 0.06063, 7.60896],
							"rotation": [-2.5, 0, 0],
							"uv": {
								"north": {"uv": [28, 24], "uv_size": [1.5, 1.5]},
								"east": {"uv": [15, 31], "uv_size": [0.5, 1.5]},
								"south": {"uv": [26, 28], "uv_size": [1.5, 1.5]},
								"west": {"uv": [31, 15], "uv_size": [0.5, 1.5]}
							}
						},
						{
							"origin": [0.02761, 0.69787, 7.42525],
							"size": [0.58396, 0.63081, 0.72833],
							"pivot": [-0.2276, 0.65921, 7.57065],
							"rotation": [-1.76833, 1.76749, 44.97272],
							"uv": {
								"north": {"uv": [37, 36], "uv_size": [0.5, 0.5]},
								"south": {"uv": [37, 37], "uv_size": [0.5, 0.5]},
								"up": {"uv": [0, 38], "uv_size": [0.5, 0.5]}
							}
						},
						{
							"origin": [-0.42475, 0.53388, 7.42426],
							"size": [0.851, 0.41827, 0.72833],
							"pivot": [0.13427, 0.63675, 7.56968],
							"rotation": [-2.5, 0, 0],
							"uv": {
								"north": {"uv": [1, 34], "uv_size": [1, 0.5]},
								"east": {"uv": [38, 0], "uv_size": [0.5, 0.5]},
								"south": {"uv": [34, 1], "uv_size": [1, 0.5]},
								"west": {"uv": [1, 38], "uv_size": [0.5, 0.5]},
								"up": {"uv": [2, 34], "uv_size": [1, 0.5]}
							}
						},
						{
							"origin": [-0.61157, 0.69787, 7.42525],
							"size": [0.58396, 0.63081, 0.72833],
							"pivot": [0.2276, 0.65921, 7.57065],
							"rotation": [-1.76833, -1.76749, -44.97272],
							"uv": {
								"north": {"uv": [38, 1], "uv_size": [0.5, 0.5]},
								"south": {"uv": [2, 38], "uv_size": [0.5, 0.5]},
								"up": {"uv": [38, 2], "uv_size": [0.5, 0.5]}
							}
						},
						{
							"origin": [-0.83917, -4.72723, 6.99693],
							"size": [1.67833, 0.82206, 0.72833],
							"pivot": [0, -4.31526, 7.20671],
							"rotation": [-7.5, 0, 0],
							"uv": {
								"north": {"uv": [2, 24], "uv_size": [1.5, 1]},
								"east": {"uv": [34, 2], "uv_size": [0.5, 1]},
								"south": {"uv": [6, 27], "uv_size": [1.5, 1]},
								"west": {"uv": [3, 34], "uv_size": [0.5, 1]}
							}
						},
						{
							"origin": [-0.00229, -4.7246, 6.50837],
							"size": [0.58396, 0.63081, 0.72833],
							"pivot": [0, -4.69888, 7.09128],
							"rotation": [174.68153, -5.29571, -44.75386],
							"uv": {
								"north": {"uv": [3, 38], "uv_size": [0.5, 0.5]},
								"south": {"uv": [38, 3], "uv_size": [0.5, 0.5]},
								"up": {"uv": [4, 38], "uv_size": [0.5, 0.5]}
							}
						},
						{
							"origin": [-0.42475, -5.12554, 6.90273],
							"size": [0.851, 0.41827, 0.72833],
							"pivot": [0, -5.02657, 7.04815],
							"rotation": [-7.5, 0, 0],
							"uv": {
								"north": {"uv": [34, 3], "uv_size": [1, 0.5]},
								"east": {"uv": [38, 4], "uv_size": [0.5, 0.5]},
								"south": {"uv": [4, 34], "uv_size": [1, 0.5]},
								"west": {"uv": [5, 38], "uv_size": [0.5, 0.5]},
								"down": {"uv": [34, 4.5], "uv_size": [1, -0.5]}
							}
						},
						{
							"origin": [-0.58167, -4.7246, 6.50837],
							"size": [0.58396, 0.63081, 0.72833],
							"pivot": [0, -4.69888, 7.09128],
							"rotation": [174.68153, 5.29571, 44.75386],
							"uv": {
								"north": {"uv": [38, 5], "uv_size": [0.5, 0.5]},
								"south": {"uv": [6, 38], "uv_size": [0.5, 0.5]},
								"up": {"uv": [38, 6], "uv_size": [0.5, 0.5]}
							}
						}
					]
				}
			]
		}
	]
}