{
    "model": "tti_gunpack:gun/g45_snake_eye_geo",
    "texture": "tti_gunpack:gun/uv/g45_snake_eye",
    "lod": {
        "model": "tti_gunpack:gun/lod/g45_snake_eye_lod_geo",
        "texture": "tti_gunpack:gun/lod/g45_snake_eye_lod"
    },
    "hud": "tti_gunpack:gun/hud/g45_snake_eye",
    "slot": "tti_gunpack:gun/slot/g45_snake_eye",
    "animation": "tti_gunpack:g45_snake_eye",
    "use_default_animation": "pistol",
    "third_person_animation": "default",
    "transform": {
        "scale": {
            "thirdperson": [
                0.6,
                0.6,
                0.6
            ],
            "ground": [
                0.6,
                0.6,
                0.6
            ],
            "fixed": [
                1.2,
                1.2,
                1.2
            ]
        }
    },
    "muzzle_flash": {
      "texture": "tacz:flash/common_muzzle_flash",
      "scale": 0.75
    },
    "shell": {
        "initial_velocity": [5, 2, 1],
        "random_velocity": [1, 1, 0.25],
        "acceleration": [0.0, -10, 0.0],
        "angular_velocity": [360, -1200, 90],
        "living_time": 1.0
    },
    "sounds": {
        "shoot": "tti_gunpack:g45_snake_eye/g45_snake_eye_shoot",
        "shoot_3p": "tti_gunpack:g45_snake_eye/g45_snake_eye_shoot",
        "reload_empty": "tti_gunpack:g45_snake_eye/g45_snake_eye_reload_empty",
        "reload_tactical": "tti_gunpack:g45_snake_eye/g45_snake_eye_reload_tactical",
        "inspect": "tti_gunpack:g45_snake_eye/g45_snake_eye_inspect",
        "inspect_empty": "tti_gunpack:g45_snake_eye/g45_snake_eye_inspect_empty",
        "draw": "tti_gunpack:g45_snake_eye/g45_snake_eye_draw",
        "silence": "tti_gunpack:g45_snake_eye/g45_snake_eye_silence",
        "silence_3p": "tti_gunpack:g45_snake_eye/g45_snake_eye_silence"
    }
}