{
	"format_version": "1.8.0",
	"animations": {
		"static_idle": {
			"animation_length": 0.0333,
			"bones": {
				"root": {
					"rotation": [0, 0, 0],
					"position": [0, 0, 0]
				},
				"constraint": {
					"rotation": [0.2, 0.2, 0.2],
					"position": [0.2, 0.2, 0.35]
				},
				"lefthand": {
					"scale": [1, 1.5, 1]
				},
				"righthand": {
					"scale": [1, 1.5, 1]
				}
			}
		},
		"static_bolt_caught": {
			"animation_length": 0.0333,
			"bones": {
				"hold_release": {
					"rotation": [7.5, 0, 0]
				}
			}
		},
		"draw": {
			"animation_length": 0.7667,
			"bones": {
				"root": {
					"rotation": {
						"0.0": {
							"post": [-64.5317, -67.12769, 100.20259],
							"lerp_mode": "catmullrom"
						},
						"0.0667": {
							"post": [-32.84001, -50.0156, 53.41225],
							"lerp_mode": "catmullrom"
						},
						"0.1333": {
							"post": [-22.73056, -16.27704, -12.21613],
							"lerp_mode": "catmullrom"
						},
						"0.2333": {
							"post": [-17.22623, -3.67933, -9.98936],
							"lerp_mode": "catmullrom"
						},
						"0.3": {
							"post": [0.00872, -0.49992, -3.00004],
							"lerp_mode": "catmullrom"
						},
						"0.4": {
							"post": [1.50006, -0.49983, 2.23691],
							"lerp_mode": "catmullrom"
						},
						"0.5333": {
							"post": [0, 0, 0.25],
							"lerp_mode": "catmullrom"
						},
						"0.6667": {
							"post": [0, 0, 0],
							"lerp_mode": "catmullrom"
						}
					},
					"position": {
						"0.0": {
							"post": [7.225, -4.5, 5.225],
							"lerp_mode": "catmullrom"
						},
						"0.1333": {
							"post": [0.375, 1.55, 3.625],
							"lerp_mode": "catmullrom"
						},
						"0.2333": {
							"post": [-0.19, 1.165, 1.6],
							"lerp_mode": "catmullrom"
						},
						"0.3": {
							"post": [0, -0.35, -0.675],
							"lerp_mode": "catmullrom"
						},
						"0.4": {
							"post": [0, -0.49375, -0.2125],
							"lerp_mode": "catmullrom"
						},
						"0.5333": {
							"post": [0, -0.0625, 0.0875],
							"lerp_mode": "catmullrom"
						},
						"0.6667": {
							"post": [0, 0, 0],
							"lerp_mode": "catmullrom"
						}
					}
				},
				"constraint": {
					"rotation": [0.2, 0.2, 0.2],
					"position": [0.2, 0.2, 0.35]
				},
				"lefthand": {
					"scale": [1, 1.5, 1]
				},
				"R": {
					"rotation": {
						"0.0": [0, 37, 0],
						"0.1": [-19.45085, 20.77712, -1.39186],
						"0.1667": [-2.5737, 2.50138, 0.65251],
						"0.2": [0, 0, 0]
					},
					"position": [0, 0, 0]
				},
				"righthand": {
					"scale": [1, 1.5, 1]
				},
				"camera": {
					"rotation": {
						"0.0": {
							"post": [0, 0, 0],
							"lerp_mode": "catmullrom"
						},
						"0.1333": {
							"post": [0.525, -0.225, 0.425],
							"lerp_mode": "catmullrom"
						},
						"0.3": {
							"post": [-0.82, -0.25, -0.25],
							"lerp_mode": "catmullrom"
						},
						"0.4667": {
							"post": [0.175, -0.05, -0.375],
							"lerp_mode": "catmullrom"
						},
						"0.6": {
							"post": [-0.1, 0.025, 0.075],
							"lerp_mode": "catmullrom"
						},
						"0.7667": {
							"post": [0, 0, 0],
							"lerp_mode": "catmullrom"
						}
					}
				},
				"gun": {
					"rotation": {
						"0.0": [302.5, 0, 0],
						"0.3667": [0, 0, 0],
						"0.4333": [0, 0, 0]
					},
					"position": {
						"0.0": {
							"post": [0, 0, 0],
							"lerp_mode": "catmullrom"
						},
						"0.1333": {
							"post": [0, 4, -1],
							"lerp_mode": "catmullrom"
						},
						"0.2333": {
							"post": [0, 2.29, 2.43],
							"lerp_mode": "catmullrom"
						},
						"0.3667": {
							"post": [0, 0, 0],
							"lerp_mode": "catmullrom"
						}
					}
				}
			}
		},
		"put_away": {
			"animation_length": 0.4333,
			"bones": {
				"root": {
					"rotation": {
						"0.0": {
							"post": [0, 0, 0],
							"lerp_mode": "catmullrom"
						},
						"0.1": {
							"post": [-9.59422, -38.3453, 0.00944],
							"lerp_mode": "catmullrom"
						},
						"0.2333": {
							"post": [-16.39395, -61.25293, 53.07545],
							"lerp_mode": "catmullrom"
						},
						"0.3": {
							"post": [-14.15, -69.24, 56.81],
							"lerp_mode": "catmullrom"
						},
						"0.4": {
							"post": [3.60605, -67.62793, 53.07545],
							"lerp_mode": "catmullrom"
						}
					},
					"position": {
						"0.0": {
							"post": [0, 0, 0],
							"lerp_mode": "catmullrom"
						},
						"0.1": {
							"post": [1.015, -2.235, 2.11],
							"lerp_mode": "catmullrom"
						},
						"0.2333": {
							"post": [5.875, -5.1, 6.35],
							"lerp_mode": "catmullrom"
						},
						"0.3": {
							"post": [7.3, -11.07, 6.49],
							"lerp_mode": "catmullrom"
						},
						"0.4333": {
							"post": [13.2, -28.655, 6.35],
							"lerp_mode": "catmullrom"
						}
					}
				},
				"constraint": {
					"rotation": [0.2, 0.2, 0.2],
					"position": [0.2, 0.2, 0.35]
				},
				"lefthand": {
					"scale": [1, 1.5, 1]
				},
				"righthand": {
					"scale": [1, 1.5, 1]
				},
				"L": {
					"rotation": {
						"0.0": [0, 0, 0],
						"0.1333": [0, 0, 0]
					},
					"position": {
						"0.0": [0, 0, 0],
						"0.1333": [0, 0, 0]
					}
				},
				"R": {
					"rotation": {
						"0.0": [0, 0, 0],
						"0.1333": [0, 0, 0],
						"0.2667": [-5.49556, 15.06624, -3.81354],
						"0.3667": [0, 0, 0]
					},
					"position": {
						"0.0": [0, 0, 0],
						"0.1333": [0, 0, 0]
					}
				},
				"camera": {
					"rotation": {
						"0.0": {
							"post": [0, 0, 0],
							"lerp_mode": "catmullrom"
						},
						"0.2": {
							"post": [0.49, -0.38, -0.38],
							"lerp_mode": "catmullrom"
						},
						"0.3667": {
							"post": [0, 0, 0],
							"lerp_mode": "catmullrom"
						}
					}
				}
			}
		},
		"reload_tactical": {
			"animation_length": 2.0667,
			"bones": {
				"root": {
					"rotation": {
						"0.0": {
							"post": [0, 0, 0],
							"lerp_mode": "catmullrom"
						},
						"0.2333": {
							"post": [-7.84741, -44.31709, -48.98224],
							"lerp_mode": "catmullrom"
						},
						"0.3333": {
							"post": [-11.1895, -47.46919, -53.35021],
							"lerp_mode": "catmullrom"
						},
						"0.4333": {
							"post": [-7.90015, -44.55651, -51.76327],
							"lerp_mode": "catmullrom"
						},
						"0.4667": {
							"post": [-7.00009, -42.7168, -53.38496],
							"lerp_mode": "catmullrom"
						},
						"0.5": {
							"post": [-5.69594, -40.35533, -53.10614],
							"lerp_mode": "catmullrom"
						},
						"0.5667": {
							"post": [-13.17379, -33.26859, -36.3151],
							"lerp_mode": "catmullrom"
						},
						"0.6667": {
							"post": [-17.29224, -28.30714, -30.00414],
							"lerp_mode": "catmullrom"
						},
						"0.7667": {
							"post": [-19.69, -27.05, -25.9],
							"lerp_mode": "catmullrom"
						},
						"0.9333": {
							"post": [-20.72322, -26.33422, -23.62513],
							"lerp_mode": "catmullrom"
						},
						"1.1": {
							"post": [-9.27, -29.09, -35.48],
							"lerp_mode": "catmullrom"
						},
						"1.1333": {
							"post": [-8.34112, -29.29448, -35.39555],
							"lerp_mode": "catmullrom"
						},
						"1.2": {
							"post": [-7.72663, -29.63736, -37.84819],
							"lerp_mode": "catmullrom"
						},
						"1.2333": {
							"post": [-10.07501, -28.3906, -32.63724],
							"lerp_mode": "catmullrom"
						},
						"1.2667": {
							"post": [-18.17618, -26.94302, -26.90611],
							"lerp_mode": "catmullrom"
						},
						"1.3333": {
							"post": [-16.834, -25.67932, -25.19726],
							"lerp_mode": "catmullrom"
						},
						"1.4": {
							"post": [-10.58818, -26.70155, -35.48562],
							"lerp_mode": "catmullrom"
						},
						"1.5": {
							"post": [-17.32271, -15.25166, -17.85267],
							"lerp_mode": "catmullrom"
						},
						"1.6": {
							"post": [-12.20061, -2.95264, -6.65592],
							"lerp_mode": "catmullrom"
						},
						"1.7": {
							"post": [-0.00144, -0.05997, 2.74935],
							"lerp_mode": "catmullrom"
						},
						"1.8": {
							"post": [0.4638, 0.14423, -0.8758],
							"lerp_mode": "catmullrom"
						},
						"1.9333": {
							"post": [0, 0, 0.5],
							"lerp_mode": "catmullrom"
						},
						"2.0667": {
							"post": [0, 0, 0],
							"lerp_mode": "catmullrom"
						}
					},
					"position": {
						"0.0": {
							"post": [0, 0, 0],
							"lerp_mode": "catmullrom"
						},
						"0.1": {
							"post": [-0.255, -0.015, 1.36],
							"lerp_mode": "catmullrom"
						},
						"0.2333": {
							"post": [-1.375, 3.425, 2.525],
							"lerp_mode": "catmullrom"
						},
						"0.3667": {
							"post": [-1.33, 3.275, 3.405],
							"lerp_mode": "catmullrom"
						},
						"0.5": {
							"post": [-1.73, 4.13, 3.13],
							"lerp_mode": "catmullrom"
						},
						"0.7333": {
							"post": [-1.73, 3.155, 3.135],
							"lerp_mode": "catmullrom"
						},
						"0.9667": {
							"post": [-1.69, 3.085, 2.875],
							"lerp_mode": "catmullrom"
						},
						"1.1": {
							"post": [-1.56, 3.76, 2.125],
							"lerp_mode": "catmullrom"
						},
						"1.2": {
							"post": [-1.53, 3.735, 1.935],
							"lerp_mode": "catmullrom"
						},
						"1.2667": {
							"post": [-1.455, 2.19, 1.485],
							"lerp_mode": "catmullrom"
						},
						"1.4": {
							"post": [-1.55, 2.07, 1.335],
							"lerp_mode": "catmullrom"
						},
						"1.5333": {
							"post": [-0.825, 1.05, -1.425],
							"lerp_mode": "catmullrom"
						},
						"1.6333": {
							"post": [-0.07, -0.39, -2.07],
							"lerp_mode": "catmullrom"
						},
						"1.7667": {
							"post": [0, -0.2075, 0.2875],
							"lerp_mode": "catmullrom"
						},
						"1.9333": {
							"post": [0, -0.05625, -0.075],
							"lerp_mode": "catmullrom"
						},
						"2.0667": {
							"post": [0, 0, 0],
							"lerp_mode": "catmullrom"
						}
					}
				},
				"mag_and_lefthand": {
					"rotation": {
						"0.0": [0, 0, 0],
						"0.4": [0, 0, 0],
						"0.4667": [0, 0, 0],
						"0.5": [0, 0, 0],
						"0.5333": [0, 0, -24],
						"0.6333": [-61.29955, 22.00636, -55.16179],
						"0.8667": [-61.29955, 22.00636, -55.16179],
						"1.0": [-47.75682, -1.59869, -45.04013],
						"1.1": [-10, 0, -12],
						"1.1333": [0, 0, 0],
						"1.2": [0, 0, 0],
						"1.2667": [0, 0, 0]
					},
					"position": {
						"0.0": [0, 0, 0],
						"0.4": [0, 0, 0],
						"0.5": [0, -4.85, 1.975],
						"0.6": [4.57954, -10.32343, 3.11785],
						"0.7": [5.93847, -14.6107, 9.16898],
						"0.8667": [5.93847, -14.6107, 9.16898],
						"1.0": [3.96678, -8.96114, 4.27665],
						"1.1": [0.675, -5.075, 1.6],
						"1.1333": [0, -4.5, 1.795],
						"1.2": [0, -4.325, 1.85],
						"1.2667": [0, 0, 0]
					}
				},
				"L": {
					"rotation": {
						"0.0": [-18.90487, 1.16598, -18.04648],
						"0.1333": [-18.90487, 1.16598, -18.04648],
						"0.1667": [-13.12, 5.43, 3.56],
						"0.3": [10, 22.5, 90],
						"1.2333": [10, 65, 90],
						"1.3": [10, 22.5, 90],
						"1.3333": [10, 22.5, 90],
						"1.4333": [-20, 28.75, -27.5],
						"1.5333": [0, 0, 0]
					},
					"position": {
						"0.0": [2.62208, -22.36786, 18.46199],
						"0.1333": [-5.82627, -23.37161, 16.8901],
						"0.1667": [-8.4299, -11.43405, 7.40187],
						"0.3": [-7.9422, 6.80875, -3.83806],
						"1.2": [-7.9422, 6.80875, -3.83806],
						"1.3333": [-7.9422, 6.80875, -3.83806],
						"1.5333": [0, 0, 0]
					}
				},
				"righthand": {
					"position": {
						"0.0": [0, 0, 0],
						"0.0667": [-1.075, 0, 0],
						"1.4667": [-1.075, 0, 0],
						"1.5333": [0, 0, 0]
					},
					"scale": [1, 1.5, 1]
				},
				"lefthand": {
					"scale": [1, 1.5, 1]
				},
				"camera": {
					"rotation": {
						"0.0": {
							"post": [0, 0, 0],
							"lerp_mode": "catmullrom"
						},
						"0.2667": {
							"post": [1.2, 0.225, -0.275],
							"lerp_mode": "catmullrom"
						},
						"0.4": {
							"post": [1.265, 0.29, -0.34],
							"lerp_mode": "catmullrom"
						},
						"0.4667": {
							"post": [1.85, 0.3, 0.1],
							"lerp_mode": "catmullrom"
						},
						"0.5667": {
							"post": [1.265, 0.24, -0.61],
							"lerp_mode": "catmullrom"
						},
						"0.7": {
							"post": [0.45, 0.15, -0.1],
							"lerp_mode": "catmullrom"
						},
						"0.9": {
							"post": [0.67, 0.15, -0.35],
							"lerp_mode": "catmullrom"
						},
						"1.1": {
							"post": [1.345, 0.3, -0.35],
							"lerp_mode": "catmullrom"
						},
						"1.2333": {
							"post": [1.295, 0.3, -0.35],
							"lerp_mode": "catmullrom"
						},
						"1.3": {
							"post": [1.835, 0.29, 0.11],
							"lerp_mode": "catmullrom"
						},
						"1.4": {
							"post": [1.125, 0.25, -0.585],
							"lerp_mode": "catmullrom"
						},
						"1.5": {
							"post": [0.87, 0.225, -0.275],
							"lerp_mode": "catmullrom"
						},
						"1.7": {
							"post": [-0.05, 0, 0.125],
							"lerp_mode": "catmullrom"
						},
						"1.8333": {
							"post": [0.05, 0, -0.125],
							"lerp_mode": "catmullrom"
						},
						"2.0667": {
							"post": [0, 0, 0],
							"lerp_mode": "catmullrom"
						}
					}
				},
				"bullet": {
					"scale": {
						"0.0": [0, 0, 0],
						"0.8": {
							"pre": [0, 0, 0],
							"post": [1, 1, 1]
						}
					}
				}
			},
			"sound_effects": {
				"0.0": {
					"effect": "trisdyna:fl00/m1911_reload_lift"
				},
				"0.3333": {
					"effect": "trisdyna:fl00/m1911_reload_magout"
				},
				"1.1": {
					"effect": "trisdyna:fl00/m1911_reload_magin"
				},
				"1.3": {
					"effect": "trisdyna:emx_sf7b/emi_reload_2"
				},
				"1.5": {
					"effect": "trisdyna:fl00/m1911_reload_end"
				}
			}
		},
		"reload_empty": {
			"animation_length": 2.0667,
			"bones": {
				"root": {
					"rotation": {
						"0.0": {
							"post": [0, 0, 0],
							"lerp_mode": "catmullrom"
						},
						"0.2333": {
							"post": [-7.84741, -44.31709, -48.98224],
							"lerp_mode": "catmullrom"
						},
						"0.3333": {
							"post": [-11.1895, -47.46919, -53.35021],
							"lerp_mode": "catmullrom"
						},
						"0.4333": {
							"post": [-7.90015, -44.55651, -51.76327],
							"lerp_mode": "catmullrom"
						},
						"0.4667": {
							"post": [-7.00009, -42.7168, -53.38496],
							"lerp_mode": "catmullrom"
						},
						"0.5": {
							"post": [-5.69594, -40.35533, -53.10614],
							"lerp_mode": "catmullrom"
						},
						"0.5667": {
							"post": [-13.17379, -33.26859, -36.3151],
							"lerp_mode": "catmullrom"
						},
						"0.6667": {
							"post": [-17.29224, -28.30714, -30.00414],
							"lerp_mode": "catmullrom"
						},
						"0.7667": {
							"post": [-19.69, -27.05, -25.9],
							"lerp_mode": "catmullrom"
						},
						"0.9333": {
							"post": [-20.72322, -26.33422, -23.62513],
							"lerp_mode": "catmullrom"
						},
						"1.1": {
							"post": [-9.27, -29.09, -35.48],
							"lerp_mode": "catmullrom"
						},
						"1.1333": {
							"post": [-8.34112, -29.29448, -35.39555],
							"lerp_mode": "catmullrom"
						},
						"1.2": {
							"post": [-7.72663, -29.63736, -37.84819],
							"lerp_mode": "catmullrom"
						},
						"1.2333": {
							"post": [-10.07501, -28.3906, -32.63724],
							"lerp_mode": "catmullrom"
						},
						"1.2667": {
							"post": [-18.17618, -26.94302, -26.90611],
							"lerp_mode": "catmullrom"
						},
						"1.3333": {
							"post": [-16.834, -25.67932, -25.19726],
							"lerp_mode": "catmullrom"
						},
						"1.4": {
							"post": [-10.58818, -26.70155, -35.48562],
							"lerp_mode": "catmullrom"
						},
						"1.5": {
							"post": [-17.32271, -15.25166, -17.85267],
							"lerp_mode": "catmullrom"
						},
						"1.6": {
							"post": [-12.20061, -2.95264, -6.65592],
							"lerp_mode": "catmullrom"
						},
						"1.7": {
							"post": [-0.00144, -0.05997, 2.74935],
							"lerp_mode": "catmullrom"
						},
						"1.8": {
							"post": [0.4638, 0.14423, -0.8758],
							"lerp_mode": "catmullrom"
						},
						"1.9333": {
							"post": [0, 0, 0.5],
							"lerp_mode": "catmullrom"
						},
						"2.0667": {
							"post": [0, 0, 0],
							"lerp_mode": "catmullrom"
						}
					},
					"position": {
						"0.0": {
							"post": [0, 0, 0],
							"lerp_mode": "catmullrom"
						},
						"0.1": {
							"post": [-0.255, -0.015, 1.36],
							"lerp_mode": "catmullrom"
						},
						"0.2333": {
							"post": [-1.375, 3.425, 2.525],
							"lerp_mode": "catmullrom"
						},
						"0.3667": {
							"post": [-1.33, 3.275, 3.405],
							"lerp_mode": "catmullrom"
						},
						"0.5": {
							"post": [-1.73, 4.13, 3.13],
							"lerp_mode": "catmullrom"
						},
						"0.7333": {
							"post": [-1.73, 3.155, 3.135],
							"lerp_mode": "catmullrom"
						},
						"0.9667": {
							"post": [-1.69, 3.085, 2.875],
							"lerp_mode": "catmullrom"
						},
						"1.1": {
							"post": [-1.56, 3.76, 2.125],
							"lerp_mode": "catmullrom"
						},
						"1.2": {
							"post": [-1.53, 3.735, 1.935],
							"lerp_mode": "catmullrom"
						},
						"1.2667": {
							"post": [-1.455, 2.19, 1.485],
							"lerp_mode": "catmullrom"
						},
						"1.4": {
							"post": [-1.55, 2.07, 1.335],
							"lerp_mode": "catmullrom"
						},
						"1.5333": {
							"post": [-0.825, 1.05, -1.425],
							"lerp_mode": "catmullrom"
						},
						"1.6333": {
							"post": [-0.07, -0.39, -2.07],
							"lerp_mode": "catmullrom"
						},
						"1.7667": {
							"post": [0, -0.2075, 0.2875],
							"lerp_mode": "catmullrom"
						},
						"1.9333": {
							"post": [0, -0.05625, -0.075],
							"lerp_mode": "catmullrom"
						},
						"2.0667": {
							"post": [0, 0, 0],
							"lerp_mode": "catmullrom"
						}
					}
				},
				"mag_and_lefthand": {
					"rotation": {
						"0.0": [0, 0, 0],
						"0.4": [0, 0, 0],
						"0.4667": [0, 0, 0],
						"0.5": [0, 0, 0],
						"0.5333": [0, 0, -24],
						"0.6333": [-61.29955, 22.00636, -55.16179],
						"0.8667": [-61.29955, 22.00636, -55.16179],
						"1.0": [-47.75682, -1.59869, -45.04013],
						"1.1": [-10, 0, -12],
						"1.1333": [0, 0, 0],
						"1.2": [0, 0, 0],
						"1.2667": [0, 0, 0]
					},
					"position": {
						"0.0": [0, 0, 0],
						"0.4": [0, 0, 0],
						"0.5": [0, -4.85, 1.975],
						"0.6": [4.57954, -10.32343, 3.11785],
						"0.7": [5.93847, -14.6107, 9.16898],
						"0.8667": [5.93847, -14.6107, 9.16898],
						"1.0": [3.96678, -8.96114, 4.27665],
						"1.1": [0.675, -5.075, 1.6],
						"1.1333": [0, -4.5, 1.795],
						"1.2": [0, -4.325, 1.85],
						"1.2667": [0, 0, 0]
					}
				},
				"L": {
					"rotation": {
						"0.0": [-18.90487, 1.16598, -18.04648],
						"0.1333": [-18.90487, 1.16598, -18.04648],
						"0.1667": [-13.12, 5.43, 3.56],
						"0.3": [10, 22.5, 90],
						"1.2333": [10, 65, 90],
						"1.3": [10, 22.5, 90],
						"1.3333": [10, 22.5, 90],
						"1.4333": [-20, 28.75, -27.5],
						"1.5333": [0, 0, 0]
					},
					"position": {
						"0.0": [2.62208, -22.36786, 18.46199],
						"0.1333": [-5.82627, -23.37161, 16.8901],
						"0.1667": [-8.4299, -11.43405, 7.40187],
						"0.3": [-7.9422, 6.80875, -3.83806],
						"1.2": [-7.9422, 6.80875, -3.83806],
						"1.3333": [-7.9422, 6.80875, -3.83806],
						"1.5333": [0, 0, 0]
					}
				},
				"righthand": {
					"position": {
						"0.0": [0, 0, 0],
						"0.0667": [-1.075, 0, 0],
						"1.4667": [-1.075, 0, 0],
						"1.5333": [0, 0, 0]
					},
					"scale": [1, 1.5, 1]
				},
				"lefthand": {
					"scale": [1, 1.5, 1]
				},
				"camera": {
					"rotation": {
						"0.0": {
							"post": [0, 0, 0],
							"lerp_mode": "catmullrom"
						},
						"0.2667": {
							"post": [1.2, 0.225, -0.275],
							"lerp_mode": "catmullrom"
						},
						"0.4": {
							"post": [1.265, 0.29, -0.34],
							"lerp_mode": "catmullrom"
						},
						"0.4667": {
							"post": [1.85, 0.3, 0.1],
							"lerp_mode": "catmullrom"
						},
						"0.5667": {
							"post": [1.265, 0.24, -0.61],
							"lerp_mode": "catmullrom"
						},
						"0.7": {
							"post": [0.45, 0.15, -0.1],
							"lerp_mode": "catmullrom"
						},
						"0.9": {
							"post": [0.67, 0.15, -0.35],
							"lerp_mode": "catmullrom"
						},
						"1.1": {
							"post": [1.345, 0.3, -0.35],
							"lerp_mode": "catmullrom"
						},
						"1.2333": {
							"post": [1.295, 0.3, -0.35],
							"lerp_mode": "catmullrom"
						},
						"1.3": {
							"post": [1.835, 0.29, 0.11],
							"lerp_mode": "catmullrom"
						},
						"1.4": {
							"post": [1.125, 0.25, -0.585],
							"lerp_mode": "catmullrom"
						},
						"1.5": {
							"post": [0.87, 0.225, -0.275],
							"lerp_mode": "catmullrom"
						},
						"1.7": {
							"post": [-0.05, 0, 0.125],
							"lerp_mode": "catmullrom"
						},
						"1.8333": {
							"post": [0.05, 0, -0.125],
							"lerp_mode": "catmullrom"
						},
						"2.0667": {
							"post": [0, 0, 0],
							"lerp_mode": "catmullrom"
						}
					}
				},
				"bullet": {
					"scale": {
						"0.0": [0, 0, 0],
						"0.8": {
							"pre": [0, 0, 0],
							"post": [1, 1, 1]
						}
					}
				}
			},
			"sound_effects": {
				"0.0": {
					"effect": "trisdyna:fl00/m1911_reload_lift"
				},
				"0.3333": {
					"effect": "trisdyna:fl00/m1911_reload_magout"
				},
				"1.1": {
					"effect": "trisdyna:fl00/m1911_reload_magin"
				},
				"1.3": {
					"effect": "trisdyna:emx_sf7b/emi_reload_2"
				},
				"1.5": {
					"effect": "trisdyna:fl00/m1911_reload_end"
				}
			}
		},
		"inspect_empty": {
			"animation_length": 4.5333,
			"bones": {
				"root": {
					"rotation": {
						"0.0": {
							"post": [0, 0, 0],
							"lerp_mode": "catmullrom"
						},
						"0.1333": {
							"post": [-5.30882, -5.78262, -3.99199],
							"lerp_mode": "catmullrom"
						},
						"0.2": {
							"post": [-2.86888, -16.28249, -18.52332],
							"lerp_mode": "catmullrom"
						},
						"0.3": {
							"post": [-5.46119, -33.10083, -42.58059],
							"lerp_mode": "catmullrom"
						},
						"0.4": {
							"post": [-2.95, -37.02, -48.11],
							"lerp_mode": "catmullrom"
						},
						"0.5333": {
							"post": [-1.36113, -37.62124, -47.48565],
							"lerp_mode": "catmullrom"
						},
						"0.6667": {
							"post": [0.24084, -37.75155, -50.1472],
							"lerp_mode": "catmullrom"
						},
						"0.8667": {
							"post": [0.23395, -38.30402, -50.94133],
							"lerp_mode": "catmullrom"
						},
						"1.0333": {
							"post": [3.44584, -38.24371, -56.665],
							"lerp_mode": "catmullrom"
						},
						"1.1333": {
							"post": [2.62368, -38.82677, -53.09241],
							"lerp_mode": "catmullrom"
						},
						"1.2333": {
							"post": [0.80034, -38.50682, -54.39722],
							"lerp_mode": "catmullrom"
						},
						"1.3667": {
							"post": [3.39001, -37.21558, -55.42496],
							"lerp_mode": "catmullrom"
						},
						"1.6": {
							"post": [3.83166, -37.91256, -57.35241],
							"lerp_mode": "catmullrom"
						},
						"1.8667": {
							"post": [0.50141, -37.16815, -53.60088],
							"lerp_mode": "catmullrom"
						},
						"2.0": {
							"post": [3.05908, -37.01166, -54.14618],
							"lerp_mode": "catmullrom"
						},
						"2.1": {
							"post": [2.62, -39.6, -53.1],
							"lerp_mode": "catmullrom"
						},
						"2.1667": {
							"post": [1.03091, -40.7551, -50.465],
							"lerp_mode": "catmullrom"
						},
						"2.2": {
							"post": [-15.38731, -37.56739, -34.20983],
							"lerp_mode": "catmullrom"
						},
						"2.2333": {
							"post": [-9.72136, -39.94557, -47.38576],
							"lerp_mode": "catmullrom"
						},
						"2.3": {
							"post": [-11.27798, -39.24111, -36.85372],
							"lerp_mode": "catmullrom"
						},
						"2.4": {
							"post": [-18.38437, -35.66215, -26.84562],
							"lerp_mode": "catmullrom"
						},
						"2.5": {
							"post": [-31.8349, -7.51478, 1.8263],
							"lerp_mode": "catmullrom"
						},
						"2.6": {
							"post": [-51.15842, 20.51677, 19.18015],
							"lerp_mode": "catmullrom"
						},
						"2.6667": {
							"post": [-55.69044, 44.93968, 31.40482],
							"lerp_mode": "catmullrom"
						},
						"2.8667": {
							"post": [-56.21544, 48.98968, 35.30482],
							"lerp_mode": "catmullrom"
						},
						"3.0667": {
							"post": [-53.40248, 50.10378, 36.7245],
							"lerp_mode": "catmullrom"
						},
						"3.3667": {
							"post": [-51.73074, 50.91728, 38.61473],
							"lerp_mode": "catmullrom"
						},
						"3.6667": {
							"post": [-50.46495, 47.51054, 39.04701],
							"lerp_mode": "catmullrom"
						},
						"3.8": {
							"post": [-47.93808, 36.35207, 35.12537],
							"lerp_mode": "catmullrom"
						},
						"3.9333": {
							"post": [-8.2358, -5.08156, 18.8003],
							"lerp_mode": "catmullrom"
						},
						"4.1": {
							"post": [-1.5, -0.5, -2.25],
							"lerp_mode": "catmullrom"
						},
						"4.2": {
							"post": [0.64, -0.28, -2.15],
							"lerp_mode": "catmullrom"
						},
						"4.3": {
							"post": [-0.53937, 0.52121, 1.88966],
							"lerp_mode": "catmullrom"
						},
						"4.4333": {
							"post": [0, 0, 0],
							"lerp_mode": "catmullrom"
						}
					},
					"position": {
						"0.0": {
							"post": [0, 0, 0],
							"lerp_mode": "catmullrom"
						},
						"0.1333": {
							"post": [0.75, -0.7, 0.85],
							"lerp_mode": "catmullrom"
						},
						"0.3": {
							"post": [1, 3.175, 3.225],
							"lerp_mode": "catmullrom"
						},
						"0.5": {
							"post": [1, 3.005, 3.22],
							"lerp_mode": "catmullrom"
						},
						"0.8667": {
							"post": [0.9, 3.085, 3.22],
							"lerp_mode": "catmullrom"
						},
						"1.0333": {
							"post": [1.2, 2.755, 3.32625],
							"lerp_mode": "catmullrom"
						},
						"1.1": {
							"post": [0.92875, 3.18, 3.215],
							"lerp_mode": "catmullrom"
						},
						"1.2": {
							"post": [0.525, 3.79375, 2.87],
							"lerp_mode": "catmullrom"
						},
						"1.3333": {
							"post": [0.345, 3.435, 2.62],
							"lerp_mode": "catmullrom"
						},
						"1.4667": {
							"post": [0.1875, 3.23125, 2.62],
							"lerp_mode": "catmullrom"
						},
						"1.6667": {
							"post": [0.1325, 3.35625, 2.645],
							"lerp_mode": "catmullrom"
						},
						"1.8667": {
							"post": [0.17875, 3.4875, 2.695],
							"lerp_mode": "catmullrom"
						},
						"1.9667": {
							"post": [0.32, 3.575, 2.77],
							"lerp_mode": "catmullrom"
						},
						"2.0667": {
							"post": [0.535, 3.9, 3.22],
							"lerp_mode": "catmullrom"
						},
						"2.1667": {
							"post": [0.63, 4, 3.22],
							"lerp_mode": "catmullrom"
						},
						"2.2333": {
							"post": [0.955, 2.625, 3.22],
							"lerp_mode": "catmullrom"
						},
						"2.4": {
							"post": [0.605, 2.2, 3.42625],
							"lerp_mode": "catmullrom"
						},
						"2.5": {
							"post": [0.785, 0.975, 3.7],
							"lerp_mode": "catmullrom"
						},
						"2.6667": {
							"post": [0.81, 2.15, 4.055],
							"lerp_mode": "catmullrom"
						},
						"2.8667": {
							"post": [0.85375, 2.4625, 4.055],
							"lerp_mode": "catmullrom"
						},
						"3.1333": {
							"post": [0.81, 2.5425, 3.87],
							"lerp_mode": "catmullrom"
						},
						"3.4333": {
							"post": [0.78125, 2.5275, 3.86],
							"lerp_mode": "catmullrom"
						},
						"3.6333": {
							"post": [0.73, 2.6, 3.83],
							"lerp_mode": "catmullrom"
						},
						"3.8": {
							"post": [0.61, 2.2425, 3.57375],
							"lerp_mode": "catmullrom"
						},
						"3.9333": {
							"post": [0.31, -0.595, 1.79],
							"lerp_mode": "catmullrom"
						},
						"4.1": {
							"post": [0, -0.025, -0.825],
							"lerp_mode": "catmullrom"
						},
						"4.2667": {
							"post": [0, -0.16875, 0.1625],
							"lerp_mode": "catmullrom"
						},
						"4.4333": {
							"post": [0, 0, 0],
							"lerp_mode": "catmullrom"
						}
					}
				},
				"constraint": {
					"rotation": [0.2, 0.2, 0.2],
					"position": [0.2, 0.2, 0.35]
				},
				"lefthand": {
					"scale": [1, 1.5, 1]
				},
				"righthand": {
					"scale": [1, 1.5, 1]
				},
				"mag_and_lefthand": {
					"rotation": {
						"1.0333": {
							"pre": [0, 0, 0],
							"post": [0, 0, 0],
							"lerp_mode": "catmullrom"
						},
						"1.1667": {
							"post": [0, 0, 0],
							"lerp_mode": "catmullrom"
						},
						"1.3": {
							"post": [-11.29, 6.71, 21.06],
							"lerp_mode": "catmullrom"
						},
						"1.4333": {
							"post": [-15.05152, 8.95029, 28.07424],
							"lerp_mode": "catmullrom"
						},
						"1.5667": {
							"post": [-14.63601, 6.3117, 29.82311],
							"lerp_mode": "catmullrom"
						},
						"1.8333": {
							"post": [-14.90339, 4.11994, 29.3745],
							"lerp_mode": "catmullrom"
						},
						"1.9333": [-12.04, 7.16, 22.46],
						"2.0667": [-4, 0, 0],
						"2.1667": [0, 0, 0],
						"2.2333": [0, 0, 0]
					},
					"position": {
						"1.0333": {
							"pre": [0, 0, 0],
							"post": [0, 0, 0],
							"lerp_mode": "catmullrom"
						},
						"1.1667": {
							"post": [0, -4.875, 1.975],
							"lerp_mode": "catmullrom"
						},
						"1.3": {
							"post": [1.11, -4.88, 1.04],
							"lerp_mode": "catmullrom"
						},
						"1.4333": {
							"post": [1.294, -5.04313, 0.85748],
							"lerp_mode": "catmullrom"
						},
						"1.6": {
							"post": [1.27268, -5.27085, 0.86496],
							"lerp_mode": "catmullrom"
						},
						"1.8333": {
							"post": [1.16952, -5.28888, 0.95804],
							"lerp_mode": "catmullrom"
						},
						"1.9333": [0.777, -5.25701, 1.27339],
						"2.0": [0.39, -5.695, 1.62],
						"2.0667": [0, -5.275, 1.725],
						"2.1667": [0, -4.875, 1.975],
						"2.2333": [0, 0, 0]
					}
				},
				"L": {
					"rotation": {
						"0.0": [0, 0, 0],
						"0.3": [0, 0, 0],
						"0.6333": [0, 0, 0],
						"0.8667": [7.11, 20.37, 79.19],
						"0.9333": [9.34019, 8.69676, 87.56432],
						"1.0": [10, 22.5, 90],
						"2.1667": [10, 22.5, 90],
						"2.2667": [15.39108, 52.80929, 98.50854],
						"2.4333": [15.39108, 52.80929, 98.50854],
						"2.5333": [15.39108, 52.80929, 98.50854],
						"2.7": [36.49201, 5.65584, -79.69569],
						"3.6": [36.49201, 5.65584, -79.69569],
						"3.7667": [36.49201, 5.65584, -79.69569],
						"4.0": [0, 0, 0]
					},
					"position": {
						"0.0": [0, 0, 0],
						"0.3": [-4.71043, -5.0752, 3.64483],
						"0.6333": [-4.71043, -5.0752, 3.64483],
						"0.8667": [-8, 4.53, -2.43],
						"0.9667": [-7.9422, 6.80875, -3.83806],
						"2.4333": [-7.9422, 6.80875, -3.83806],
						"2.4667": [-5.53, 4.13, -2.685],
						"2.5333": [0.46196, -2.64413, 7.69062],
						"2.7": [-0.71371, 17.83587, 9.89375],
						"3.6": [-0.71371, 17.83587, 9.89375],
						"3.7667": [-0.71371, 17.83587, 9.89375],
						"4.0": [0, 0, 0]
					}
				},
				"R": {
					"rotation": [0, 0, 0],
					"position": {
						"0.1333": [0, 0, 0],
						"0.2667": [-1.2, 0, 0],
						"2.4": [-1.2, 0, 0],
						"2.5333": [0, 0, 0]
					}
				},
				"bullet": {
					"scale": {
						"0.0": [0, 0, 0],
						"4.3": {
							"pre": [0, 0, 0],
							"post": [1, 1, 1]
						}
					}
				},
				"hold_release": {
					"rotation": [7.5, 0, 0]
				},
				"camera": {
					"rotation": {
						"0.0": {
							"post": [0, 0, 0],
							"lerp_mode": "catmullrom"
						},
						"0.1": {
							"post": [0.805, 0.25, 0],
							"lerp_mode": "catmullrom"
						},
						"0.3": {
							"post": [5.325, 0.95, -0.55],
							"lerp_mode": "catmullrom"
						},
						"0.6667": {
							"post": [6.18, 1.125, -0.825],
							"lerp_mode": "catmullrom"
						},
						"1.0333": {
							"post": [5.855, 0.5, -0.825],
							"lerp_mode": "catmullrom"
						},
						"1.1": {
							"post": [6.73, -0.475, 0.075],
							"lerp_mode": "catmullrom"
						},
						"1.2333": {
							"post": [6.145, -3.475, -2.25],
							"lerp_mode": "catmullrom"
						},
						"1.4333": {
							"post": [6.585, -5.375, -1.65],
							"lerp_mode": "catmullrom"
						},
						"1.8333": {
							"post": [6.27, -5.2, -1.925],
							"lerp_mode": "catmullrom"
						},
						"1.9333": {
							"post": [6.185, -4.125, -1.575],
							"lerp_mode": "catmullrom"
						},
						"2.0667": {
							"post": [4.67, -1.55, -1.1],
							"lerp_mode": "catmullrom"
						},
						"2.1667": {
							"post": [3.54, -0.5, -0.825],
							"lerp_mode": "catmullrom"
						},
						"2.2333": {
							"post": [4.03, -0.275, 0.35],
							"lerp_mode": "catmullrom"
						},
						"2.3333": {
							"post": [2.62, 0.075, -1.925],
							"lerp_mode": "catmullrom"
						},
						"2.4667": {
							"post": [3.065, 0.2, -0.35],
							"lerp_mode": "catmullrom"
						},
						"2.7667": {
							"post": [5.62, 0.75, -0.075],
							"lerp_mode": "catmullrom"
						},
						"3.0667": {
							"post": [6.105, 0.75, 0.05],
							"lerp_mode": "catmullrom"
						},
						"3.3667": {
							"post": [5.99, 0.475, 0],
							"lerp_mode": "catmullrom"
						},
						"3.7333": {
							"post": [5.42, 0, 0],
							"lerp_mode": "catmullrom"
						},
						"4.0": {
							"post": [-0.175, 0, 0.4],
							"lerp_mode": "catmullrom"
						},
						"4.1667": {
							"post": [0.1, 0, -0.4],
							"lerp_mode": "catmullrom"
						},
						"4.3667": {
							"post": [0, 0, 0],
							"lerp_mode": "catmullrom"
						}
					}
				},
				"bullet_in_mag": {
					"scale": 0
				},
				"bullet2": {
					"scale": 0
				}
			},
			"sound_effects": {
				"0.0": {
					"effect": "trisdyna:fl00/m1911_reload_empty_lift"
				},
				"0.8667": {
					"effect": "trisdyna:fl00/m1911_reload_empty_magout"
				},
				"2.0333": {
					"effect": "trisdyna:fl00/m1911_reload_magin"
				},
				"2.5": {
					"effect": "trisdyna:fl00/m1911_inspect_quick"
				},
				"3.6667": {
					"effect": "trisdyna:fl00/m1911_reload_empty_end"
				}
			}
		},
		"inspect": {
			"animation_length": 4.5333,
			"bones": {
				"root": {
					"rotation": {
						"0.0": {
							"post": [0, 0, 0],
							"lerp_mode": "catmullrom"
						},
						"0.1333": {
							"post": [-5.30882, -5.78262, -3.99199],
							"lerp_mode": "catmullrom"
						},
						"0.2": {
							"post": [-2.86888, -16.28249, -18.52332],
							"lerp_mode": "catmullrom"
						},
						"0.3": {
							"post": [-5.46119, -33.10083, -42.58059],
							"lerp_mode": "catmullrom"
						},
						"0.4": {
							"post": [-2.95, -37.02, -48.11],
							"lerp_mode": "catmullrom"
						},
						"0.5333": {
							"post": [-1.36113, -37.62124, -47.48565],
							"lerp_mode": "catmullrom"
						},
						"0.6667": {
							"post": [0.24084, -37.75155, -50.1472],
							"lerp_mode": "catmullrom"
						},
						"0.8667": {
							"post": [0.23395, -38.30402, -50.94133],
							"lerp_mode": "catmullrom"
						},
						"1.0333": {
							"post": [3.44584, -38.24371, -56.665],
							"lerp_mode": "catmullrom"
						},
						"1.1333": {
							"post": [2.62368, -38.82677, -53.09241],
							"lerp_mode": "catmullrom"
						},
						"1.2333": {
							"post": [0.80034, -38.50682, -54.39722],
							"lerp_mode": "catmullrom"
						},
						"1.3667": {
							"post": [3.39001, -37.21558, -55.42496],
							"lerp_mode": "catmullrom"
						},
						"1.6": {
							"post": [3.83166, -37.91256, -57.35241],
							"lerp_mode": "catmullrom"
						},
						"1.8667": {
							"post": [0.50141, -37.16815, -53.60088],
							"lerp_mode": "catmullrom"
						},
						"2.0": {
							"post": [3.05908, -37.01166, -54.14618],
							"lerp_mode": "catmullrom"
						},
						"2.1": {
							"post": [2.62, -39.6, -53.1],
							"lerp_mode": "catmullrom"
						},
						"2.1667": {
							"post": [1.03091, -40.7551, -50.465],
							"lerp_mode": "catmullrom"
						},
						"2.2": {
							"post": [-15.38731, -37.56739, -34.20983],
							"lerp_mode": "catmullrom"
						},
						"2.2333": {
							"post": [-9.72136, -39.94557, -47.38576],
							"lerp_mode": "catmullrom"
						},
						"2.3": {
							"post": [-11.27798, -39.24111, -36.85372],
							"lerp_mode": "catmullrom"
						},
						"2.4": {
							"post": [-18.38437, -35.66215, -26.84562],
							"lerp_mode": "catmullrom"
						},
						"2.5": {
							"post": [-31.8349, -7.51478, 1.8263],
							"lerp_mode": "catmullrom"
						},
						"2.6": {
							"post": [-51.15842, 20.51677, 19.18015],
							"lerp_mode": "catmullrom"
						},
						"2.6667": {
							"post": [-55.69044, 44.93968, 31.40482],
							"lerp_mode": "catmullrom"
						},
						"2.8667": {
							"post": [-56.21544, 48.98968, 35.30482],
							"lerp_mode": "catmullrom"
						},
						"3.0667": {
							"post": [-53.40248, 50.10378, 36.7245],
							"lerp_mode": "catmullrom"
						},
						"3.3667": {
							"post": [-51.73074, 50.91728, 38.61473],
							"lerp_mode": "catmullrom"
						},
						"3.6667": {
							"post": [-50.46495, 47.51054, 39.04701],
							"lerp_mode": "catmullrom"
						},
						"3.8": {
							"post": [-47.93808, 36.35207, 35.12537],
							"lerp_mode": "catmullrom"
						},
						"3.9333": {
							"post": [-8.2358, -5.08156, 18.8003],
							"lerp_mode": "catmullrom"
						},
						"4.1": {
							"post": [-1.5, -0.5, -2.25],
							"lerp_mode": "catmullrom"
						},
						"4.2": {
							"post": [0.64, -0.28, -2.15],
							"lerp_mode": "catmullrom"
						},
						"4.3": {
							"post": [-0.53937, 0.52121, 1.88966],
							"lerp_mode": "catmullrom"
						},
						"4.4333": {
							"post": [0, 0, 0],
							"lerp_mode": "catmullrom"
						}
					},
					"position": {
						"0.0": {
							"post": [0, 0, 0],
							"lerp_mode": "catmullrom"
						},
						"0.1333": {
							"post": [0.75, -0.7, 0.85],
							"lerp_mode": "catmullrom"
						},
						"0.3": {
							"post": [1, 3.175, 3.225],
							"lerp_mode": "catmullrom"
						},
						"0.5": {
							"post": [1, 3.005, 3.22],
							"lerp_mode": "catmullrom"
						},
						"0.8667": {
							"post": [0.9, 3.085, 3.22],
							"lerp_mode": "catmullrom"
						},
						"1.0333": {
							"post": [1.2, 2.755, 3.32625],
							"lerp_mode": "catmullrom"
						},
						"1.1": {
							"post": [0.92875, 3.18, 3.215],
							"lerp_mode": "catmullrom"
						},
						"1.2": {
							"post": [0.525, 3.79375, 2.87],
							"lerp_mode": "catmullrom"
						},
						"1.3333": {
							"post": [0.345, 3.435, 2.62],
							"lerp_mode": "catmullrom"
						},
						"1.4667": {
							"post": [0.1875, 3.23125, 2.62],
							"lerp_mode": "catmullrom"
						},
						"1.6667": {
							"post": [0.1325, 3.35625, 2.645],
							"lerp_mode": "catmullrom"
						},
						"1.8667": {
							"post": [0.17875, 3.4875, 2.695],
							"lerp_mode": "catmullrom"
						},
						"1.9667": {
							"post": [0.32, 3.575, 2.77],
							"lerp_mode": "catmullrom"
						},
						"2.0667": {
							"post": [0.535, 3.9, 3.22],
							"lerp_mode": "catmullrom"
						},
						"2.1667": {
							"post": [0.63, 4, 3.22],
							"lerp_mode": "catmullrom"
						},
						"2.2333": {
							"post": [0.955, 2.625, 3.22],
							"lerp_mode": "catmullrom"
						},
						"2.4": {
							"post": [0.605, 2.2, 3.42625],
							"lerp_mode": "catmullrom"
						},
						"2.5": {
							"post": [0.785, 0.975, 3.7],
							"lerp_mode": "catmullrom"
						},
						"2.6667": {
							"post": [0.81, 2.15, 4.055],
							"lerp_mode": "catmullrom"
						},
						"2.8667": {
							"post": [0.85375, 2.4625, 4.055],
							"lerp_mode": "catmullrom"
						},
						"3.1333": {
							"post": [0.81, 2.5425, 3.87],
							"lerp_mode": "catmullrom"
						},
						"3.4333": {
							"post": [0.78125, 2.5275, 3.86],
							"lerp_mode": "catmullrom"
						},
						"3.6333": {
							"post": [0.73, 2.6, 3.83],
							"lerp_mode": "catmullrom"
						},
						"3.8": {
							"post": [0.61, 2.2425, 3.57375],
							"lerp_mode": "catmullrom"
						},
						"3.9333": {
							"post": [0.31, -0.595, 1.79],
							"lerp_mode": "catmullrom"
						},
						"4.1": {
							"post": [0, -0.025, -0.825],
							"lerp_mode": "catmullrom"
						},
						"4.2667": {
							"post": [0, -0.16875, 0.1625],
							"lerp_mode": "catmullrom"
						},
						"4.4333": {
							"post": [0, 0, 0],
							"lerp_mode": "catmullrom"
						}
					}
				},
				"constraint": {
					"rotation": [0.2, 0.2, 0.2],
					"position": [0.2, 0.2, 0.35]
				},
				"lefthand": {
					"scale": [1, 1.5, 1]
				},
				"righthand": {
					"scale": [1, 1.5, 1]
				},
				"mag_and_lefthand": {
					"rotation": {
						"1.0333": {
							"pre": [0, 0, 0],
							"post": [0, 0, 0],
							"lerp_mode": "catmullrom"
						},
						"1.1667": {
							"post": [0, 0, 0],
							"lerp_mode": "catmullrom"
						},
						"1.3": {
							"post": [-11.29, 6.71, 21.06],
							"lerp_mode": "catmullrom"
						},
						"1.4333": {
							"post": [-15.05152, 8.95029, 28.07424],
							"lerp_mode": "catmullrom"
						},
						"1.5667": {
							"post": [-14.63601, 6.3117, 29.82311],
							"lerp_mode": "catmullrom"
						},
						"1.8333": {
							"post": [-14.90339, 4.11994, 29.3745],
							"lerp_mode": "catmullrom"
						},
						"1.9333": [-12.04, 7.16, 22.46],
						"2.0667": [-4, 0, 0],
						"2.1667": [0, 0, 0],
						"2.2333": [0, 0, 0]
					},
					"position": {
						"1.0333": {
							"pre": [0, 0, 0],
							"post": [0, 0, 0],
							"lerp_mode": "catmullrom"
						},
						"1.1667": {
							"post": [0, -4.875, 1.975],
							"lerp_mode": "catmullrom"
						},
						"1.3": {
							"post": [1.11, -4.88, 1.04],
							"lerp_mode": "catmullrom"
						},
						"1.4333": {
							"post": [1.294, -5.04313, 0.85748],
							"lerp_mode": "catmullrom"
						},
						"1.6": {
							"post": [1.27268, -5.27085, 0.86496],
							"lerp_mode": "catmullrom"
						},
						"1.8333": {
							"post": [1.16952, -5.28888, 0.95804],
							"lerp_mode": "catmullrom"
						},
						"1.9333": [0.777, -5.25701, 1.27339],
						"2.0": [0.39, -5.695, 1.62],
						"2.0667": [0, -5.275, 1.725],
						"2.1667": [0, -4.875, 1.975],
						"2.2333": [0, 0, 0]
					}
				},
				"L": {
					"rotation": {
						"0.0": [0, 0, 0],
						"0.3": [0, 0, 0],
						"0.6333": [0, 0, 0],
						"0.8667": [7.11, 20.37, 79.19],
						"0.9333": [9.34019, 8.69676, 87.56432],
						"1.0": [10, 22.5, 90],
						"2.1667": [10, 22.5, 90],
						"2.2667": [15.39108, 52.80929, 98.50854],
						"2.4333": [15.39108, 52.80929, 98.50854],
						"2.5333": [15.39108, 52.80929, 98.50854],
						"2.7": [36.49201, 5.65584, -79.69569],
						"3.6": [36.49201, 5.65584, -79.69569],
						"3.7667": [36.49201, 5.65584, -79.69569],
						"4.0": [0, 0, 0]
					},
					"position": {
						"0.0": [0, 0, 0],
						"0.3": [-4.71043, -5.0752, 3.64483],
						"0.6333": [-4.71043, -5.0752, 3.64483],
						"0.8667": [-8, 4.53, -2.43],
						"0.9667": [-7.9422, 6.80875, -3.83806],
						"2.4333": [-7.9422, 6.80875, -3.83806],
						"2.4667": [-5.53, 4.13, -2.685],
						"2.5333": [0.46196, -2.64413, 7.69062],
						"2.7": [-0.71371, 17.83587, 9.89375],
						"3.6": [-0.71371, 17.83587, 9.89375],
						"3.7667": [-0.71371, 17.83587, 9.89375],
						"4.0": [0, 0, 0]
					}
				},
				"R": {
					"rotation": [0, 0, 0],
					"position": {
						"0.1333": [0, 0, 0],
						"0.2667": [-1.2, 0, 0],
						"2.4": [-1.2, 0, 0],
						"2.5333": [0, 0, 0]
					}
				},
				"bullet": {
					"scale": {
						"0.0": [0, 0, 0],
						"4.3": {
							"pre": [0, 0, 0],
							"post": [1, 1, 1]
						}
					}
				},
				"hold_release": {
					"rotation": [7.5, 0, 0]
				},
				"camera": {
					"rotation": {
						"0.0": {
							"post": [0, 0, 0],
							"lerp_mode": "catmullrom"
						},
						"0.1": {
							"post": [0.805, 0.25, 0],
							"lerp_mode": "catmullrom"
						},
						"0.3": {
							"post": [5.325, 0.95, -0.55],
							"lerp_mode": "catmullrom"
						},
						"0.6667": {
							"post": [6.18, 1.125, -0.825],
							"lerp_mode": "catmullrom"
						},
						"1.0333": {
							"post": [5.855, 0.5, -0.825],
							"lerp_mode": "catmullrom"
						},
						"1.1": {
							"post": [6.73, -0.475, 0.075],
							"lerp_mode": "catmullrom"
						},
						"1.2333": {
							"post": [6.145, -3.475, -2.25],
							"lerp_mode": "catmullrom"
						},
						"1.4333": {
							"post": [6.585, -5.375, -1.65],
							"lerp_mode": "catmullrom"
						},
						"1.8333": {
							"post": [6.27, -5.2, -1.925],
							"lerp_mode": "catmullrom"
						},
						"1.9333": {
							"post": [6.185, -4.125, -1.575],
							"lerp_mode": "catmullrom"
						},
						"2.0667": {
							"post": [4.67, -1.55, -1.1],
							"lerp_mode": "catmullrom"
						},
						"2.1667": {
							"post": [3.54, -0.5, -0.825],
							"lerp_mode": "catmullrom"
						},
						"2.2333": {
							"post": [4.03, -0.275, 0.35],
							"lerp_mode": "catmullrom"
						},
						"2.3333": {
							"post": [2.62, 0.075, -1.925],
							"lerp_mode": "catmullrom"
						},
						"2.4667": {
							"post": [3.065, 0.2, -0.35],
							"lerp_mode": "catmullrom"
						},
						"2.7667": {
							"post": [5.62, 0.75, -0.075],
							"lerp_mode": "catmullrom"
						},
						"3.0667": {
							"post": [6.105, 0.75, 0.05],
							"lerp_mode": "catmullrom"
						},
						"3.3667": {
							"post": [5.99, 0.475, 0],
							"lerp_mode": "catmullrom"
						},
						"3.7333": {
							"post": [5.42, 0, 0],
							"lerp_mode": "catmullrom"
						},
						"4.0": {
							"post": [-0.175, 0, 0.4],
							"lerp_mode": "catmullrom"
						},
						"4.1667": {
							"post": [0.1, 0, -0.4],
							"lerp_mode": "catmullrom"
						},
						"4.3667": {
							"post": [0, 0, 0],
							"lerp_mode": "catmullrom"
						}
					}
				},
				"bullet_in_mag": {
					"scale": 0
				},
				"bullet2": {
					"scale": 0
				}
			},
			"sound_effects": {
				"0.0": {
					"effect": "trisdyna:fl00/m1911_reload_empty_lift"
				},
				"0.8667": {
					"effect": "trisdyna:fl00/m1911_reload_empty_magout"
				},
				"2.0333": {
					"effect": "trisdyna:fl00/m1911_reload_magin"
				},
				"2.5": {
					"effect": "trisdyna:fl00/m1911_inspect_quick"
				},
				"3.6667": {
					"effect": "trisdyna:fl00/m1911_reload_empty_end"
				}
			}
		},
		"run": {
			"loop": true,
			"animation_length": 0.6667,
			"bones": {
				"root": {
					"rotation": {
						"0.0": [-51.4314, -19.59742, 44.08803],
						"0.0333": [-46.61, -19.67, 40.19],
						"0.1": {
							"pre": [-40.22239, -29.39895, 31.99698],
							"post": [-40.22239, -29.39895, 31.99698],
							"lerp_mode": "catmullrom"
						},
						"0.2": {
							"post": [-44.20711, -33.02027, 40.46132],
							"lerp_mode": "catmullrom"
						},
						"0.3333": {
							"post": [-54.71744, -36.62452, 50.79408],
							"lerp_mode": "catmullrom"
						},
						"0.4667": {
							"post": [-54.16236, -46.62319, 40.48441],
							"lerp_mode": "catmullrom"
						},
						"0.5333": {
							"post": [-47.92557, -39.25531, 38.83491],
							"lerp_mode": "catmullrom"
						},
						"0.6667": {
							"post": [-51.4314, -19.59742, 44.08803],
							"lerp_mode": "catmullrom"
						}
					},
					"position": {
						"0.0": {
							"post": [-5.075, -4.275, 0],
							"lerp_mode": "catmullrom"
						},
						"0.0667": {
							"post": [-5.015, -4.34, -0.125],
							"lerp_mode": "catmullrom"
						},
						"0.2333": {
							"post": [-3.63, -5.445, -1.05],
							"lerp_mode": "catmullrom"
						},
						"0.3667": {
							"post": [-1.65, -3.72, 0],
							"lerp_mode": "catmullrom"
						},
						"0.4667": {
							"post": [-1.935, -5.01, 0.3],
							"lerp_mode": "catmullrom"
						},
						"0.5667": {
							"post": [-3.555, -5.445, -0.725],
							"lerp_mode": "catmullrom"
						},
						"0.6667": {
							"post": [-5.075, -4.275, 0],
							"lerp_mode": "catmullrom"
						}
					}
				},
				"L": {
					"rotation": {
						"0.0": [-81.41003, 77.7249, -87.43271],
						"0.1": [-24.12105, 78.92006, -21.13361],
						"0.3667": [-81.41003, 77.7249, -87.43271]
					},
					"position": {
						"0.0": [2.2, 16.38125, -17.625],
						"0.0333": {
							"pre": [2.14914, 16.49363, -17.54436],
							"post": [2.14914, 16.49363, -17.54436],
							"lerp_mode": "catmullrom"
						},
						"0.1333": {
							"post": [2.46737, 16.69085, -15.65079],
							"lerp_mode": "catmullrom"
						},
						"0.2667": {
							"post": [7.79008, 13.10905, -13.18936],
							"lerp_mode": "catmullrom"
						},
						"0.3667": {
							"post": [11.56221, 14.47752, -10.59319],
							"lerp_mode": "catmullrom"
						},
						"0.4667": {
							"post": [11.68174, 14.79789, -10.47447],
							"lerp_mode": "catmullrom"
						},
						"0.5667": {
							"post": [7.43522, 12.38515, -13.95246],
							"lerp_mode": "catmullrom"
						},
						"0.6667": {
							"post": [2.14914, 16.49363, -17.54436],
							"lerp_mode": "catmullrom"
						}
					}
				}
			}
		},
		"run_hold": {
			"animation_length": 0.0333,
			"bones": {
				"root": {
					"rotation": {
						"0.0": {
							"post": [-54.71744, -36.62452, 50.79408],
							"lerp_mode": "catmullrom"
						}
					},
					"position": {
						"0.0": {
							"post": [-1.65, -3.72, 0],
							"lerp_mode": "catmullrom"
						}
					}
				}
			}
		},
		"run_start": {
			"animation_length": 0.2333,
			"bones": {
				"root": {
					"rotation": {
						"0.0": [0, 0, 0],
						"0.1": {
							"pre": [-25.13982, -27.21251, 18.96435],
							"post": [-25.13982, -27.21251, 18.96435],
							"lerp_mode": "catmullrom"
						},
						"0.2333": {
							"post": [-42.01, -32.04, 36.88],
							"lerp_mode": "catmullrom"
						}
					},
					"position": {
						"0.0": [0, 0, 0],
						"0.1": {
							"pre": [-2.04, -4.015, -1.2],
							"post": [-2.04, -4.015, -1.2],
							"lerp_mode": "catmullrom"
						},
						"0.2333": {
							"post": [-4.05, -5.34, -0.94],
							"lerp_mode": "catmullrom"
						}
					}
				},
				"L": {
					"rotation": {
						"0.0": [0, 0, 0],
						"0.1": [0, 0, 0],
						"0.2333": [-8, 67.5, 0]
					},
					"position": {
						"0.0": [0, 0, 0],
						"0.1": [0, 0, 0],
						"0.2333": [4.91, 11.9, -14.46]
					}
				}
			}
		},
		"shoot": {
			"animation_length": 0.5,
			"bones": {
				"root": {
					"rotation": {
						"0.0": [0, 0, 0],
						"0.0333": [0, 0, 0],
						"0.0667": [-14.37239, 2.16014, -2.24888],
						"0.1667": [3.17319, -2.40185, -5.40991],
						"0.3": [0.74965, -0.0229, 1.74985],
						"0.4333": [0, 0, 0]
					},
					"position": {
						"0.0": {
							"post": [0, 0, 0],
							"lerp_mode": "catmullrom"
						},
						"0.0333": {
							"post": [0, 0.25, 2.15],
							"lerp_mode": "catmullrom"
						},
						"0.0667": {
							"post": [0, 0.85, 2.2],
							"lerp_mode": "catmullrom"
						},
						"0.1667": {
							"post": [0, 0.06875, -0.275],
							"lerp_mode": "catmullrom"
						},
						"0.3": {
							"post": [0, -0.1125, 0],
							"lerp_mode": "catmullrom"
						},
						"0.4333": {
							"post": [0, 0, 0],
							"lerp_mode": "catmullrom"
						}
					}
				},
				"camera": {
					"rotation": {
						"0.0": {
							"post": [0, 0, 0],
							"lerp_mode": "catmullrom"
						},
						"0.0333": {
							"post": [0, 0, 0.925],
							"lerp_mode": "catmullrom"
						},
						"0.0667": {
							"post": [0, 0, -0.7],
							"lerp_mode": "catmullrom"
						},
						"0.1": {
							"post": [0, 0, 0.4],
							"lerp_mode": "catmullrom"
						},
						"0.1333": {
							"post": [0, 0, -0.22],
							"lerp_mode": "catmullrom"
						},
						"0.1667": {
							"post": [0, 0, 0],
							"lerp_mode": "catmullrom"
						}
					}
				},
				"constraint": {
					"rotation": [0.2, 0.2, 0.2],
					"position": [0, 0, 0]
				}
			}
		}
	}
}