{
  "materials": [
    {
      "item": {
        "tag": "forge:ingots/iron"
      },
      "count": 128
    },
    {
      "item": {
        "tag": "forge:ingots/gold"
      },
      "count": 32
    },
    {
      "item": {
        "tag": "forge:gems/lapis"
      },
      "count": 16
    },
    {
      "item": {
        "item": "enigmaticlegacy:ender_slayer"
      },
      "count": 1
    }
  ],
  "result": {
    "type": "gun",
    "id": "zeta:ar61"
  },
  "type": "tacz:gun_smith_table_crafting"
}