{
  "materials": [
    {
      "item": {
        "tag": "forge:gems/diamond"
      },
      "count": 64
    },
    {
      "item": {
        "tag": "forge:ingots/gold"
      },
      "count": 120
    },
    {
      "item": {
        "tag": "forge:ingots/iron"
      },
      "count": 128
    },
    {
      "item": {
        "item": "enigmaticlegacy:forbidden_axe"
      },
      "count": 1
    }
  ],
  "result": {
    "type": "gun",
    "id": "zeta:m105"
  },
  "type": "tacz:gun_smith_table_crafting"
}