{
  "materials": [
    {
      "item": {
        "tag": "forge:gems/diamond"
      },
      "count": 64
    },
    {
      "item": {
        "tag": "forge:ingots/gold"
      },
      "count": 120
    },
    {
      "item": {
        "tag": "forge:nether_stars"
      },
      "count": 2
    },
    {
      "item": {
        "tag": "forge:ingots/netherite"
      },
      "count": 16
    },
    {
      "item": {
        "tag": "forge:ingots/iron"
      },
      "count": 256
    },
    {
      "item": {
        "item": "enigmaticlegacy:eldritch_pan"
      },
      "count": 1
    }
  ],
  "result": {
    "type": "gun",
    "id": "zeta:m206"
  },
  "type": "tacz:gun_smith_table_crafting"
}