{
	"format_version": "1.8.0",
	"animations": {
		"static_idle": {
			"loop": true,
			"bones": {
				"right_hand": {
					"rotation": [83.5, 20, 0],
					"position": [-4.75, -12, -13.75]
				},
				"left_hand": {
					"rotation": [92.90301, -7.70861, -4.77052],
					"position": [5, -13.5, 0]
				}
			}
		},
		"shoot": {
			"animation_length": 0.5833,
			"bones": {
				"root": {
					"rotation": {
						"0.0": {
							"post": [0, 0, 0],
							"lerp_mode": "catmullrom"
						},
						"0.0417": {
							"post": [0.03515, -0.00092, -0.61172],
							"lerp_mode": "catmullrom"
						},
						"0.0833": {
							"post": [-0.56984, 0, 1.16812],
							"lerp_mode": "catmullrom"
						},
						"0.125": {
							"post": [-1.0387, 0.0272, 0.53803],
							"lerp_mode": "catmullrom"
						},
						"0.25": {
							"post": [0.19531, 0, 0.43047],
							"lerp_mode": "catmullrom"
						},
						"0.3333": {
							"post": [-0.06641, 0, -0.18828],
							"lerp_mode": "catmullrom"
						},
						"0.5": {
							"post": [0, 0, 0],
							"lerp_mode": "catmullrom"
						}
					},
					"position": {
						"0.0": {
							"post": [0, 0, 0],
							"lerp_mode": "catmullrom"
						},
						"0.0417": {
							"post": [0, -0.18, 1.68297],
							"lerp_mode": "catmullrom"
						},
						"0.0833": {
							"post": [0, -0.13, 0.29],
							"lerp_mode": "catmullrom"
						},
						"0.1667": {
							"post": [0, -0.06641, -0.10937],
							"lerp_mode": "catmullrom"
						},
						"0.25": {
							"post": [0, 0, 0.0625],
							"lerp_mode": "catmullrom"
						},
						"0.375": {
							"post": [0, 0, -0.02734],
							"lerp_mode": "catmullrom"
						},
						"0.4583": {
							"post": [0, 0, 0],
							"lerp_mode": "catmullrom"
						}
					}
				},
				"bolt2": {
					"position": {
						"0.0": [2.5, 0, 0],
						"0.0417": [0, 0, 0]
					}
				},
				"mag": {
					"rotation": [0, 0, 0]
				},
				"mag1": {
					"rotation": {
						"0.0": {
							"post": [0, 0, 0],
							"lerp_mode": "catmullrom"
						},
						"0.0417": {
							"post": [0, 0, -0.75],
							"lerp_mode": "catmullrom"
						},
						"0.0833": {
							"post": [0, 0, 0.75],
							"lerp_mode": "catmullrom"
						},
						"0.1667": {
							"post": [0, 0, -0.75],
							"lerp_mode": "catmullrom"
						},
						"0.2917": {
							"post": [0, 0, 0.5],
							"lerp_mode": "catmullrom"
						},
						"0.4583": {
							"post": [0, 0, 0],
							"lerp_mode": "catmullrom"
						},
						"0.5833": {
							"post": [0, 0, 0],
							"lerp_mode": "catmullrom"
						}
					}
				},
				"mag2": {
					"rotation": {
						"0.0": {
							"post": [0, 0, 0],
							"lerp_mode": "catmullrom"
						},
						"0.0417": {
							"post": [0, 0, 1.25],
							"lerp_mode": "catmullrom"
						},
						"0.0833": {
							"post": [0, 0, -1.5],
							"lerp_mode": "catmullrom"
						},
						"0.2083": {
							"post": [0, 0, 0.75],
							"lerp_mode": "catmullrom"
						},
						"0.2917": {
							"post": [0, 0, -0.25],
							"lerp_mode": "catmullrom"
						},
						"0.5": {
							"post": [0, 0, 0],
							"lerp_mode": "catmullrom"
						},
						"0.5833": {
							"post": [0, 0, 0],
							"lerp_mode": "catmullrom"
						}
					}
				},
				"camera": {
					"rotation": {
						"0.0": {
							"post": [0, 0, -0.81187],
							"lerp_mode": "catmullrom"
						},
						"0.0417": {
							"post": [0, 0, 0.8125],
							"lerp_mode": "catmullrom"
						},
						"0.0833": {
							"post": [0, 0, -0.58446],
							"lerp_mode": "catmullrom"
						},
						"0.125": {
							"post": [0, 0, 0.2927],
							"lerp_mode": "catmullrom"
						},
						"0.2083": {
							"post": [0, 0, -0.16212],
							"lerp_mode": "catmullrom"
						},
						"0.2917": {
							"post": [0, 0, 0.06529],
							"lerp_mode": "catmullrom"
						},
						"0.375": {
							"post": [0, 0, 0.00031],
							"lerp_mode": "catmullrom"
						},
						"0.5833": {
							"post": [0, 0, 0],
							"lerp_mode": "catmullrom"
						}
					}
				}
			},
			"sound_effects": {
				"0.4167": {
					"effect": "bf1:shell_pistol"
				}
			}
		},
		"reload_tactical": {
			"animation_length": 3.1667,
			"bones": {
				"right_hand": {
					"rotation": [83.5, 20, 0],
					"position": [-4.75, -12, -13.75]
				},
				"left_hand": {
					"rotation": {
						"0.0": {
							"post": [92.90301, -7.70861, -4.77052],
							"lerp_mode": "catmullrom"
						},
						"0.0833": {
							"post": [75.99805, 10.16413, -4.82201],
							"lerp_mode": "catmullrom"
						},
						"0.1667": {
							"post": [85.14644, -20.16649, -3.71165],
							"lerp_mode": "catmullrom"
						},
						"0.2917": {
							"post": [85.14644, -20.16649, -3.71165],
							"lerp_mode": "catmullrom"
						},
						"0.5833": {
							"post": [81.13016, -26.42453, 8.05295],
							"lerp_mode": "catmullrom"
						},
						"2.1667": {
							"post": [81.13016, -26.42453, 8.05295],
							"lerp_mode": "catmullrom"
						},
						"2.625": {
							"post": [85.14644, -20.16649, -3.71165],
							"lerp_mode": "catmullrom"
						},
						"2.75": {
							"post": [85.14644, -20.16649, -3.71165],
							"lerp_mode": "catmullrom"
						},
						"2.875": {
							"post": [75.99805, 10.16413, -4.82201],
							"lerp_mode": "catmullrom"
						},
						"3.0": {
							"post": [92.90301, -7.70861, -4.77052],
							"lerp_mode": "catmullrom"
						},
						"3.1667": {
							"post": [92.90301, -7.70861, -4.77052],
							"lerp_mode": "catmullrom"
						}
					},
					"position": {
						"0.0": {
							"post": [5, -13.5, 0],
							"lerp_mode": "catmullrom"
						},
						"0.0833": {
							"post": [-1, -8.93, -4],
							"lerp_mode": "catmullrom"
						},
						"0.1667": {
							"post": [4.25, -5.5, -9],
							"lerp_mode": "catmullrom"
						},
						"0.2917": {
							"post": [4.25, -5.5, -9],
							"lerp_mode": "catmullrom"
						},
						"2.625": {
							"post": [4.25, -5.5, -9],
							"lerp_mode": "catmullrom"
						},
						"2.75": {
							"post": [4.25, -5.5, -9],
							"lerp_mode": "catmullrom"
						},
						"2.875": {
							"post": [-1, -8.93, -4],
							"lerp_mode": "catmullrom"
						},
						"3.0": {
							"post": [5, -13.5, 0],
							"lerp_mode": "catmullrom"
						},
						"3.1667": {
							"post": [5, -13.5, 0],
							"lerp_mode": "catmullrom"
						}
					}
				},
				"root": {
					"rotation": {
						"0.0": {
							"post": [0, 0, 0],
							"lerp_mode": "catmullrom"
						},
						"0.25": {
							"post": [0, 0, -2.5],
							"lerp_mode": "catmullrom"
						},
						"0.3333": {
							"post": [0.04, 0, -2.65],
							"lerp_mode": "catmullrom"
						},
						"0.375": {
							"post": [0.05307, -0.00139, -1.15613],
							"lerp_mode": "catmullrom"
						},
						"0.4583": {
							"post": [0.04, 0, -2.65],
							"lerp_mode": "catmullrom"
						},
						"0.625": {
							"post": [0.26377, -0.01142, -0.34615],
							"lerp_mode": "catmullrom"
						},
						"0.875": {
							"post": [0, 0, -2.5],
							"lerp_mode": "catmullrom"
						},
						"1.3333": {
							"post": [-5, 0, 0.52],
							"lerp_mode": "catmullrom"
						},
						"1.625": {
							"post": [-5.66715, -0.09876, -0.16048],
							"lerp_mode": "catmullrom"
						},
						"1.9583": {
							"post": [-5.62, 0, 0.75],
							"lerp_mode": "catmullrom"
						},
						"2.0": {
							"post": [-5.59688, 0.24744, 3.25976],
							"lerp_mode": "catmullrom"
						},
						"2.0833": {
							"post": [-5.61915, -0.09793, -0.24519],
							"lerp_mode": "catmullrom"
						},
						"2.1667": {
							"post": [-5.62, 0, 0.75],
							"lerp_mode": "catmullrom"
						},
						"2.4583": {
							"post": [-5, 0, 0.52],
							"lerp_mode": "catmullrom"
						},
						"2.625": {
							"post": [-3.64, 0, 0.37],
							"lerp_mode": "catmullrom"
						},
						"2.6667": {
							"post": [-3.31252, -0.14455, -2.1593],
							"lerp_mode": "catmullrom"
						},
						"2.75": {
							"post": [-2.61902, -0.05683, -0.4001],
							"lerp_mode": "catmullrom"
						},
						"2.9167": {
							"post": [0, 0, 0],
							"lerp_mode": "catmullrom"
						},
						"3.1667": {
							"post": [0, 0, 0],
							"lerp_mode": "catmullrom"
						}
					},
					"position": {
						"0.0": {
							"post": [0, 0, 0],
							"lerp_mode": "catmullrom"
						},
						"0.1667": {
							"post": [0, -0.25, 0],
							"lerp_mode": "catmullrom"
						},
						"0.2917": {
							"post": [0, -0.25, 0],
							"lerp_mode": "catmullrom"
						},
						"0.3333": {
							"post": [0, 0.5, 0],
							"lerp_mode": "catmullrom"
						},
						"0.5": {
							"post": [0, -0.25, 0],
							"lerp_mode": "catmullrom"
						},
						"0.7083": {
							"post": [0, -0.25, 0],
							"lerp_mode": "catmullrom"
						},
						"0.75": {
							"post": [0, 0.5, 0],
							"lerp_mode": "catmullrom"
						},
						"0.9167": {
							"post": [0, -0.63, 0.305],
							"lerp_mode": "catmullrom"
						},
						"1.125": {
							"post": [0, -2.24, 1],
							"lerp_mode": "catmullrom"
						},
						"1.4583": {
							"post": [0, -2.365, 1],
							"lerp_mode": "catmullrom"
						},
						"1.9583": {
							"post": [0, -2.35, 1.05],
							"lerp_mode": "catmullrom"
						},
						"2.0": {
							"post": [0, -2.85, 1.05],
							"lerp_mode": "catmullrom"
						},
						"2.0833": {
							"post": [0, -2.35, 1.05],
							"lerp_mode": "catmullrom"
						},
						"2.625": {
							"post": [0, -2.35, 1.05],
							"lerp_mode": "catmullrom"
						},
						"2.6667": {
							"post": [0, -2.85, 1.05],
							"lerp_mode": "catmullrom"
						},
						"2.75": {
							"post": [0, -2.35, 1.05],
							"lerp_mode": "catmullrom"
						},
						"2.875": {
							"post": [0, -2.24, 1],
							"lerp_mode": "catmullrom"
						},
						"3.0": {
							"post": [0, 0, 0],
							"lerp_mode": "catmullrom"
						},
						"3.1667": {
							"post": [0, 0, 0],
							"lerp_mode": "catmullrom"
						}
					}
				},
				"mag": {
					"rotation": {
						"0.7083": [0, 0, 0],
						"0.7917": {
							"pre": [10, 0, 0],
							"post": [10, 0, 0],
							"lerp_mode": "catmullrom"
						},
						"0.9583": {
							"post": [-5.32, 8.14, -5.33],
							"lerp_mode": "catmullrom"
						},
						"1.3333": {
							"post": [-38.97064, 67.61058, -44.31617],
							"lerp_mode": "catmullrom"
						},
						"1.7083": {
							"post": [-5.32, 8.14, -5.33],
							"lerp_mode": "catmullrom"
						},
						"1.9167": {
							"post": [10, 0, 0],
							"lerp_mode": "catmullrom"
						},
						"2.0": [0, 0, 0]
					},
					"position": {
						"0.7083": [0, 0, 0],
						"0.7917": {
							"pre": [0, 2, 0],
							"post": [0, 2, 0],
							"lerp_mode": "catmullrom"
						},
						"0.875": {
							"post": [-0.67, 2.4575, 0],
							"lerp_mode": "catmullrom"
						},
						"1.0417": {
							"post": [-11.19, -2.7, 4.36],
							"lerp_mode": "catmullrom"
						},
						"1.3333": {
							"post": [-15, -19, 18],
							"lerp_mode": "catmullrom"
						},
						"1.625": {
							"post": [-11.19, -2.7, 4.36],
							"lerp_mode": "catmullrom"
						},
						"1.7917": {
							"post": [-0.67, 2.4575, 0],
							"lerp_mode": "catmullrom"
						},
						"1.9167": {
							"post": [0, 2, 0],
							"lerp_mode": "catmullrom"
						},
						"2.0": [0, 0, 0]
					}
				},
				"mag2": {
					"rotation": {
						"0.2917": [0, 0, 0],
						"0.375": {
							"pre": [15, 0, 0],
							"post": [15, 0, 0],
							"lerp_mode": "catmullrom"
						},
						"0.4583": {
							"post": [8.68, 0, -1.52],
							"lerp_mode": "catmullrom"
						},
						"0.5833": {
							"post": [0, 0, -10],
							"lerp_mode": "catmullrom"
						},
						"0.7083": {
							"post": [0, 0, -10],
							"lerp_mode": "catmullrom"
						},
						"2.0": {
							"post": [0, 0, -10],
							"lerp_mode": "catmullrom"
						},
						"2.1667": {
							"post": [0, 0, -10],
							"lerp_mode": "catmullrom"
						},
						"2.2917": {
							"post": [15, 0, 0],
							"lerp_mode": "catmullrom"
						},
						"2.375": {
							"post": [9.87913, 0, 0.68999],
							"lerp_mode": "catmullrom"
						},
						"2.4167": {
							"post": [2.5, 0, 0],
							"lerp_mode": "catmullrom"
						},
						"2.5": {
							"post": [2.5, 0, 0],
							"lerp_mode": "catmullrom"
						},
						"2.625": [0, 0, 0]
					},
					"position": {
						"0.2917": [0, 0, 0],
						"0.375": {
							"pre": [0, 1, 0],
							"post": [0, 1, 0],
							"lerp_mode": "catmullrom"
						},
						"0.5833": {
							"post": [3.5, 0.5, 1.75],
							"lerp_mode": "catmullrom"
						},
						"0.7083": {
							"post": [3.5, 0.5, 1.75],
							"lerp_mode": "catmullrom"
						},
						"2.0": {
							"post": [3.5, 0.5, 1.75],
							"lerp_mode": "catmullrom"
						},
						"2.1667": {
							"post": [3.5, 0.5, 1.75],
							"lerp_mode": "catmullrom"
						},
						"2.2917": {
							"post": [0, 1.5, -0.25],
							"lerp_mode": "catmullrom"
						},
						"2.4167": {
							"post": [0, 1.5, -0.25],
							"lerp_mode": "catmullrom"
						},
						"2.5": {
							"post": [0, 1.5, -0.25],
							"lerp_mode": "catmullrom"
						},
						"2.625": [0, 0, 0]
					}
				},
				"camera": {
					"rotation": {
						"0.0": {
							"post": [0, 0, 0],
							"lerp_mode": "catmullrom"
						},
						"0.1667": {
							"post": [2.425, 0.85, -0.675],
							"lerp_mode": "catmullrom"
						},
						"0.3333": {
							"post": [2.895, 0.125, -1.275],
							"lerp_mode": "catmullrom"
						},
						"0.5": {
							"post": [5.365, 1.075, -0.05],
							"lerp_mode": "catmullrom"
						},
						"0.6667": {
							"post": [4.385, 0.375, 0.55],
							"lerp_mode": "catmullrom"
						},
						"0.875": {
							"post": [3.96, 0.275, -1.275],
							"lerp_mode": "catmullrom"
						},
						"1.25": {
							"post": [4.96, 0.275, -1.275],
							"lerp_mode": "catmullrom"
						},
						"1.5833": {
							"post": [4.385, 0.375, 0.55],
							"lerp_mode": "catmullrom"
						},
						"1.8333": {
							"post": [5.365, 1.075, -0.05],
							"lerp_mode": "catmullrom"
						},
						"1.9583": {
							"post": [4.6, 0.77, -0.54],
							"lerp_mode": "catmullrom"
						},
						"2.0": {
							"post": [4.31909, 0.49055, 1.30176],
							"lerp_mode": "catmullrom"
						},
						"2.0417": {
							"post": [4.00543, 0.51964, -1.10136],
							"lerp_mode": "catmullrom"
						},
						"2.1667": {
							"post": [2.895, 0.125, -1.275],
							"lerp_mode": "catmullrom"
						},
						"2.5417": {
							"post": [2.425, 0.85, -0.675],
							"lerp_mode": "catmullrom"
						},
						"2.5833": {
							"post": [2.4864, 0.71369, 1.27831],
							"lerp_mode": "catmullrom"
						},
						"2.625": {
							"post": [2.51164, 0.78093, -2.99075],
							"lerp_mode": "catmullrom"
						},
						"2.7917": {
							"post": [2.895, 0.125, -1.275],
							"lerp_mode": "catmullrom"
						},
						"3.0417": {
							"post": [0, 0, 0],
							"lerp_mode": "catmullrom"
						},
						"3.1667": {
							"post": [0, 0, 0],
							"lerp_mode": "catmullrom"
						}
					}
				}
			}
		},
		"reload_tactical_new": {
			"animation_length": 3.1667,
			"bones": {
				"right_hand": {
					"rotation": [83.5, 20, 0],
					"position": [-4.75, -12, -13.75]
				},
				"left_hand": {
					"rotation": {
						"0.0": {
							"post": [92.90301, -7.70861, -4.77052],
							"lerp_mode": "catmullrom"
						},
						"0.125": {
							"post": [75.99805, 10.16413, -4.82201],
							"lerp_mode": "catmullrom"
						},
						"0.2083": {
							"post": [85.14644, -20.16649, -3.71165],
							"lerp_mode": "catmullrom"
						},
						"0.2917": {
							"post": [85.14644, -20.16649, -3.71165],
							"lerp_mode": "catmullrom"
						},
						"0.375": {
							"post": [96, -20, -4],
							"lerp_mode": "catmullrom"
						},
						"0.4583": {
							"post": [89.68, -20, -5.52],
							"lerp_mode": "catmullrom"
						},
						"0.5833": {
							"post": [81, -20, -14],
							"lerp_mode": "catmullrom"
						},
						"0.7083": {
							"post": [81, -20, -14],
							"lerp_mode": "catmullrom"
						},
						"2.0": {
							"post": [81, -20, -14],
							"lerp_mode": "catmullrom"
						},
						"2.1667": {
							"post": [81, -20, -14],
							"lerp_mode": "catmullrom"
						},
						"2.2917": {
							"post": [96, -20, -4],
							"lerp_mode": "catmullrom"
						},
						"2.375": {
							"post": [90.87913, -20, -3.31001],
							"lerp_mode": "catmullrom"
						},
						"2.4167": {
							"post": [83.5, -20, -4],
							"lerp_mode": "catmullrom"
						},
						"2.5": {
							"post": [72.5, -20, -4],
							"lerp_mode": "catmullrom"
						},
						"2.625": {
							"post": [85.14644, -20.16649, -3.71165],
							"lerp_mode": "catmullrom"
						},
						"2.75": {
							"post": [85.14644, -20.16649, -3.71165],
							"lerp_mode": "catmullrom"
						},
						"2.875": {
							"post": [75.99805, 10.16413, -4.82201],
							"lerp_mode": "catmullrom"
						},
						"3.0": {
							"post": [92.90301, -7.70861, -4.77052],
							"lerp_mode": "catmullrom"
						},
						"3.1667": {
							"post": [92.90301, -7.70861, -4.77052],
							"lerp_mode": "catmullrom"
						}
					},
					"position": {
						"0.0": {
							"post": [5, -13.5, 0],
							"lerp_mode": "catmullrom"
						},
						"0.125": {
							"post": [-1, -8.93, -4],
							"lerp_mode": "catmullrom"
						},
						"0.2083": {
							"post": [4.25, -5.5, -9],
							"lerp_mode": "catmullrom"
						},
						"0.2917": {
							"post": [4.25, -5.5, -9],
							"lerp_mode": "catmullrom"
						},
						"0.375": {
							"post": [4.25, -4.5, -9],
							"lerp_mode": "catmullrom"
						},
						"0.5833": {
							"post": [7.75, -5, -7.25],
							"lerp_mode": "catmullrom"
						},
						"0.7083": {
							"post": [7.75, -5, -7.25],
							"lerp_mode": "catmullrom"
						},
						"0.7917": {
							"post": [7.6875, -3, -7.1875],
							"lerp_mode": "catmullrom"
						},
						"0.875": {
							"post": [7.0175, -2.5425, -7.1875],
							"lerp_mode": "catmullrom"
						},
						"1.0417": {
							"post": [-3.5025, -7.7, -2.8275],
							"lerp_mode": "catmullrom"
						},
						"1.3333": {
							"post": [-7.3125, -24, 10.8125],
							"lerp_mode": "catmullrom"
						},
						"1.625": {
							"post": [-3.5025, -7.7, -2.8275],
							"lerp_mode": "catmullrom"
						},
						"1.7917": {
							"post": [7.0175, -2.5425, -7.1875],
							"lerp_mode": "catmullrom"
						},
						"1.9167": {
							"post": [7.6875, -3, -7.1875],
							"lerp_mode": "catmullrom"
						},
						"2.0": {
							"post": [7.75, -5, -7.25],
							"lerp_mode": "catmullrom"
						},
						"2.1667": {
							"post": [7.75, -5, -7.25],
							"lerp_mode": "catmullrom"
						},
						"2.2917": {
							"post": [4.25, -4, -9.25],
							"lerp_mode": "catmullrom"
						},
						"2.4167": {
							"post": [4.25, -4, -9.25],
							"lerp_mode": "catmullrom"
						},
						"2.5": {
							"post": [4.25, -4, -9.25],
							"lerp_mode": "catmullrom"
						},
						"2.625": {
							"post": [4.25, -5.5, -9],
							"lerp_mode": "catmullrom"
						},
						"2.75": {
							"post": [4.25, -5.5, -9],
							"lerp_mode": "catmullrom"
						},
						"2.875": {
							"post": [-1, -8.93, -4],
							"lerp_mode": "catmullrom"
						},
						"3.0": {
							"post": [5, -13.5, 0],
							"lerp_mode": "catmullrom"
						},
						"3.1667": {
							"post": [5, -13.5, 0],
							"lerp_mode": "catmullrom"
						}
					}
				},
				"root": {
					"rotation": {
						"0.0": {
							"post": [0, 0, 0],
							"lerp_mode": "catmullrom"
						},
						"0.25": {
							"post": [0, 0, -2.5],
							"lerp_mode": "catmullrom"
						},
						"0.3333": {
							"post": [0.04, 0, -2.65],
							"lerp_mode": "catmullrom"
						},
						"0.375": {
							"post": [0.05307, -0.00139, -1.15613],
							"lerp_mode": "catmullrom"
						},
						"0.4583": {
							"post": [0.04, 0, -2.65],
							"lerp_mode": "catmullrom"
						},
						"0.625": {
							"post": [0.26377, -0.01142, -0.34615],
							"lerp_mode": "catmullrom"
						},
						"0.875": {
							"post": [0, 0, -2.5],
							"lerp_mode": "catmullrom"
						},
						"1.3333": {
							"post": [-5, 0, 0.52],
							"lerp_mode": "catmullrom"
						},
						"1.625": {
							"post": [-5.66715, -0.09876, -0.16048],
							"lerp_mode": "catmullrom"
						},
						"1.9583": {
							"post": [-5.62, 0, 0.75],
							"lerp_mode": "catmullrom"
						},
						"2.0": {
							"post": [-5.59688, 0.24744, 3.25976],
							"lerp_mode": "catmullrom"
						},
						"2.0833": {
							"post": [-5.61915, -0.09793, -0.24519],
							"lerp_mode": "catmullrom"
						},
						"2.1667": {
							"post": [-5.62, 0, 0.75],
							"lerp_mode": "catmullrom"
						},
						"2.4583": {
							"post": [-5, 0, 0.52],
							"lerp_mode": "catmullrom"
						},
						"2.625": {
							"post": [-3.64, 0, 0.37],
							"lerp_mode": "catmullrom"
						},
						"2.6667": {
							"post": [-3.31252, -0.14455, -2.1593],
							"lerp_mode": "catmullrom"
						},
						"2.75": {
							"post": [-2.61902, -0.05683, -0.4001],
							"lerp_mode": "catmullrom"
						},
						"2.9167": {
							"post": [0, 0, 0],
							"lerp_mode": "catmullrom"
						},
						"3.1667": {
							"post": [0, 0, 0],
							"lerp_mode": "catmullrom"
						}
					},
					"position": {
						"0.0": {
							"post": [0, 0, 0],
							"lerp_mode": "catmullrom"
						},
						"0.1667": {
							"post": [0, -0.25, 0],
							"lerp_mode": "catmullrom"
						},
						"0.2917": {
							"post": [0, -0.25, 0],
							"lerp_mode": "catmullrom"
						},
						"0.3333": {
							"post": [0, 0.5, 0],
							"lerp_mode": "catmullrom"
						},
						"0.5": {
							"post": [0, -0.25, 0],
							"lerp_mode": "catmullrom"
						},
						"0.7083": {
							"post": [0, -0.25, 0],
							"lerp_mode": "catmullrom"
						},
						"0.75": {
							"post": [0, 0.5, 0],
							"lerp_mode": "catmullrom"
						},
						"0.9167": {
							"post": [0, -0.63, 0.305],
							"lerp_mode": "catmullrom"
						},
						"1.125": {
							"post": [0, -2.24, 1],
							"lerp_mode": "catmullrom"
						},
						"1.4583": {
							"post": [0, -2.365, 1],
							"lerp_mode": "catmullrom"
						},
						"1.9583": {
							"post": [0, -2.35, 1.05],
							"lerp_mode": "catmullrom"
						},
						"2.0": {
							"post": [0, -2.85, 1.05],
							"lerp_mode": "catmullrom"
						},
						"2.0833": {
							"post": [0, -2.35, 1.05],
							"lerp_mode": "catmullrom"
						},
						"2.625": {
							"post": [0, -2.35, 1.05],
							"lerp_mode": "catmullrom"
						},
						"2.6667": {
							"post": [0, -2.85, 1.05],
							"lerp_mode": "catmullrom"
						},
						"2.75": {
							"post": [0, -2.35, 1.05],
							"lerp_mode": "catmullrom"
						},
						"2.875": {
							"post": [0, -2.24, 1],
							"lerp_mode": "catmullrom"
						},
						"3.0": {
							"post": [0, 0, 0],
							"lerp_mode": "catmullrom"
						},
						"3.1667": {
							"post": [0, 0, 0],
							"lerp_mode": "catmullrom"
						}
					}
				},
				"mag": {
					"rotation": {
						"0.7083": [0, 0, 0],
						"0.7917": {
							"pre": [10, 0, 0],
							"post": [10, 0, 0],
							"lerp_mode": "catmullrom"
						},
						"0.9583": {
							"post": [-5.32, 8.14, -5.33],
							"lerp_mode": "catmullrom"
						},
						"1.3333": {
							"post": [-38.97064, 67.61058, -44.31617],
							"lerp_mode": "catmullrom"
						},
						"1.7083": {
							"post": [-5.32, 8.14, -5.33],
							"lerp_mode": "catmullrom"
						},
						"1.9167": {
							"post": [10, 0, 0],
							"lerp_mode": "catmullrom"
						},
						"2.0": [0, 0, 0]
					},
					"position": {
						"0.7083": [0, 0, 0],
						"0.7917": {
							"pre": [0, 2, 0],
							"post": [0, 2, 0],
							"lerp_mode": "catmullrom"
						},
						"0.875": {
							"post": [-0.67, 2.4575, 0],
							"lerp_mode": "catmullrom"
						},
						"1.0417": {
							"post": [-11.19, -2.7, 4.36],
							"lerp_mode": "catmullrom"
						},
						"1.3333": {
							"post": [-15, -19, 18],
							"lerp_mode": "catmullrom"
						},
						"1.625": {
							"post": [-11.19, -2.7, 4.36],
							"lerp_mode": "catmullrom"
						},
						"1.7917": {
							"post": [-0.67, 2.4575, 0],
							"lerp_mode": "catmullrom"
						},
						"1.9167": {
							"post": [0, 2, 0],
							"lerp_mode": "catmullrom"
						},
						"2.0": [0, 0, 0]
					}
				},
				"mag2": {
					"rotation": {
						"0.2917": [0, 0, 0],
						"0.375": {
							"pre": [15, 0, 0],
							"post": [15, 0, 0],
							"lerp_mode": "catmullrom"
						},
						"0.4583": {
							"post": [8.68, 0, -1.52],
							"lerp_mode": "catmullrom"
						},
						"0.5833": {
							"post": [0, 0, -10],
							"lerp_mode": "catmullrom"
						},
						"0.7083": {
							"post": [0, 0, -10],
							"lerp_mode": "catmullrom"
						},
						"2.0": {
							"post": [0, 0, -10],
							"lerp_mode": "catmullrom"
						},
						"2.1667": {
							"post": [0, 0, -10],
							"lerp_mode": "catmullrom"
						},
						"2.2917": {
							"post": [15, 0, 0],
							"lerp_mode": "catmullrom"
						},
						"2.375": {
							"post": [9.87913, 0, 0.68999],
							"lerp_mode": "catmullrom"
						},
						"2.4167": {
							"post": [2.5, 0, 0],
							"lerp_mode": "catmullrom"
						},
						"2.5": {
							"post": [2.5, 0, 0],
							"lerp_mode": "catmullrom"
						},
						"2.625": [0, 0, 0]
					},
					"position": {
						"0.2917": [0, 0, 0],
						"0.375": {
							"pre": [0, 1, 0],
							"post": [0, 1, 0],
							"lerp_mode": "catmullrom"
						},
						"0.5833": {
							"post": [3.5, 0.5, 1.75],
							"lerp_mode": "catmullrom"
						},
						"0.7083": {
							"post": [3.5, 0.5, 1.75],
							"lerp_mode": "catmullrom"
						},
						"2.0": {
							"post": [3.5, 0.5, 1.75],
							"lerp_mode": "catmullrom"
						},
						"2.1667": {
							"post": [3.5, 0.5, 1.75],
							"lerp_mode": "catmullrom"
						},
						"2.2917": {
							"post": [0, 1.5, -0.25],
							"lerp_mode": "catmullrom"
						},
						"2.4167": {
							"post": [0, 1.5, -0.25],
							"lerp_mode": "catmullrom"
						},
						"2.5": {
							"post": [0, 1.5, -0.25],
							"lerp_mode": "catmullrom"
						},
						"2.625": [0, 0, 0]
					}
				},
				"camera": {
					"rotation": {
						"0.0": {
							"post": [0, 0, 0],
							"lerp_mode": "catmullrom"
						},
						"0.1667": {
							"post": [2.425, 0.85, -0.675],
							"lerp_mode": "catmullrom"
						},
						"0.3333": {
							"post": [2.895, 0.125, -1.275],
							"lerp_mode": "catmullrom"
						},
						"0.5": {
							"post": [5.365, 1.075, -0.05],
							"lerp_mode": "catmullrom"
						},
						"0.6667": {
							"post": [4.385, 0.375, 0.55],
							"lerp_mode": "catmullrom"
						},
						"0.875": {
							"post": [3.96, 0.275, -1.275],
							"lerp_mode": "catmullrom"
						},
						"1.25": {
							"post": [4.96, 0.275, -1.275],
							"lerp_mode": "catmullrom"
						},
						"1.5833": {
							"post": [4.385, 0.375, 0.55],
							"lerp_mode": "catmullrom"
						},
						"1.8333": {
							"post": [5.365, 1.075, -0.05],
							"lerp_mode": "catmullrom"
						},
						"1.9583": {
							"post": [4.6, 0.77, -0.54],
							"lerp_mode": "catmullrom"
						},
						"2.0": {
							"post": [4.31909, 0.49055, 1.30176],
							"lerp_mode": "catmullrom"
						},
						"2.0417": {
							"post": [4.00543, 0.51964, -1.10136],
							"lerp_mode": "catmullrom"
						},
						"2.1667": {
							"post": [2.895, 0.125, -1.275],
							"lerp_mode": "catmullrom"
						},
						"2.5417": {
							"post": [2.425, 0.85, -0.675],
							"lerp_mode": "catmullrom"
						},
						"2.5833": {
							"post": [2.4864, 0.71369, 1.27831],
							"lerp_mode": "catmullrom"
						},
						"2.625": {
							"post": [2.51164, 0.78093, -2.99075],
							"lerp_mode": "catmullrom"
						},
						"2.7917": {
							"post": [2.895, 0.125, -1.275],
							"lerp_mode": "catmullrom"
						},
						"3.0417": {
							"post": [0, 0, 0],
							"lerp_mode": "catmullrom"
						},
						"3.1667": {
							"post": [0, 0, 0],
							"lerp_mode": "catmullrom"
						}
					}
				}
			}
		},
		"reload_empty": {
			"animation_length": 3.75,
			"bones": {
				"right_hand": {
					"rotation": [83.5, 20, 0],
					"position": [-4.75, -12, -13.75]
				},
				"left_hand": {
					"rotation": {
						"0.0": {
							"post": [92.90301, -7.70861, -4.77052],
							"lerp_mode": "catmullrom"
						},
						"0.0833": {
							"post": [75.99805, 10.16413, -4.82201],
							"lerp_mode": "catmullrom"
						},
						"0.1667": {
							"post": [85.14644, -20.16649, -3.71165],
							"lerp_mode": "catmullrom"
						},
						"0.2917": {
							"post": [85.14644, -20.16649, -3.71165],
							"lerp_mode": "catmullrom"
						},
						"0.5833": {
							"post": [81.13016, -26.42453, 8.05295],
							"lerp_mode": "catmullrom"
						},
						"2.1667": {
							"post": [81.13016, -26.42453, 8.05295],
							"lerp_mode": "catmullrom"
						},
						"2.625": {
							"post": [85.14644, -20.16649, -3.71165],
							"lerp_mode": "catmullrom"
						},
						"2.75": {
							"post": [85.14644, -20.16649, -3.71165],
							"lerp_mode": "catmullrom"
						},
						"2.8333": {
							"post": [77.45286, -15.11957, 44.2275],
							"lerp_mode": "catmullrom"
						},
						"3.0417": {
							"post": [77.45286, -15.11957, 44.2275],
							"lerp_mode": "catmullrom"
						},
						"3.125": {
							"post": [67.16689, 0.63258, 25.42427],
							"lerp_mode": "catmullrom"
						},
						"3.25": {
							"post": [63.7023, 7.77249, -19.79643],
							"lerp_mode": "catmullrom"
						},
						"3.5": {
							"post": [92.90301, -7.70861, -4.77052],
							"lerp_mode": "catmullrom"
						},
						"3.75": {
							"post": [92.90301, -7.70861, -4.77052],
							"lerp_mode": "catmullrom"
						}
					},
					"position": {
						"0.0": {
							"post": [5, -13.5, 0],
							"lerp_mode": "catmullrom"
						},
						"0.0833": {
							"post": [-1, -8.93, -4],
							"lerp_mode": "catmullrom"
						},
						"0.1667": {
							"post": [4.25, -5.5, -9],
							"lerp_mode": "catmullrom"
						},
						"0.2917": {
							"post": [4.25, -5.5, -9],
							"lerp_mode": "catmullrom"
						},
						"2.625": {
							"post": [4.25, -5.5, -9],
							"lerp_mode": "catmullrom"
						},
						"2.75": {
							"post": [4.25, -5.5, -9],
							"lerp_mode": "catmullrom"
						},
						"2.875": {
							"post": [0.75, -7.93, -5],
							"lerp_mode": "catmullrom"
						},
						"3.0417": {
							"post": [0.75, -7.93, -5],
							"lerp_mode": "catmullrom"
						},
						"3.0833": {
							"post": [0.87, -5.39, 0.31],
							"lerp_mode": "catmullrom"
						},
						"3.25": {
							"post": [-2, -7.41, 4.62],
							"lerp_mode": "catmullrom"
						},
						"3.5": {
							"post": [5, -13.5, 0],
							"lerp_mode": "catmullrom"
						},
						"3.75": {
							"post": [5, -13.5, 0],
							"lerp_mode": "catmullrom"
						}
					}
				},
				"root": {
					"rotation": {
						"0.0": {
							"post": [0, 0, 0],
							"lerp_mode": "catmullrom"
						},
						"0.25": {
							"post": [0, 0, -2.5],
							"lerp_mode": "catmullrom"
						},
						"0.3333": {
							"post": [0.04, 0, -2.65],
							"lerp_mode": "catmullrom"
						},
						"0.375": {
							"post": [0.05307, -0.00139, -1.15613],
							"lerp_mode": "catmullrom"
						},
						"0.4583": {
							"post": [0.04, 0, -2.65],
							"lerp_mode": "catmullrom"
						},
						"0.625": {
							"post": [0.26377, -0.01142, -0.34615],
							"lerp_mode": "catmullrom"
						},
						"0.875": {
							"post": [0, 0, -2.5],
							"lerp_mode": "catmullrom"
						},
						"1.3333": {
							"post": [-5, 0, 0.52],
							"lerp_mode": "catmullrom"
						},
						"1.625": {
							"post": [-5.66715, -0.09876, -0.16048],
							"lerp_mode": "catmullrom"
						},
						"1.9583": {
							"post": [-5.62, 0, 0.75],
							"lerp_mode": "catmullrom"
						},
						"2.0": {
							"post": [-5.59688, 0.24744, 3.25976],
							"lerp_mode": "catmullrom"
						},
						"2.0833": {
							"post": [-5.61915, -0.09793, -0.24519],
							"lerp_mode": "catmullrom"
						},
						"2.1667": {
							"post": [-5.62, 0, 0.75],
							"lerp_mode": "catmullrom"
						},
						"2.4583": {
							"post": [-5, 0, 0.52],
							"lerp_mode": "catmullrom"
						},
						"2.625": {
							"post": [-3.64, 0, 0.37],
							"lerp_mode": "catmullrom"
						},
						"2.6667": {
							"post": [-3.31252, -0.14455, -2.1593],
							"lerp_mode": "catmullrom"
						},
						"2.7917": {
							"post": [-2.61902, -0.05683, -0.4001],
							"lerp_mode": "catmullrom"
						},
						"2.9583": {
							"post": [-5, 0, 0.52],
							"lerp_mode": "catmullrom"
						},
						"3.0417": {
							"post": [-5, 0, 0.52],
							"lerp_mode": "catmullrom"
						},
						"3.0833": {
							"post": [-4.80075, -0.0837, -0.49714],
							"lerp_mode": "catmullrom"
						},
						"3.125": {
							"post": [-4.58826, 0.07733, 1.48651],
							"lerp_mode": "catmullrom"
						},
						"3.2083": {
							"post": [-4.07807, -0.02889, -0.06215],
							"lerp_mode": "catmullrom"
						},
						"3.625": {
							"post": [0, 0, 0],
							"lerp_mode": "catmullrom"
						},
						"3.75": {
							"post": [0, 0, 0],
							"lerp_mode": "catmullrom"
						}
					},
					"position": {
						"0.0": {
							"post": [0, 0, 0],
							"lerp_mode": "catmullrom"
						},
						"0.1667": {
							"post": [0, -0.25, 0],
							"lerp_mode": "catmullrom"
						},
						"0.2917": {
							"post": [0, -0.25, 0],
							"lerp_mode": "catmullrom"
						},
						"0.3333": {
							"post": [0, 0.5, 0],
							"lerp_mode": "catmullrom"
						},
						"0.5": {
							"post": [0, -0.25, 0],
							"lerp_mode": "catmullrom"
						},
						"0.7083": {
							"post": [0, -0.25, 0],
							"lerp_mode": "catmullrom"
						},
						"0.75": {
							"post": [0, 0.5, 0],
							"lerp_mode": "catmullrom"
						},
						"0.9167": {
							"post": [0, -0.63, 0.305],
							"lerp_mode": "catmullrom"
						},
						"1.125": {
							"post": [0, -2.24, 1],
							"lerp_mode": "catmullrom"
						},
						"1.4583": {
							"post": [0, -2.365, 1],
							"lerp_mode": "catmullrom"
						},
						"1.9583": {
							"post": [0, -2.35, 1.05],
							"lerp_mode": "catmullrom"
						},
						"2.0": {
							"post": [0, -2.85, 1.05],
							"lerp_mode": "catmullrom"
						},
						"2.0833": {
							"post": [0, -2.35, 1.05],
							"lerp_mode": "catmullrom"
						},
						"2.625": {
							"post": [0, -2.35, 1.05],
							"lerp_mode": "catmullrom"
						},
						"2.6667": {
							"post": [0, -2.85, 1.05],
							"lerp_mode": "catmullrom"
						},
						"2.7917": {
							"post": [0, -2.35, 1.05],
							"lerp_mode": "catmullrom"
						},
						"3.0417": {
							"post": [0, -2.28, 1.02],
							"lerp_mode": "catmullrom"
						},
						"3.0833": {
							"post": [0, -2.28, 2.02],
							"lerp_mode": "catmullrom"
						},
						"3.1667": {
							"post": [0, -2.28, 0.27],
							"lerp_mode": "catmullrom"
						},
						"3.4583": {
							"post": [0, -2.24, 1],
							"lerp_mode": "catmullrom"
						},
						"3.625": {
							"post": [0, 0, 0],
							"lerp_mode": "catmullrom"
						},
						"3.75": {
							"post": [0, 0, 0],
							"lerp_mode": "catmullrom"
						}
					}
				},
				"mag": {
					"rotation": {
						"0.7083": [0, 0, 0],
						"0.7917": {
							"pre": [10, 0, 0],
							"post": [10, 0, 0],
							"lerp_mode": "catmullrom"
						},
						"0.9583": {
							"post": [-5.32, 8.14, -5.33],
							"lerp_mode": "catmullrom"
						},
						"1.3333": {
							"post": [-38.97064, 67.61058, -44.31617],
							"lerp_mode": "catmullrom"
						},
						"1.7083": {
							"post": [-5.32, 8.14, -5.33],
							"lerp_mode": "catmullrom"
						},
						"1.9167": {
							"post": [10, 0, 0],
							"lerp_mode": "catmullrom"
						},
						"2.0": [0, 0, 0]
					},
					"position": {
						"0.7083": [0, 0, 0],
						"0.7917": {
							"pre": [0, 2, 0],
							"post": [0, 2, 0],
							"lerp_mode": "catmullrom"
						},
						"0.875": {
							"post": [-0.67, 2.4575, 0],
							"lerp_mode": "catmullrom"
						},
						"1.0417": {
							"post": [-11.19, -2.7, 4.36],
							"lerp_mode": "catmullrom"
						},
						"1.3333": {
							"post": [-15, -19, 18],
							"lerp_mode": "catmullrom"
						},
						"1.625": {
							"post": [-11.19, -2.7, 4.36],
							"lerp_mode": "catmullrom"
						},
						"1.7917": {
							"post": [-0.67, 2.4575, 0],
							"lerp_mode": "catmullrom"
						},
						"1.9167": {
							"post": [0, 2, 0],
							"lerp_mode": "catmullrom"
						},
						"2.0": [0, 0, 0]
					}
				},
				"mag2": {
					"rotation": {
						"0.2917": [0, 0, 0],
						"0.375": {
							"pre": [15, 0, 0],
							"post": [15, 0, 0],
							"lerp_mode": "catmullrom"
						},
						"0.4583": {
							"post": [8.68, 0, -1.52],
							"lerp_mode": "catmullrom"
						},
						"0.5833": {
							"post": [0, 0, -10],
							"lerp_mode": "catmullrom"
						},
						"0.7083": {
							"post": [0, 0, -10],
							"lerp_mode": "catmullrom"
						},
						"2.0": {
							"post": [0, 0, -10],
							"lerp_mode": "catmullrom"
						},
						"2.1667": {
							"post": [0, 0, -10],
							"lerp_mode": "catmullrom"
						},
						"2.2917": {
							"post": [15, 0, 0],
							"lerp_mode": "catmullrom"
						},
						"2.375": {
							"post": [9.87913, 0, 0.68999],
							"lerp_mode": "catmullrom"
						},
						"2.4167": {
							"post": [2.5, 0, 0],
							"lerp_mode": "catmullrom"
						},
						"2.5": {
							"post": [2.5, 0, 0],
							"lerp_mode": "catmullrom"
						},
						"2.625": {
							"post": [0, 0, 0],
							"lerp_mode": "catmullrom"
						},
						"3.0417": {
							"post": [0, 0, 0],
							"lerp_mode": "catmullrom"
						},
						"3.0833": {
							"post": [0, 0, 1.25],
							"lerp_mode": "catmullrom"
						},
						"3.125": {
							"post": [0, 0, -1.5],
							"lerp_mode": "catmullrom"
						},
						"3.25": {
							"post": [0, 0, 0.75],
							"lerp_mode": "catmullrom"
						},
						"3.3333": {
							"post": [0, 0, -0.25],
							"lerp_mode": "catmullrom"
						},
						"3.5417": {
							"post": [0, 0, 0],
							"lerp_mode": "catmullrom"
						},
						"3.625": {
							"post": [0, 0, 0],
							"lerp_mode": "catmullrom"
						}
					},
					"position": {
						"0.2917": [0, 0, 0],
						"0.375": {
							"pre": [0, 1, 0],
							"post": [0, 1, 0],
							"lerp_mode": "catmullrom"
						},
						"0.5833": {
							"post": [3.5, 0.5, 1.75],
							"lerp_mode": "catmullrom"
						},
						"0.7083": {
							"post": [3.5, 0.5, 1.75],
							"lerp_mode": "catmullrom"
						},
						"2.0": {
							"post": [3.5, 0.5, 1.75],
							"lerp_mode": "catmullrom"
						},
						"2.1667": {
							"post": [3.5, 0.5, 1.75],
							"lerp_mode": "catmullrom"
						},
						"2.2917": {
							"post": [0, 1.5, -0.25],
							"lerp_mode": "catmullrom"
						},
						"2.4167": {
							"post": [0, 1.5, -0.25],
							"lerp_mode": "catmullrom"
						},
						"2.5": {
							"post": [0, 1.5, -0.25],
							"lerp_mode": "catmullrom"
						},
						"2.625": [0, 0, 0]
					}
				},
				"rotate": {
					"rotation": {
						"3.0417": [0, 0, 0],
						"3.0833": [0, 0, 80],
						"3.1667": [0, 0, 80],
						"3.2083": [0, 0, 0]
					}
				},
				"bolt2": {
					"position": {
						"3.0417": [0, 0, 0],
						"3.0833": [2.5, 0, 0],
						"3.1667": [2.5, 0, 0],
						"3.2083": [0, 0, 0]
					}
				},
				"mag1": {
					"rotation": {
						"0.0": {
							"post": [0, 0, 0],
							"lerp_mode": "catmullrom"
						},
						"3.0833": {
							"post": [0, 0, 0],
							"lerp_mode": "catmullrom"
						},
						"3.125": {
							"post": [0, 0, -0.75],
							"lerp_mode": "catmullrom"
						},
						"3.1667": {
							"post": [0, 0, 0.75],
							"lerp_mode": "catmullrom"
						},
						"3.25": {
							"post": [0, 0, -0.75],
							"lerp_mode": "catmullrom"
						},
						"3.375": {
							"post": [0, 0, 0.5],
							"lerp_mode": "catmullrom"
						},
						"3.5417": {
							"post": [0, 0, 0],
							"lerp_mode": "catmullrom"
						},
						"3.6667": {
							"post": [0, 0, 0],
							"lerp_mode": "catmullrom"
						}
					}
				},
				"camera": {
					"rotation": {
						"0.0": {
							"post": [0, 0, 0],
							"lerp_mode": "catmullrom"
						},
						"0.1667": {
							"post": [2.425, 0.85, -0.675],
							"lerp_mode": "catmullrom"
						},
						"0.3333": {
							"post": [2.895, 0.125, -1.275],
							"lerp_mode": "catmullrom"
						},
						"0.5": {
							"post": [5.365, 1.075, -0.05],
							"lerp_mode": "catmullrom"
						},
						"0.6667": {
							"post": [4.385, 0.375, 0.55],
							"lerp_mode": "catmullrom"
						},
						"0.875": {
							"post": [3.96, 0.275, -1.275],
							"lerp_mode": "catmullrom"
						},
						"1.25": {
							"post": [4.96, 0.275, -1.275],
							"lerp_mode": "catmullrom"
						},
						"1.5833": {
							"post": [4.385, 0.375, 0.55],
							"lerp_mode": "catmullrom"
						},
						"1.8333": {
							"post": [5.365, 1.075, -0.05],
							"lerp_mode": "catmullrom"
						},
						"1.9583": {
							"post": [4.6, 0.77, -0.54],
							"lerp_mode": "catmullrom"
						},
						"2.0": {
							"post": [4.31909, 0.49055, 1.30176],
							"lerp_mode": "catmullrom"
						},
						"2.0417": {
							"post": [4.00543, 0.51964, -1.10136],
							"lerp_mode": "catmullrom"
						},
						"2.1667": {
							"post": [2.895, 0.125, -1.275],
							"lerp_mode": "catmullrom"
						},
						"2.5417": {
							"post": [2.425, 0.85, -0.675],
							"lerp_mode": "catmullrom"
						},
						"2.5833": {
							"post": [2.4864, 0.71369, 1.27831],
							"lerp_mode": "catmullrom"
						},
						"2.625": {
							"post": [2.51164, 0.78093, -2.99075],
							"lerp_mode": "catmullrom"
						},
						"2.7917": {
							"post": [2.895, 0.125, -1.275],
							"lerp_mode": "catmullrom"
						},
						"3.0417": {
							"post": [2.12, 0.04, -0.8],
							"lerp_mode": "catmullrom"
						},
						"3.0833": {
							"post": [-0.50479, 0.03534, -0.74693],
							"lerp_mode": "catmullrom"
						},
						"3.125": {
							"post": [1.33554, 0.09822, -3.31947],
							"lerp_mode": "catmullrom"
						},
						"3.2083": {
							"post": [3.12022, -0.01443, 0.19852],
							"lerp_mode": "catmullrom"
						},
						"3.3333": {
							"post": [0, 0, 0],
							"lerp_mode": "catmullrom"
						},
						"3.5417": {
							"post": [0.5, 0, 0],
							"lerp_mode": "catmullrom"
						},
						"3.625": {
							"post": [0, 0, 0],
							"lerp_mode": "catmullrom"
						},
						"3.75": {
							"post": [0, 0, 0],
							"lerp_mode": "catmullrom"
						}
					}
				}
			},
			"sound_effects": {
				"2.9167": {
					"effect": "bf1:vp1915/bolt"
				}
			}
		},
		"inspect": {
			"animation_length": 1.5,
			"bones": {
				"right_hand": {
					"rotation": {
						"0.0": {
							"post": [83.5, 20, 0],
							"lerp_mode": "catmullrom"
						},
						"0.0833": {
							"post": [57.04263, -3.63227, -9.96822],
							"lerp_mode": "catmullrom"
						},
						"0.2083": {
							"post": [84.54263, -3.63227, -9.96822],
							"lerp_mode": "catmullrom"
						},
						"1.0": {
							"post": [84.54263, -3.63227, -9.96822],
							"lerp_mode": "catmullrom"
						},
						"1.2083": {
							"post": [83.5, 20, 0],
							"lerp_mode": "catmullrom"
						},
						"1.5": {
							"post": [83.5, 20, 0],
							"lerp_mode": "catmullrom"
						}
					},
					"position": {
						"0.0": {
							"post": [-4.75, -12, -13.75],
							"lerp_mode": "catmullrom"
						},
						"0.0833": {
							"post": [2.75, -5.5, -5.75],
							"lerp_mode": "catmullrom"
						},
						"0.2083": {
							"post": [2.75, -4.5, -8.75],
							"lerp_mode": "catmullrom"
						},
						"1.0": {
							"post": [2.75, -4.75, -9],
							"lerp_mode": "catmullrom"
						},
						"1.125": {
							"post": [-0.33, -10.75, -10.97],
							"lerp_mode": "catmullrom"
						},
						"1.2083": {
							"post": [-4.75, -12, -13.75],
							"lerp_mode": "catmullrom"
						},
						"1.5": {
							"post": [-4.75, -12, -13.75],
							"lerp_mode": "catmullrom"
						}
					}
				},
				"root": {
					"rotation": {
						"0.0": {
							"post": [0, 0, 0],
							"lerp_mode": "catmullrom"
						},
						"0.2083": {
							"post": [4.98107, -0.43523, 4.98107],
							"lerp_mode": "catmullrom"
						},
						"0.375": {
							"post": [5.58219, -0.72554, 7.40174],
							"lerp_mode": "catmullrom"
						},
						"0.625": {
							"post": [4.98107, -0.43523, 4.98107],
							"lerp_mode": "catmullrom"
						},
						"1.0833": {
							"post": [4.98107, -0.43523, 4.98107],
							"lerp_mode": "catmullrom"
						},
						"1.2917": {
							"post": [0, 0, 0],
							"lerp_mode": "catmullrom"
						},
						"1.5": {
							"post": [0, 0, 0],
							"lerp_mode": "catmullrom"
						}
					},
					"position": {
						"0.0": {
							"post": [0, 0, 0],
							"lerp_mode": "catmullrom"
						},
						"0.1667": {
							"post": [0, 0, 0],
							"lerp_mode": "catmullrom"
						},
						"0.9583": {
							"post": [0, 0, 0],
							"lerp_mode": "catmullrom"
						},
						"1.25": {
							"post": [0, 0, 0],
							"lerp_mode": "catmullrom"
						},
						"1.5": {
							"post": [0, 0, 0],
							"lerp_mode": "catmullrom"
						}
					}
				}
			}
		}
	}
}