{
  "materials": [
    {
      "item": {
        "tag": "forge:ingots/iron"
      },
      "count": 64
    },
    {
      "item": {
        "tag": "forge:gems/lapis"
      },
      "count": 25
    },
    {
      "item": {
        "item": "minecraft:black_dye"
      },
      "count": 10
    },
    {
      "item": {
        "item": "blue_archivescraft:cyanoaugite"
      },
      "count": 240
    },
    {
      "item": {
        "item": "minecraft:gold_ingot"
      },
      "count": 64
    },
    {
      "item": {
        "type": "forge:partial_nbt",
        "item": "tacz:modern_kinetic_gun",
        "nbt": {
          "GunId": "tacz:m4a1"
        }
      },
      "count": 1
    }
  ],
  "result": {
    "type": "gun",
    "id": "cake:m4"
  },
  "type": "tacz:gun_smith_table_crafting"
}