{
  "materials": [
    {
      "item": {
        "tag": "forge:ingots/iron"
      },
      "count": 140
    },
    {
      "item": {
        "item": "blue_archivescraft:cyanoaugite"
      },
      "count": 800
    },
    {
      "item": {
        "tag": "forge:gems/quartz"
      },
      "count": 64
    },
    {
      "item": {
        "tag": "forge:gems/diamond"
      },
      "count": 28
    },
    {
      "item": {
        "tag": "forge:ingots/netherite"
      },
      "count": 2
    },
    {
      "item": {
        "tag": "forge:rods/blaze"
      },
      "count": 5
    },
    {
      "item": {
        "type": "forge:partial_nbt",
        "item": "tacz:modern_kinetic_gun",
        "nbt": {
          "GunId": "tacz:m249"
        }
      },
      "count": 1
    }
  ],
  "result": {
    "type": "gun",
    "id": "cake:mg42"
  },
  "type": "tacz:gun_smith_table_crafting"
}