{
  "materials": [
    {
      "item": {
        "item": "blue_archivescraft:cyanoaugite"
      },
      "count": 180
    },
    {
      "item": {
        "tag": "forge:ingots/iron"
      },
      "count": 75
    },
    {
      "item": {
        "tag": "forge:gems/quartz"
      },
      "count": 16
    }
  ],
  "result": {
    "type": "gun",
    "id": "cake:mp7",
    "attachments": {
      "muzzle": "cake:muzzle_mp7",
      "scope": "cake:scope_mp7"
    }
  },
  "type": "tacz:gun_smith_table_crafting"
}