{
  "materials": [
    {
      "item": {
        "tag": "forge:gems/diamond"
      },
      "count": 20
    },
    {
      "item": {
        "item": "blue_archivescraft:cyanoaugite"
      },
      "count": 800
    },
    {
      "item": {
        "tag": "forge:ingots/netherite"
      },
      "count": 5
    },
    {
      "item": {
        "tag": "forge:ingots/iron"
      },
      "count": 320
    },
    {
      "item": {
        "tag": "forge:rods/blaze"
      },
      "count": 10
    }
  ],
  "result": {
    "type": "gun",
    "id": "cake:ntw20",
    "attachments": {
      "scope": "cake:scope_ntw20"
    }
  },
  "type": "tacz:gun_smith_table_crafting"
}