{
	"format_version": "1.12.0",
	"minecraft:geometry": [
		{
			"description": {
				"identifier": "geometry.unknown",
				"texture_width": 64,
				"texture_height": 64,
				"visible_bounds_width": 16,
				"visible_bounds_height": 5,
				"visible_bounds_offset": [0, 0.5, 0]
			},
			"bones": [
				{
					"name": "lens",
					"pivot": [0.06019, 1.16094, -0.0125],
					"cubes": [
						{
							"origin": [0.17988, 0.95501, -3.98837],
							"size": [0.327, 0.97962, 0.15175],
							"pivot": [0.34338, 1.32444, -0.0125],
							"rotation": [0, 0, -30],
							"uv": {
								"north": {"uv": [30, 13], "uv_size": [0.5, 1]}
							}
						},
						{
							"origin": [-0.3865, 0.62801, -3.98837],
							"size": [0.327, 0.97962, 0.15175],
							"pivot": [-0.223, 0.99744, -0.0125],
							"rotation": [0, 0, -30],
							"uv": {
								"north": {"uv": [30, 14], "uv_size": [0.5, 1]}
							}
						},
						{
							"origin": [-0.10331, 0.79151, -3.98837],
							"size": [0.327, 0.97962, 0.15175],
							"pivot": [0.06019, 1.16094, -0.0125],
							"rotation": [0, 0, -30],
							"uv": {
								"north": {"uv": [30, 12], "uv_size": [0.5, 1]}
							}
						}
					]
				},
				{
					"name": "ocular",
					"pivot": [0, 1.26519, 2.06251],
					"cubes": [
						{
							"origin": [-0.13897, 0.74653, 1.51364],
							"size": [0.27795, 1.03732, 0.02274],
							"uv": {
								"south": {"uv": [0, 0], "uv_size": [0, 0]}
							}
						},
						{
							"origin": [-0.13897, 0.74653, 1.51364],
							"size": [0.27795, 1.03732, 0.02274],
							"pivot": [0, 1.26519, 1.525],
							"rotation": [0, 0, -90],
							"uv": {
								"south": {"uv": [0, 0], "uv_size": [0, 0]}
							}
						},
						{
							"origin": [-0.13897, 0.74653, 1.51364],
							"size": [0.27795, 1.03732, 0.02274],
							"pivot": [0, 1.26519, 1.525],
							"rotation": [0, 0, -60],
							"uv": {
								"south": {"uv": [0, 0], "uv_size": [0, 0]}
							}
						},
						{
							"origin": [-0.13897, 0.74653, 1.51364],
							"size": [0.27795, 1.03732, 0.02274],
							"pivot": [0, 1.26519, 1.525],
							"rotation": [0, 0, -30],
							"uv": {
								"south": {"uv": [0, 0], "uv_size": [0, 0]}
							}
						},
						{
							"origin": [-0.13897, 0.74653, 1.51364],
							"size": [0.27795, 1.03732, 0.02274],
							"pivot": [0, 1.26519, 1.525],
							"rotation": [0, 0, -150],
							"uv": {
								"south": {"uv": [0, 0], "uv_size": [0, 0]}
							}
						},
						{
							"origin": [-0.13897, 0.74653, 1.51364],
							"size": [0.27795, 1.03732, 0.02274],
							"pivot": [0, 1.26519, 1.525],
							"rotation": [0, 0, -120],
							"uv": {
								"south": {"uv": [0, 0], "uv_size": [0, 0]}
							}
						}
					]
				},
				{
					"name": "ocular_ring",
					"pivot": [0, 1.26519, 1.55088],
					"cubes": [
						{
							"origin": [-0.1635, 0.655, 1.53837],
							"size": [0.327, 0.12038, 0.12501],
							"pivot": [0, 1.26519, -0.0375],
							"rotation": [0, 0, -150],
							"uv": {
								"south": {"uv": [9, 45], "uv_size": [0.5, 0.5]},
								"up": {"uv": [45, 9], "uv_size": [0.5, 0.5]},
								"down": {"uv": [10, 45.5], "uv_size": [0.5, -0.5]}
							}
						},
						{
							"origin": [-0.1635, 1.755, 1.53837],
							"size": [0.327, 0.12038, 0.12501],
							"uv": {
								"south": {"uv": [45, 10], "uv_size": [0.5, 0.5]},
								"up": {"uv": [11, 45], "uv_size": [0.5, 0.5]},
								"down": {"uv": [45, 11.5], "uv_size": [0.5, -0.5]}
							}
						},
						{
							"origin": [-0.1635, 0.655, 1.53837],
							"size": [0.327, 0.12038, 0.12501],
							"pivot": [0, 1.26519, -0.0375],
							"rotation": [0, 0, -120],
							"uv": {
								"south": {"uv": [12, 45], "uv_size": [0.5, 0.5]},
								"up": {"uv": [45, 12], "uv_size": [0.5, 0.5]},
								"down": {"uv": [13, 45.5], "uv_size": [0.5, -0.5]}
							}
						},
						{
							"origin": [-0.1635, 0.655, 1.53837],
							"size": [0.327, 0.12038, 0.12501],
							"pivot": [0, 1.26519, -0.0375],
							"rotation": [0, 0, -90],
							"uv": {
								"south": {"uv": [45, 13], "uv_size": [0.5, 0.5]},
								"up": {"uv": [14, 45], "uv_size": [0.5, 0.5]},
								"down": {"uv": [45, 14.5], "uv_size": [0.5, -0.5]}
							}
						},
						{
							"origin": [-0.1635, 0.655, 1.53837],
							"size": [0.327, 0.12038, 0.12501],
							"pivot": [0, 1.26519, -0.0375],
							"rotation": [0, 0, -60],
							"uv": {
								"south": {"uv": [15, 45], "uv_size": [0.5, 0.5]},
								"up": {"uv": [45, 15], "uv_size": [0.5, 0.5]},
								"down": {"uv": [16, 45.5], "uv_size": [0.5, -0.5]}
							}
						},
						{
							"origin": [-0.1635, 0.655, 1.53837],
							"size": [0.327, 0.12038, 0.12501],
							"pivot": [0, 1.26519, -0.0375],
							"rotation": [0, 0, -30],
							"uv": {
								"south": {"uv": [45, 16], "uv_size": [0.5, 0.5]},
								"up": {"uv": [17, 45], "uv_size": [0.5, 0.5]},
								"down": {"uv": [45, 17.5], "uv_size": [0.5, -0.5]}
							}
						},
						{
							"origin": [-0.1635, 0.655, 1.53837],
							"size": [0.327, 0.12038, 0.12501],
							"uv": {
								"south": {"uv": [18, 45], "uv_size": [0.5, 0.5]},
								"up": {"uv": [45, 18], "uv_size": [0.5, 0.5]},
								"down": {"uv": [19, 45.5], "uv_size": [0.5, -0.5]}
							}
						},
						{
							"origin": [-0.1635, 1.755, 1.53837],
							"size": [0.327, 0.12038, 0.12501],
							"pivot": [0, 1.26519, -0.0375],
							"rotation": [0, 0, -150],
							"uv": {
								"south": {"uv": [45, 19], "uv_size": [0.5, 0.5]},
								"up": {"uv": [20, 45], "uv_size": [0.5, 0.5]},
								"down": {"uv": [45, 20.5], "uv_size": [0.5, -0.5]}
							}
						},
						{
							"origin": [-0.1635, 1.755, 1.53837],
							"size": [0.327, 0.12038, 0.12501],
							"pivot": [0, 1.26519, -0.0375],
							"rotation": [0, 0, -120],
							"uv": {
								"south": {"uv": [21, 45], "uv_size": [0.5, 0.5]},
								"up": {"uv": [45, 21], "uv_size": [0.5, 0.5]},
								"down": {"uv": [22, 45.5], "uv_size": [0.5, -0.5]}
							}
						},
						{
							"origin": [-0.1635, 1.755, 1.53837],
							"size": [0.327, 0.12038, 0.12501],
							"pivot": [0, 1.26519, -0.0375],
							"rotation": [0, 0, -90],
							"uv": {
								"south": {"uv": [45, 22], "uv_size": [0.5, 0.5]},
								"up": {"uv": [23, 45], "uv_size": [0.5, 0.5]},
								"down": {"uv": [45, 23.5], "uv_size": [0.5, -0.5]}
							}
						},
						{
							"origin": [-0.1635, 1.755, 1.53837],
							"size": [0.327, 0.12038, 0.12501],
							"pivot": [0, 1.26519, -0.0375],
							"rotation": [0, 0, -60],
							"uv": {
								"south": {"uv": [24, 45], "uv_size": [0.5, 0.5]},
								"up": {"uv": [45, 24], "uv_size": [0.5, 0.5]},
								"down": {"uv": [25, 45.5], "uv_size": [0.5, -0.5]}
							}
						},
						{
							"origin": [-0.1635, 1.755, 1.53837],
							"size": [0.327, 0.12038, 0.12501],
							"pivot": [0, 1.26519, -0.0375],
							"rotation": [0, 0, -30],
							"uv": {
								"south": {"uv": [45, 25], "uv_size": [0.5, 0.5]},
								"up": {"uv": [26, 45], "uv_size": [0.5, 0.5]},
								"down": {"uv": [45, 26.5], "uv_size": [0.5, -0.5]}
							}
						}
					]
				},
				{
					"name": "scope_body",
					"pivot": [0.00042, 1.27327, -1.4221],
					"cubes": [
						{
							"origin": [-0.625, -0.075, -2.3],
							"size": [1.25, 0.45, 0.45],
							"uv": {
								"north": {"uv": [39, 25], "uv_size": [1.5, 0.5]},
								"east": {"uv": [6, 43], "uv_size": [0.5, 0.5]},
								"south": {"uv": [39, 30], "uv_size": [1.5, 0.5]},
								"west": {"uv": [43, 6], "uv_size": [0.5, 0.5]},
								"up": {"uv": [39, 31], "uv_size": [1.5, 0.5]},
								"down": {"uv": [39, 32.5], "uv_size": [1.5, -0.5]}
							}
						},
						{
							"origin": [-0.5625, -0.125, -2.4],
							"size": [1.125, 0.25514, 3.1],
							"uv": {
								"north": {"uv": [42, 2], "uv_size": [1, 0.5]},
								"east": {"uv": [38, 26], "uv_size": [3, 0.5]},
								"south": {"uv": [3, 42], "uv_size": [1, 0.5]},
								"west": {"uv": [38, 27], "uv_size": [3, 0.5]},
								"down": {"uv": [36, 24], "uv_size": [1, -3]}
							}
						},
						{
							"origin": [-0.45, 0.1, -2.4],
							"size": [0.9, 0.225, 3.1],
							"uv": {
								"north": {"uv": [42, 3], "uv_size": [1, 0.5]},
								"south": {"uv": [4, 42], "uv_size": [1, 0.5]},
								"up": {"uv": [23, 36], "uv_size": [1, 3]},
								"down": {"uv": [24, 39], "uv_size": [1, -3]}
							}
						},
						{
							"origin": [-0.35, 0.325, -2.4],
							"size": [0.7, 0.075, 3.075],
							"uv": {
								"north": {"uv": [7, 43], "uv_size": [0.5, 0.5]},
								"east": {"uv": [38, 28], "uv_size": [3, 0.5]},
								"south": {"uv": [43, 7], "uv_size": [0.5, 0.5]},
								"west": {"uv": [38, 29], "uv_size": [3, 0.5]},
								"up": {"uv": [38, 30], "uv_size": [0.5, 3]}
							}
						},
						{
							"origin": [-0.1635, 0.655, -4.11337],
							"size": [0.327, 0.12038, 5.65175],
							"uv": {
								"north": {"uv": [8, 43], "uv_size": [0.5, 0.5]},
								"up": {"uv": [36, 24], "uv_size": [0.5, 4.5]},
								"down": {"uv": [25, 40.5], "uv_size": [0.5, -4.5]}
							}
						},
						{
							"origin": [-0.1635, 1.755, -4.11337],
							"size": [0.327, 0.12038, 5.65175],
							"uv": {
								"north": {"uv": [43, 8], "uv_size": [0.5, 0.5]},
								"up": {"uv": [26, 36], "uv_size": [0.5, 4.5]},
								"down": {"uv": [27, 40.5], "uv_size": [0.5, -4.5]}
							}
						},
						{
							"origin": [-0.1635, 1.755, -4.11337],
							"size": [0.327, 0.12038, 5.65175],
							"pivot": [0, 1.26519, -0.1375],
							"rotation": [0, 0, -30],
							"uv": {
								"north": {"uv": [9, 43], "uv_size": [0.5, 0.5]},
								"up": {"uv": [28, 36], "uv_size": [0.5, 4.5]},
								"down": {"uv": [29, 40.5], "uv_size": [0.5, -4.5]}
							}
						},
						{
							"origin": [-0.1635, 0.655, -4.11337],
							"size": [0.327, 0.12038, 5.65175],
							"pivot": [0, 1.26519, -0.1375],
							"rotation": [0, 0, -30],
							"uv": {
								"north": {"uv": [43, 9], "uv_size": [0.5, 0.5]},
								"up": {"uv": [36, 29], "uv_size": [0.5, 4.5]},
								"down": {"uv": [30, 40.5], "uv_size": [0.5, -4.5]}
							}
						},
						{
							"origin": [-0.1635, 1.755, -4.11337],
							"size": [0.327, 0.12038, 5.65175],
							"pivot": [0, 1.26519, -0.1375],
							"rotation": [0, 0, -60],
							"uv": {
								"north": {"uv": [10, 43], "uv_size": [0.5, 0.5]},
								"up": {"uv": [31, 36], "uv_size": [0.5, 4.5]},
								"down": {"uv": [32, 40.5], "uv_size": [0.5, -4.5]}
							}
						},
						{
							"origin": [-0.3885, 1.83, -2.31337],
							"size": [0.527, 0.19538, 0.10175],
							"pivot": [0, 1.41519, -1.8375],
							"rotation": [0, 0, -45],
							"uv": {
								"north": {"uv": [43, 10], "uv_size": [0.5, 0.5]},
								"south": {"uv": [11, 43], "uv_size": [0.5, 0.5]},
								"up": {"uv": [43, 11], "uv_size": [0.5, 0.5]}
							}
						},
						{
							"origin": [-0.2385, 1.83, -2.46337],
							"size": [0.252, 0.19538, 0.15],
							"pivot": [0, 1.41519, -1.9375],
							"rotation": [0, 0, -45],
							"uv": {
								"north": {"uv": [12, 43], "uv_size": [0.5, 0.5]},
								"west": {"uv": [43, 12], "uv_size": [0.5, 0.5]},
								"up": {"uv": [13, 43], "uv_size": [0.5, 0.5]}
							}
						},
						{
							"origin": [-0.06031, 2.00819, -2.46337],
							"size": [0.125, 0.12038, 0.14999],
							"pivot": [0.17819, 1.59338, -1.9375],
							"rotation": [0, 0, -45],
							"uv": {
								"north": {"uv": [43, 13], "uv_size": [0.5, 0.5]},
								"up": {"uv": [14, 43], "uv_size": [0.5, 0.5]}
							}
						},
						{
							"origin": [-0.29538, 1.80644, -2.46337],
							"size": [0.59076, 0.12038, 0.14999],
							"uv": {
								"north": {"uv": [43, 14], "uv_size": [0.5, 0.5]},
								"east": {"uv": [15, 43], "uv_size": [0.5, 0.5]},
								"west": {"uv": [43, 15], "uv_size": [0.5, 0.5]},
								"up": {"uv": [16, 43], "uv_size": [0.5, 0.5]}
							}
						},
						{
							"origin": [-0.06469, 2.00819, -2.46337],
							"size": [0.125, 0.12038, 0.14999],
							"pivot": [-0.17819, 1.59338, -1.9375],
							"rotation": [0, 0, 45],
							"uv": {
								"north": {"uv": [43, 16], "uv_size": [0.5, 0.5]},
								"up": {"uv": [17, 43], "uv_size": [0.5, 0.5]}
							}
						},
						{
							"origin": [-0.31306, 0.62902, -2.46338],
							"size": [0.62612, 0.12038, 0.15],
							"uv": {
								"north": {"uv": [43, 17], "uv_size": [0.5, 0.5]},
								"east": {"uv": [18, 43], "uv_size": [0.5, 0.5]},
								"west": {"uv": [43, 18], "uv_size": [0.5, 0.5]},
								"down": {"uv": [19, 43.5], "uv_size": [0.5, -0.5]}
							}
						},
						{
							"origin": [-0.07799, 0.42727, -2.46338],
							"size": [0.125, 0.12038, 0.15],
							"pivot": [0.16051, 0.96246, -1.9375],
							"rotation": [0, 0, 45],
							"uv": {
								"north": {"uv": [43, 19], "uv_size": [0.5, 0.5]},
								"down": {"uv": [20, 43.5], "uv_size": [0.5, -0.5]}
							}
						},
						{
							"origin": [-0.04701, 0.42727, -2.46338],
							"size": [0.125, 0.12038, 0.15],
							"pivot": [-0.16051, 0.96246, -1.9375],
							"rotation": [0, 0, -45],
							"uv": {
								"north": {"uv": [43, 20], "uv_size": [0.5, 0.5]},
								"down": {"uv": [21, 43.5], "uv_size": [0.5, -0.5]}
							}
						},
						{
							"origin": [-0.2385, 0.54814, -2.46338],
							"size": [0.252, 0.17038, 0.15],
							"pivot": [0, 1.15833, -1.9375],
							"rotation": [0, 0, 45],
							"uv": {
								"north": {"uv": [43, 21], "uv_size": [0.5, 0.5]},
								"west": {"uv": [22, 43], "uv_size": [0.5, 0.5]},
								"down": {"uv": [43, 22.5], "uv_size": [0.5, -0.5]}
							}
						},
						{
							"origin": [-0.60011, 0.8955, -2.46338],
							"size": [0.102, 0.78252, 0.15001],
							"uv": {
								"north": {"uv": [42, 4], "uv_size": [0.5, 1]},
								"east": {"uv": [42, 5], "uv_size": [0.5, 1]}
							}
						},
						{
							"origin": [-0.68095, 1.54718, -2.21163],
							"size": [0.18284, 0.10584, 0.27326],
							"uv": {
								"north": {"uv": [23, 43], "uv_size": [0.5, 0.5]},
								"east": {"uv": [43, 23], "uv_size": [0.5, 0.5]},
								"south": {"uv": [24, 43], "uv_size": [0.5, 0.5]},
								"up": {"uv": [43, 24], "uv_size": [0.5, 0.5]}
							}
						},
						{
							"origin": [-0.3885, 1.83, -0.61337],
							"size": [0.527, 0.19538, 0.10175],
							"pivot": [0, 1.41519, -0.1375],
							"rotation": [0, 0, -45],
							"uv": {
								"north": {"uv": [25, 43], "uv_size": [0.5, 0.5]},
								"south": {"uv": [43, 25], "uv_size": [0.5, 0.5]},
								"up": {"uv": [26, 43], "uv_size": [0.5, 0.5]}
							}
						},
						{
							"origin": [-0.1385, 1.83, -2.21163],
							"size": [0.277, 0.19538, 1.59826],
							"pivot": [0, 1.41519, -0.23925],
							"rotation": [0, 0, -45],
							"uv": {
								"up": {"uv": [36, 39], "uv_size": [0.5, 1.5]}
							}
						},
						{
							"origin": [-0.33354, 1.77422, -2.31337],
							"size": [0.66708, 0.17038, 1.80175],
							"uv": {
								"north": {"uv": [43, 26], "uv_size": [0.5, 0.5]},
								"south": {"uv": [27, 43], "uv_size": [0.5, 0.5]},
								"up": {"uv": [23, 39], "uv_size": [0.5, 2]}
							}
						},
						{
							"origin": [-0.28354, 1.9446, -2.21337],
							"size": [0.56708, 0.04538, 1.57675],
							"uv": {
								"north": {"uv": [43, 27], "uv_size": [0.5, 0.5]},
								"east": {"uv": [38, 39], "uv_size": [1.5, 0.5]},
								"south": {"uv": [28, 43], "uv_size": [0.5, 0.5]},
								"west": {"uv": [0, 40], "uv_size": [1.5, 0.5]},
								"up": {"uv": [2, 40], "uv_size": [0.5, 1.5]}
							}
						},
						{
							"origin": [-0.14146, 1.9696, -1.06337],
							"size": [0.3, 0.07038, 0.3],
							"pivot": [0.00854, 2.01729, -0.91337],
							"rotation": [0, -45, 0],
							"uv": {
								"north": {"uv": [43, 28], "uv_size": [0.5, 0.5]},
								"east": {"uv": [29, 43], "uv_size": [0.5, 0.5]},
								"south": {"uv": [43, 29], "uv_size": [0.5, 0.5]},
								"west": {"uv": [30, 43], "uv_size": [0.5, 0.5]},
								"up": {"uv": [43, 30], "uv_size": [0.5, 0.5]}
							}
						},
						{
							"origin": [-0.21646, 1.9696, -2.13837],
							"size": [0.2, 0.07038, 0.2],
							"pivot": [-0.16646, 2.01729, -1.98837],
							"rotation": [0, -45, 0],
							"uv": {
								"north": {"uv": [31, 43], "uv_size": [0.5, 0.5]},
								"east": {"uv": [43, 31], "uv_size": [0.5, 0.5]},
								"south": {"uv": [32, 43], "uv_size": [0.5, 0.5]},
								"west": {"uv": [43, 32], "uv_size": [0.5, 0.5]},
								"up": {"uv": [33, 43], "uv_size": [0.5, 0.5]}
							}
						},
						{
							"origin": [0.00854, 1.9696, -1.78837],
							"size": [0.2, 0.07038, 0.2],
							"pivot": [0.05854, 2.01729, -1.63837],
							"rotation": [0, -45, 0],
							"uv": {
								"north": {"uv": [43, 33], "uv_size": [0.5, 0.5]},
								"east": {"uv": [34, 43], "uv_size": [0.5, 0.5]},
								"south": {"uv": [43, 34], "uv_size": [0.5, 0.5]},
								"west": {"uv": [35, 43], "uv_size": [0.5, 0.5]},
								"up": {"uv": [43, 35], "uv_size": [0.5, 0.5]}
							}
						},
						{
							"origin": [-0.33354, 0.62893, -2.31337],
							"size": [0.66708, 0.14538, 1.80175],
							"uv": {
								"north": {"uv": [36, 43], "uv_size": [0.5, 0.5]},
								"down": {"uv": [24, 41], "uv_size": [0.5, -2]}
							}
						},
						{
							"origin": [-0.5294, 1.55335, -2.21163],
							"size": [0.127, 0.19538, 1.59826],
							"uv": {
								"north": {"uv": [43, 36], "uv_size": [0.5, 0.5]},
								"east": {"uv": [3, 40], "uv_size": [1.5, 0.5]},
								"south": {"uv": [37, 43], "uv_size": [0.5, 0.5]},
								"west": {"uv": [5, 40], "uv_size": [1.5, 0.5]},
								"up": {"uv": [7, 40], "uv_size": [0.5, 1.5]},
								"down": {"uv": [8, 41.5], "uv_size": [0.5, -1.5]}
							}
						},
						{
							"origin": [-0.5294, 0.82479, -2.21162],
							"size": [0.127, 0.14894, 1.59825],
							"uv": {
								"east": {"uv": [9, 40], "uv_size": [1.5, 0.5]}
							}
						},
						{
							"origin": [-0.63118, 0.92657, -2.21163],
							"size": [0.127, 0.67038, 1.59826],
							"uv": {
								"up": {"uv": [11, 40], "uv_size": [0.5, 1.5]},
								"down": {"uv": [12, 41.5], "uv_size": [0.5, -1.5]}
							}
						},
						{
							"origin": [-0.75421, 1.52493, -2.21163],
							"size": [0.127, 0.07038, 1.59826],
							"pivot": [-0.69071, 1.44762, -1.4125],
							"rotation": [0, 0, 45],
							"uv": {
								"east": {"uv": [13, 40], "uv_size": [1.5, 0.5]}
							}
						},
						{
							"origin": [-0.75421, 0.92821, -2.21163],
							"size": [0.127, 0.07038, 1.59826],
							"pivot": [-0.69071, 1.0759, -1.4125],
							"rotation": [0, 0, -45],
							"uv": {
								"east": {"uv": [15, 40], "uv_size": [1.5, 0.5]}
							}
						},
						{
							"origin": [-0.68095, 0.97634, -2.21163],
							"size": [0.04977, 0.57084, 1.59826],
							"uv": {
								"east": {"uv": [38, 40], "uv_size": [1.5, 0.5]}
							}
						},
						{
							"origin": [-1.11328, 0.84835, -0.61337],
							"size": [0.452, 0.17039, 0.10175],
							"pivot": [-0.72478, 0.43354, -0.1375],
							"rotation": [0, 0, 45],
							"uv": {
								"north": {"uv": [43, 37], "uv_size": [0.5, 0.5]},
								"south": {"uv": [38, 43], "uv_size": [0.5, 0.5]},
								"down": {"uv": [43, 38.5], "uv_size": [0.5, -0.5]}
							}
						},
						{
							"origin": [-0.86328, 0.84835, -2.21163],
							"size": [0.277, 0.17039, 1.59826],
							"pivot": [-0.72478, 0.43354, -0.3125],
							"rotation": [0, 0, 45],
							"uv": {
								"down": {"uv": [17, 41.5], "uv_size": [0.5, -1.5]}
							}
						},
						{
							"origin": [-1.11328, 0.84835, -2.31337],
							"size": [0.527, 0.17039, 0.10175],
							"pivot": [-0.72478, 0.43354, -1.8375],
							"rotation": [0, 0, 45],
							"uv": {
								"north": {"uv": [39, 43], "uv_size": [0.5, 0.5]},
								"south": {"uv": [43, 39], "uv_size": [0.5, 0.5]},
								"down": {"uv": [40, 43.5], "uv_size": [0.5, -0.5]}
							}
						},
						{
							"origin": [-0.70618, 1.00157, -0.61337],
							"size": [0.152, 0.57038, 0.10175],
							"uv": {
								"north": {"uv": [43, 40], "uv_size": [0.5, 0.5]},
								"east": {"uv": [41, 43], "uv_size": [0.5, 0.5]},
								"south": {"uv": [43, 41], "uv_size": [0.5, 0.5]}
							}
						},
						{
							"origin": [-0.70618, 1.00157, -2.31337],
							"size": [0.152, 0.57038, 0.10175],
							"uv": {
								"north": {"uv": [42, 43], "uv_size": [0.5, 0.5]},
								"east": {"uv": [43, 42], "uv_size": [0.5, 0.5]},
								"south": {"uv": [43, 43], "uv_size": [0.5, 0.5]}
							}
						},
						{
							"origin": [-0.1385, 1.83, -0.61337],
							"size": [0.527, 0.19538, 0.10175],
							"pivot": [0, 1.41519, -0.1375],
							"rotation": [0, 0, 45],
							"uv": {
								"north": {"uv": [0, 44], "uv_size": [0.5, 0.5]},
								"south": {"uv": [44, 0], "uv_size": [0.5, 0.5]},
								"up": {"uv": [1, 44], "uv_size": [0.5, 0.5]}
							}
						},
						{
							"origin": [-0.1385, 1.83, -2.21163],
							"size": [0.277, 0.19538, 1.59826],
							"pivot": [0, 1.41519, -0.23925],
							"rotation": [0, 0, 45],
							"uv": {
								"up": {"uv": [40, 39], "uv_size": [0.5, 1.5]}
							}
						},
						{
							"origin": [0.4024, 1.55335, -2.21163],
							"size": [0.127, 0.19538, 1.59826],
							"uv": {
								"north": {"uv": [44, 1], "uv_size": [0.5, 0.5]},
								"east": {"uv": [0, 41], "uv_size": [1.5, 0.5]},
								"south": {"uv": [2, 44], "uv_size": [0.5, 0.5]},
								"west": {"uv": [3, 41], "uv_size": [1.5, 0.5]},
								"up": {"uv": [5, 41], "uv_size": [0.5, 1.5]},
								"down": {"uv": [6, 42.5], "uv_size": [0.5, -1.5]}
							}
						},
						{
							"origin": [-0.1385, 1.83, -2.31337],
							"size": [0.527, 0.19538, 0.10175],
							"pivot": [0, 1.41519, -1.8375],
							"rotation": [0, 0, 45],
							"uv": {
								"north": {"uv": [44, 2], "uv_size": [0.5, 0.5]},
								"south": {"uv": [3, 44], "uv_size": [0.5, 0.5]},
								"up": {"uv": [44, 3], "uv_size": [0.5, 0.5]}
							}
						},
						{
							"origin": [-0.0135, 1.83, -2.46337],
							"size": [0.252, 0.19538, 0.15],
							"pivot": [0, 1.41519, -1.9375],
							"rotation": [0, 0, 45],
							"uv": {
								"north": {"uv": [4, 44], "uv_size": [0.5, 0.5]},
								"east": {"uv": [44, 4], "uv_size": [0.5, 0.5]},
								"up": {"uv": [5, 44], "uv_size": [0.5, 0.5]}
							}
						},
						{
							"origin": [0.49811, 0.8955, -2.46338],
							"size": [0.102, 0.78252, 0.15001],
							"uv": {
								"north": {"uv": [42, 6], "uv_size": [0.5, 1]},
								"west": {"uv": [7, 42], "uv_size": [0.5, 1]}
							}
						},
						{
							"origin": [0.49811, 1.54718, -2.21163],
							"size": [0.18284, 0.10584, 0.27326],
							"uv": {
								"north": {"uv": [44, 5], "uv_size": [0.5, 0.5]},
								"south": {"uv": [6, 44], "uv_size": [0.5, 0.5]},
								"west": {"uv": [44, 6], "uv_size": [0.5, 0.5]},
								"up": {"uv": [7, 44], "uv_size": [0.5, 0.5]}
							}
						},
						{
							"origin": [0.62721, 1.52493, -2.21163],
							"size": [0.127, 0.07038, 1.59826],
							"pivot": [0.69071, 1.44762, -1.4125],
							"rotation": [0, 0, -45],
							"uv": {
								"west": {"uv": [9, 41], "uv_size": [1.5, 0.5]}
							}
						},
						{
							"origin": [0.55418, 1.00157, -0.61337],
							"size": [0.152, 0.57038, 0.10175],
							"uv": {
								"north": {"uv": [44, 7], "uv_size": [0.5, 0.5]},
								"south": {"uv": [8, 44], "uv_size": [0.5, 0.5]},
								"west": {"uv": [44, 8], "uv_size": [0.5, 0.5]}
							}
						},
						{
							"origin": [0.66128, 0.84835, -0.61337],
							"size": [0.452, 0.17039, 0.10175],
							"pivot": [0.72478, 0.43354, -0.1375],
							"rotation": [0, 0, -45],
							"uv": {
								"north": {"uv": [9, 44], "uv_size": [0.5, 0.5]},
								"south": {"uv": [44, 9], "uv_size": [0.5, 0.5]},
								"down": {"uv": [10, 44.5], "uv_size": [0.5, -0.5]}
							}
						},
						{
							"origin": [0.62721, 0.92821, -2.21163],
							"size": [0.127, 0.07038, 1.59826],
							"pivot": [0.69071, 1.0759, -1.4125],
							"rotation": [0, 0, 45],
							"uv": {
								"west": {"uv": [13, 41], "uv_size": [1.5, 0.5]}
							}
						},
						{
							"origin": [0.63118, 0.97634, -2.21163],
							"size": [0.04977, 0.57084, 1.59826],
							"uv": {
								"west": {"uv": [15, 41], "uv_size": [1.5, 0.5]}
							}
						},
						{
							"origin": [0.50418, 0.92657, -2.21163],
							"size": [0.127, 0.67038, 1.59826],
							"uv": {
								"up": {"uv": [41, 15], "uv_size": [0.5, 1.5]},
								"down": {"uv": [41, 18.5], "uv_size": [0.5, -1.5]}
							}
						},
						{
							"origin": [0.4024, 0.82479, -2.21162],
							"size": [0.127, 0.14894, 1.59825],
							"uv": {
								"west": {"uv": [41, 19], "uv_size": [1.5, 0.5]}
							}
						},
						{
							"origin": [0.58628, 0.84835, -2.21163],
							"size": [0.277, 0.17039, 1.59826],
							"pivot": [0.72478, 0.43354, -0.3125],
							"rotation": [0, 0, -45],
							"uv": {
								"down": {"uv": [23, 42.5], "uv_size": [0.5, -1.5]}
							}
						},
						{
							"origin": [0.58628, 0.84835, -2.31337],
							"size": [0.527, 0.17039, 0.10175],
							"pivot": [0.72478, 0.43354, -1.8375],
							"rotation": [0, 0, -45],
							"uv": {
								"north": {"uv": [44, 10], "uv_size": [0.5, 0.5]},
								"south": {"uv": [11, 44], "uv_size": [0.5, 0.5]},
								"down": {"uv": [44, 11.5], "uv_size": [0.5, -0.5]}
							}
						},
						{
							"origin": [-0.0135, 0.54814, -2.46338],
							"size": [0.252, 0.17038, 0.15],
							"pivot": [0, 1.15833, -1.9375],
							"rotation": [0, 0, -45],
							"uv": {
								"north": {"uv": [12, 44], "uv_size": [0.5, 0.5]},
								"east": {"uv": [44, 12], "uv_size": [0.5, 0.5]},
								"down": {"uv": [13, 44.5], "uv_size": [0.5, -0.5]}
							}
						},
						{
							"origin": [0.55418, 1.00157, -2.31337],
							"size": [0.152, 0.57038, 0.10175],
							"uv": {
								"north": {"uv": [44, 13], "uv_size": [0.5, 0.5]},
								"south": {"uv": [14, 44], "uv_size": [0.5, 0.5]},
								"west": {"uv": [44, 14], "uv_size": [0.5, 0.5]}
							}
						},
						{
							"origin": [-0.1635, 0.655, -4.11337],
							"size": [0.327, 0.12038, 5.65175],
							"pivot": [0, 1.26519, -0.1375],
							"rotation": [0, 0, -60],
							"uv": {
								"north": {"uv": [15, 44], "uv_size": [0.5, 0.5]},
								"up": {"uv": [33, 36], "uv_size": [0.5, 4.5]},
								"down": {"uv": [34, 40.5], "uv_size": [0.5, -4.5]}
							}
						},
						{
							"origin": [-0.1635, 1.755, -4.11337],
							"size": [0.327, 0.12038, 5.65175],
							"pivot": [0, 1.26519, -0.1375],
							"rotation": [0, 0, -90],
							"uv": {
								"north": {"uv": [44, 15], "uv_size": [0.5, 0.5]},
								"up": {"uv": [36, 34], "uv_size": [0.5, 4.5]},
								"down": {"uv": [35, 40.5], "uv_size": [0.5, -4.5]}
							}
						},
						{
							"origin": [-0.1635, 0.655, -4.11337],
							"size": [0.327, 0.12038, 5.65175],
							"pivot": [0, 1.26519, -0.1375],
							"rotation": [0, 0, -90],
							"uv": {
								"north": {"uv": [16, 44], "uv_size": [0.5, 0.5]},
								"up": {"uv": [37, 21], "uv_size": [0.5, 4.5]},
								"down": {"uv": [37, 30.5], "uv_size": [0.5, -4.5]}
							}
						},
						{
							"origin": [-0.1635, 1.755, -4.11337],
							"size": [0.327, 0.12038, 5.65175],
							"pivot": [0, 1.26519, -0.1375],
							"rotation": [0, 0, -120],
							"uv": {
								"north": {"uv": [44, 16], "uv_size": [0.5, 0.5]},
								"up": {"uv": [37, 31], "uv_size": [0.5, 4.5]},
								"down": {"uv": [37, 40.5], "uv_size": [0.5, -4.5]}
							}
						},
						{
							"origin": [-0.1635, 0.655, -4.11337],
							"size": [0.327, 0.12038, 5.65175],
							"pivot": [0, 1.26519, -0.1375],
							"rotation": [0, 0, -120],
							"uv": {
								"north": {"uv": [17, 44], "uv_size": [0.5, 0.5]},
								"up": {"uv": [18, 38], "uv_size": [0.5, 4.5]},
								"down": {"uv": [19, 42.5], "uv_size": [0.5, -4.5]}
							}
						},
						{
							"origin": [-0.1635, 1.755, -4.11337],
							"size": [0.327, 0.12038, 5.65175],
							"pivot": [0, 1.26519, -0.1375],
							"rotation": [0, 0, -150],
							"uv": {
								"north": {"uv": [44, 17], "uv_size": [0.5, 0.5]},
								"up": {"uv": [20, 38], "uv_size": [0.5, 4.5]},
								"down": {"uv": [21, 42.5], "uv_size": [0.5, -4.5]}
							}
						},
						{
							"origin": [-0.1635, 0.655, -4.11337],
							"size": [0.327, 0.12038, 5.65175],
							"pivot": [0, 1.26519, -0.1375],
							"rotation": [0, 0, -150],
							"uv": {
								"north": {"uv": [18, 44], "uv_size": [0.5, 0.5]},
								"up": {"uv": [38, 21], "uv_size": [0.5, 4.5]},
								"down": {"uv": [22, 42.5], "uv_size": [0.5, -4.5]}
							}
						},
						{
							"origin": [-0.1962, 1.85296, -0.48855],
							"size": [0.3924, 0.14446, 1.2021],
							"pivot": [0, 1.26519, -0.5875],
							"rotation": [0, 0, -60],
							"uv": {
								"north": {"uv": [44, 18], "uv_size": [0.5, 0.5]},
								"south": {"uv": [19, 44], "uv_size": [0.5, 0.5]},
								"up": {"uv": [42, 7], "uv_size": [0.5, 1]},
								"down": {"uv": [8, 43], "uv_size": [0.5, -1]}
							}
						},
						{
							"origin": [-0.1962, 1.85296, -0.48855],
							"size": [0.3924, 0.14446, 1.2021],
							"uv": {
								"north": {"uv": [44, 19], "uv_size": [0.5, 0.5]},
								"south": {"uv": [20, 44], "uv_size": [0.5, 0.5]},
								"up": {"uv": [42, 8], "uv_size": [0.5, 1]},
								"down": {"uv": [9, 43], "uv_size": [0.5, -1]}
							}
						},
						{
							"origin": [-0.1962, 1.85296, -0.48855],
							"size": [0.3924, 0.14446, 1.2021],
							"pivot": [0, 1.26519, -0.5875],
							"rotation": [0, 0, -30],
							"uv": {
								"north": {"uv": [44, 20], "uv_size": [0.5, 0.5]},
								"south": {"uv": [21, 44], "uv_size": [0.5, 0.5]},
								"up": {"uv": [42, 9], "uv_size": [0.5, 1]},
								"down": {"uv": [10, 43], "uv_size": [0.5, -1]}
							}
						},
						{
							"origin": [-0.1962, 0.53296, -0.48855],
							"size": [0.3924, 0.14446, 1.2021],
							"pivot": [0, 1.26519, -0.5875],
							"rotation": [0, 0, -150],
							"uv": {
								"north": {"uv": [44, 21], "uv_size": [0.5, 0.5]},
								"south": {"uv": [22, 44], "uv_size": [0.5, 0.5]},
								"up": {"uv": [42, 10], "uv_size": [0.5, 1]},
								"down": {"uv": [11, 43], "uv_size": [0.5, -1]}
							}
						},
						{
							"origin": [-0.1962, 0.53296, -0.48855],
							"size": [0.3924, 0.14446, 1.2021],
							"pivot": [0, 1.26519, -0.5875],
							"rotation": [0, 0, -120],
							"uv": {
								"north": {"uv": [44, 22], "uv_size": [0.5, 0.5]},
								"south": {"uv": [23, 44], "uv_size": [0.5, 0.5]},
								"up": {"uv": [42, 11], "uv_size": [0.5, 1]},
								"down": {"uv": [12, 43], "uv_size": [0.5, -1]}
							}
						},
						{
							"origin": [-0.1962, 0.53296, -0.48855],
							"size": [0.3924, 0.14446, 1.2021],
							"pivot": [0, 1.26519, -0.5875],
							"rotation": [0, 0, -90],
							"uv": {
								"north": {"uv": [44, 23], "uv_size": [0.5, 0.5]},
								"south": {"uv": [24, 44], "uv_size": [0.5, 0.5]},
								"up": {"uv": [42, 12], "uv_size": [0.5, 1]},
								"down": {"uv": [13, 43], "uv_size": [0.5, -1]}
							}
						},
						{
							"origin": [-0.1962, 0.53296, -0.48855],
							"size": [0.3924, 0.14446, 1.2021],
							"pivot": [0, 1.26519, -0.5875],
							"rotation": [0, 0, -60],
							"uv": {
								"north": {"uv": [44, 24], "uv_size": [0.5, 0.5]},
								"south": {"uv": [25, 44], "uv_size": [0.5, 0.5]},
								"up": {"uv": [42, 13], "uv_size": [0.5, 1]},
								"down": {"uv": [14, 43], "uv_size": [0.5, -1]}
							}
						},
						{
							"origin": [-0.1962, 0.53296, -0.48855],
							"size": [0.3924, 0.14446, 1.2021],
							"pivot": [0, 1.26519, -0.5875],
							"rotation": [0, 0, -30],
							"uv": {
								"north": {"uv": [44, 25], "uv_size": [0.5, 0.5]},
								"south": {"uv": [26, 44], "uv_size": [0.5, 0.5]},
								"up": {"uv": [42, 14], "uv_size": [0.5, 1]},
								"down": {"uv": [15, 43], "uv_size": [0.5, -1]}
							}
						},
						{
							"origin": [-0.1962, 0.53296, -0.48855],
							"size": [0.3924, 0.14446, 1.2021],
							"uv": {
								"north": {"uv": [44, 26], "uv_size": [0.5, 0.5]},
								"south": {"uv": [27, 44], "uv_size": [0.5, 0.5]},
								"up": {"uv": [42, 15], "uv_size": [0.5, 1]},
								"down": {"uv": [16, 43], "uv_size": [0.5, -1]}
							}
						},
						{
							"origin": [-0.1962, 1.85296, -0.48855],
							"size": [0.3924, 0.14446, 1.2021],
							"pivot": [0, 1.26519, -0.5875],
							"rotation": [0, 0, -150],
							"uv": {
								"north": {"uv": [44, 27], "uv_size": [0.5, 0.5]},
								"south": {"uv": [28, 44], "uv_size": [0.5, 0.5]},
								"up": {"uv": [42, 16], "uv_size": [0.5, 1]},
								"down": {"uv": [17, 43], "uv_size": [0.5, -1]}
							}
						},
						{
							"origin": [-0.1962, 1.85296, -0.48855],
							"size": [0.3924, 0.14446, 1.2021],
							"pivot": [0, 1.26519, -0.5875],
							"rotation": [0, 0, -120],
							"uv": {
								"north": {"uv": [44, 28], "uv_size": [0.5, 0.5]},
								"south": {"uv": [29, 44], "uv_size": [0.5, 0.5]},
								"up": {"uv": [42, 17], "uv_size": [0.5, 1]},
								"down": {"uv": [42, 19], "uv_size": [0.5, -1]}
							}
						},
						{
							"origin": [-0.1962, 1.85296, -0.48855],
							"size": [0.3924, 0.14446, 1.2021],
							"pivot": [0, 1.26519, -0.5875],
							"rotation": [0, 0, -90],
							"uv": {
								"north": {"uv": [44, 29], "uv_size": [0.5, 0.5]},
								"south": {"uv": [30, 44], "uv_size": [0.5, 0.5]},
								"up": {"uv": [42, 21], "uv_size": [0.5, 1]},
								"down": {"uv": [42, 23], "uv_size": [0.5, -1]}
							}
						},
						{
							"origin": [-0.1962, 1.85296, -4.11355],
							"size": [0.3924, 0.14446, 1.4521],
							"pivot": [0, 1.26519, -3.9625],
							"rotation": [0, 0, -60],
							"uv": {
								"north": {"uv": [44, 30], "uv_size": [0.5, 0.5]},
								"south": {"uv": [31, 44], "uv_size": [0.5, 0.5]},
								"up": {"uv": [24, 41], "uv_size": [0.5, 1.5]},
								"down": {"uv": [25, 42.5], "uv_size": [0.5, -1.5]}
							}
						},
						{
							"origin": [-0.1962, 1.85296, -4.11355],
							"size": [0.3924, 0.14446, 1.4521],
							"uv": {
								"north": {"uv": [44, 31], "uv_size": [0.5, 0.5]},
								"south": {"uv": [32, 44], "uv_size": [0.5, 0.5]},
								"up": {"uv": [41, 25], "uv_size": [0.5, 1.5]},
								"down": {"uv": [26, 42.5], "uv_size": [0.5, -1.5]}
							}
						},
						{
							"origin": [-0.1962, 1.85296, -4.11355],
							"size": [0.3924, 0.14446, 1.4521],
							"pivot": [0, 1.26519, -3.9625],
							"rotation": [0, 0, -30],
							"uv": {
								"north": {"uv": [44, 32], "uv_size": [0.5, 0.5]},
								"south": {"uv": [33, 44], "uv_size": [0.5, 0.5]},
								"up": {"uv": [27, 41], "uv_size": [0.5, 1.5]},
								"down": {"uv": [41, 28.5], "uv_size": [0.5, -1.5]}
							}
						},
						{
							"origin": [-0.1962, 0.53296, -4.11355],
							"size": [0.3924, 0.14446, 1.4521],
							"pivot": [0, 1.26519, -3.9625],
							"rotation": [0, 0, -150],
							"uv": {
								"north": {"uv": [44, 33], "uv_size": [0.5, 0.5]},
								"south": {"uv": [34, 44], "uv_size": [0.5, 0.5]},
								"up": {"uv": [28, 41], "uv_size": [0.5, 1.5]},
								"down": {"uv": [29, 42.5], "uv_size": [0.5, -1.5]}
							}
						},
						{
							"origin": [-0.1962, 0.53296, -4.11355],
							"size": [0.3924, 0.14446, 1.4521],
							"pivot": [0, 1.26519, -3.9625],
							"rotation": [0, 0, -120],
							"uv": {
								"north": {"uv": [44, 34], "uv_size": [0.5, 0.5]},
								"south": {"uv": [35, 44], "uv_size": [0.5, 0.5]},
								"up": {"uv": [41, 29], "uv_size": [0.5, 1.5]},
								"down": {"uv": [30, 42.5], "uv_size": [0.5, -1.5]}
							}
						},
						{
							"origin": [-0.1962, 0.53296, -4.11355],
							"size": [0.3924, 0.14446, 1.4521],
							"pivot": [0, 1.26519, -3.9625],
							"rotation": [0, 0, -90],
							"uv": {
								"north": {"uv": [44, 35], "uv_size": [0.5, 0.5]},
								"south": {"uv": [36, 44], "uv_size": [0.5, 0.5]},
								"up": {"uv": [31, 41], "uv_size": [0.5, 1.5]},
								"down": {"uv": [41, 32.5], "uv_size": [0.5, -1.5]}
							}
						},
						{
							"origin": [-0.1962, 0.53296, -4.11355],
							"size": [0.3924, 0.14446, 1.4521],
							"pivot": [0, 1.26519, -3.9625],
							"rotation": [0, 0, -60],
							"uv": {
								"north": {"uv": [44, 36], "uv_size": [0.5, 0.5]},
								"south": {"uv": [37, 44], "uv_size": [0.5, 0.5]},
								"up": {"uv": [32, 41], "uv_size": [0.5, 1.5]},
								"down": {"uv": [33, 42.5], "uv_size": [0.5, -1.5]}
							}
						},
						{
							"origin": [-0.1962, 0.53296, -4.11355],
							"size": [0.3924, 0.14446, 1.4521],
							"pivot": [0, 1.26519, -3.9625],
							"rotation": [0, 0, -30],
							"uv": {
								"north": {"uv": [44, 37], "uv_size": [0.5, 0.5]},
								"south": {"uv": [38, 44], "uv_size": [0.5, 0.5]},
								"up": {"uv": [41, 33], "uv_size": [0.5, 1.5]},
								"down": {"uv": [34, 42.5], "uv_size": [0.5, -1.5]}
							}
						},
						{
							"origin": [-0.1962, 0.53296, -4.11355],
							"size": [0.3924, 0.14446, 1.4521],
							"uv": {
								"north": {"uv": [44, 38], "uv_size": [0.5, 0.5]},
								"south": {"uv": [39, 44], "uv_size": [0.5, 0.5]},
								"up": {"uv": [35, 41], "uv_size": [0.5, 1.5]},
								"down": {"uv": [41, 36.5], "uv_size": [0.5, -1.5]}
							}
						},
						{
							"origin": [-0.1962, 1.85296, -4.11355],
							"size": [0.3924, 0.14446, 1.4521],
							"pivot": [0, 1.26519, -3.9625],
							"rotation": [0, 0, -150],
							"uv": {
								"north": {"uv": [44, 39], "uv_size": [0.5, 0.5]},
								"south": {"uv": [40, 44], "uv_size": [0.5, 0.5]},
								"up": {"uv": [36, 41], "uv_size": [0.5, 1.5]},
								"down": {"uv": [37, 42.5], "uv_size": [0.5, -1.5]}
							}
						},
						{
							"origin": [-0.1962, 1.85296, -4.11355],
							"size": [0.3924, 0.14446, 1.4521],
							"pivot": [0, 1.26519, -3.9625],
							"rotation": [0, 0, -120],
							"uv": {
								"north": {"uv": [44, 40], "uv_size": [0.5, 0.5]},
								"south": {"uv": [41, 44], "uv_size": [0.5, 0.5]},
								"up": {"uv": [41, 37], "uv_size": [0.5, 1.5]},
								"down": {"uv": [38, 42.5], "uv_size": [0.5, -1.5]}
							}
						},
						{
							"origin": [-0.1962, 1.85296, -4.11355],
							"size": [0.3924, 0.14446, 1.4521],
							"pivot": [0, 1.26519, -3.9625],
							"rotation": [0, 0, -90],
							"uv": {
								"north": {"uv": [44, 41], "uv_size": [0.5, 0.5]},
								"south": {"uv": [42, 44], "uv_size": [0.5, 0.5]},
								"up": {"uv": [39, 41], "uv_size": [0.5, 1.5]},
								"down": {"uv": [41, 40.5], "uv_size": [0.5, -1.5]}
							}
						},
						{
							"origin": [-0.4, 0.15, -2.1],
							"size": [0.28191, 0.35261, 2.625],
							"pivot": [-0.1, 0.4375, -0.8625],
							"rotation": [0, 0, 20],
							"uv": {
								"north": {"uv": [44, 42], "uv_size": [0.5, 0.5]},
								"east": {"uv": [38, 35], "uv_size": [2.5, 0.5]},
								"south": {"uv": [43, 44], "uv_size": [0.5, 0.5]},
								"west": {"uv": [38, 36], "uv_size": [2.5, 0.5]}
							}
						},
						{
							"origin": [-0.39473, 0.50487, -2.1],
							"size": [0.3, 0.05, 2.625],
							"uv": {
								"north": {"uv": [44, 43], "uv_size": [0.5, 0.5]},
								"east": {"uv": [38, 37], "uv_size": [2.5, 0.5]},
								"south": {"uv": [44, 44], "uv_size": [0.5, 0.5]},
								"west": {"uv": [38, 38], "uv_size": [2.5, 0.5]}
							}
						},
						{
							"origin": [0.11809, 0.15, -2.1],
							"size": [0.28191, 0.35261, 2.625],
							"pivot": [0.1, 0.4375, -0.8625],
							"rotation": [0, 0, -20],
							"uv": {
								"north": {"uv": [0, 45], "uv_size": [0.5, 0.5]},
								"east": {"uv": [0, 39], "uv_size": [2.5, 0.5]},
								"south": {"uv": [45, 0], "uv_size": [0.5, 0.5]},
								"west": {"uv": [3, 39], "uv_size": [2.5, 0.5]}
							}
						},
						{
							"origin": [0.09473, 0.50487, -2.1],
							"size": [0.3, 0.05, 2.625],
							"uv": {
								"north": {"uv": [1, 45], "uv_size": [0.5, 0.5]},
								"east": {"uv": [6, 39], "uv_size": [2.5, 0.5]},
								"south": {"uv": [45, 1], "uv_size": [0.5, 0.5]},
								"west": {"uv": [9, 39], "uv_size": [2.5, 0.5]}
							}
						},
						{
							"origin": [0.11572, 0.49937, -2.1],
							"size": [0.27901, 0.1805, 2.625],
							"pivot": [0.24473, 0.57987, -0.7875],
							"rotation": [0, 0, 22.5],
							"uv": {
								"north": {"uv": [2, 45], "uv_size": [0.5, 0.5]},
								"east": {"uv": [12, 39], "uv_size": [2.5, 0.5]},
								"south": {"uv": [45, 2], "uv_size": [0.5, 0.5]},
								"west": {"uv": [15, 39], "uv_size": [2.5, 0.5]}
							}
						},
						{
							"origin": [-0.39473, 0.49937, -2.1],
							"size": [0.27901, 0.1805, 2.625],
							"pivot": [-0.24473, 0.57987, -0.7875],
							"rotation": [0, 0, -22.5],
							"uv": {
								"north": {"uv": [3, 45], "uv_size": [0.5, 0.5]},
								"east": {"uv": [39, 21], "uv_size": [2.5, 0.5]},
								"south": {"uv": [45, 3], "uv_size": [0.5, 0.5]},
								"west": {"uv": [39, 22], "uv_size": [2.5, 0.5]}
							}
						},
						{
							"origin": [0.35979, 0.66613, -2.1],
							"size": [0.10402, 0.1805, 2.625],
							"pivot": [0.31381, 0.74663, -0.7875],
							"rotation": [0, 0, 22.5],
							"uv": {
								"north": {"uv": [4, 45], "uv_size": [0.5, 0.5]},
								"south": {"uv": [45, 4], "uv_size": [0.5, 0.5]},
								"west": {"uv": [39, 23], "uv_size": [2.5, 0.5]}
							}
						},
						{
							"origin": [-0.46381, 0.66613, -2.1],
							"size": [0.10402, 0.1805, 2.625],
							"pivot": [-0.31381, 0.74663, -0.7875],
							"rotation": [0, 0, -22.5],
							"uv": {
								"north": {"uv": [5, 45], "uv_size": [0.5, 0.5]},
								"east": {"uv": [39, 24], "uv_size": [2.5, 0.5]},
								"south": {"uv": [45, 5], "uv_size": [0.5, 0.5]}
							}
						},
						{
							"origin": [0.38795, 0.09007, -2.4],
							"size": [0.125, 0.225, 3.1],
							"pivot": [0.46295, 0.20257, -0.85],
							"rotation": [0, 0, -30],
							"uv": {
								"north": {"uv": [6, 45], "uv_size": [0.5, 0.5]},
								"south": {"uv": [45, 6], "uv_size": [0.5, 0.5]},
								"west": {"uv": [38, 33], "uv_size": [3, 0.5]}
							}
						},
						{
							"origin": [-0.51295, 0.09007, -2.4],
							"size": [0.125, 0.225, 3.1],
							"pivot": [-0.46295, 0.20257, -0.85],
							"rotation": [0, 0, 30],
							"uv": {
								"north": {"uv": [7, 45], "uv_size": [0.5, 0.5]},
								"east": {"uv": [38, 34], "uv_size": [3, 0.5]},
								"south": {"uv": [45, 7], "uv_size": [0.5, 0.5]}
							}
						},
						{
							"origin": [-0.625, -0.075, -0.875],
							"size": [1.25, 0.45, 0.45],
							"uv": {
								"north": {"uv": [41, 20], "uv_size": [1.5, 0.5]},
								"east": {"uv": [8, 45], "uv_size": [0.5, 0.5]},
								"south": {"uv": [40, 41], "uv_size": [1.5, 0.5]},
								"west": {"uv": [45, 8], "uv_size": [0.5, 0.5]},
								"up": {"uv": [0, 42], "uv_size": [1.5, 0.5]},
								"down": {"uv": [42, 0.5], "uv_size": [1.5, -0.5]}
							}
						}
					]
				},
				{
					"name": "views",
					"pivot": [0, 1.2625, 9.5]
				},
				{
					"name": "scope_view",
					"parent": "views",
					"pivot": [0, 1.2625, 9.5]
				},
				{
					"name": "division",
					"pivot": [0, 1.26519, -66.93753],
					"cubes": [
						{
							"origin": [-9.20034, 6.46553, -67.01337],
							"size": [14.327, 21.44669, 0.15175],
							"pivot": [-2, 1.30203, -66.93749],
							"rotation": [0, 0, -90],
							"uv": {
								"south": {"uv": [0, 0], "uv_size": [14.5, 11.5]}
							}
						},
						{
							"origin": [0.12666, 11.46553, -67.01337],
							"size": [21.44669, 21.44669, 0.15175],
							"pivot": [-2, 6.30203, -66.93749],
							"rotation": [0, 0, -90],
							"uv": {
								"south": {"uv": [0, 24], "uv_size": [11.5, 11.5]}
							}
						},
						{
							"origin": [-21.57335, 11.46553, -67.01337],
							"size": [21.44669, 21.44669, 0.15175],
							"pivot": [2, 6.30203, -66.93749],
							"rotation": [0, 0, 90],
							"uv": {
								"south": {"uv": [12, 24], "uv_size": [11.5, 11.5]}
							}
						},
						{
							"origin": [1.42665, -1.30816, -67.01337],
							"size": [21.44669, 21.44669, 0.15175],
							"pivot": [2, -6.47166, -66.93749],
							"rotation": [0, 0, 90],
							"uv": {
								"south": {"uv": [24, 24], "uv_size": [11.5, 11.5]}
							}
						},
						{
							"origin": [-22.87334, -1.30816, -67.01337],
							"size": [21.44669, 21.44669, 0.15175],
							"pivot": [-2, -6.47166, -66.93749],
							"rotation": [0, 0, -90],
							"uv": {
								"south": {"uv": [30, 0], "uv_size": [11.5, 11.5]}
							}
						},
						{
							"origin": [-7.1635, -27.345, -67.01337],
							"size": [14.327, 21.44669, 0.15175],
							"uv": {
								"south": {"uv": [0, 12], "uv_size": [14.5, 11.5]}
							}
						},
						{
							"origin": [-7.1635, 8.42869, -67.01337],
							"size": [14.327, 21.44669, 0.15175],
							"uv": {
								"south": {"uv": [15, 0], "uv_size": [14.5, 11.5]}
							}
						},
						{
							"origin": [-5.20034, -25.30816, -67.01337],
							"size": [14.327, 21.44669, 0.15175],
							"pivot": [2, 1.30203, -66.93749],
							"rotation": [0, 0, -90],
							"uv": {
								"south": {"uv": [15, 12], "uv_size": [14.5, 11.5]}
							}
						},
						{
							"origin": [-2.3544, -7.52157, -67.0134],
							"size": [4.7088, 2.57352, 0.1517],
							"uv": {
								"south": {"uv": [36, 19], "uv_size": [4.5, 1.5]}
							}
						},
						{
							"origin": [-2.3544, 7.47843, -67.0134],
							"size": [4.7088, 2.57352, 0.1517],
							"uv": {
								"south": {"uv": [36, 19], "uv_size": [4.5, 1.5]}
							}
						},
						{
							"origin": [-2.3544, 7.47843, -67.0134],
							"size": [4.7088, 2.57352, 0.1517],
							"pivot": [0, 1.26519, -66.93755],
							"rotation": [0, 0, 22.5],
							"uv": {
								"south": {"uv": [36, 19], "uv_size": [4.5, 1.5]}
							}
						},
						{
							"origin": [-2.3544, -7.52157, -67.0134],
							"size": [4.7088, 2.57352, 0.1517],
							"pivot": [0, 1.26519, -66.93755],
							"rotation": [0, 0, 22.5],
							"uv": {
								"south": {"uv": [36, 19], "uv_size": [4.5, 1.5]}
							}
						},
						{
							"origin": [-2.3544, 7.47843, -67.0134],
							"size": [4.7088, 4.57352, 0.1517],
							"pivot": [0, 1.26519, -66.93755],
							"rotation": [0, 0, 45],
							"uv": {
								"south": {"uv": [36, 19], "uv_size": [4.5, 1.5]}
							}
						},
						{
							"origin": [-2.3544, -9.52157, -67.0134],
							"size": [4.7088, 4.57352, 0.1517],
							"pivot": [0, 1.26519, -66.93755],
							"rotation": [0, 0, 45],
							"uv": {
								"south": {"uv": [36, 19], "uv_size": [4.5, 1.5]}
							}
						},
						{
							"origin": [-2.3544, 7.47843, -67.0134],
							"size": [4.7088, 2.57352, 0.1517],
							"pivot": [0, 1.26519, -66.93755],
							"rotation": [0, 0, 67.5],
							"uv": {
								"south": {"uv": [36, 19], "uv_size": [4.5, 1.5]}
							}
						},
						{
							"origin": [-2.3544, -7.52157, -67.0134],
							"size": [4.7088, 2.57352, 0.1517],
							"pivot": [0, 1.26519, -66.93755],
							"rotation": [0, 0, 67.5],
							"uv": {
								"south": {"uv": [36, 19], "uv_size": [4.5, 1.5]}
							}
						},
						{
							"origin": [-2.3544, 7.47843, -67.0134],
							"size": [4.7088, 2.57352, 0.1517],
							"pivot": [0, 1.26519, -66.93755],
							"rotation": [0, 0, 90],
							"uv": {
								"south": {"uv": [36, 19], "uv_size": [4.5, 1.5]}
							}
						},
						{
							"origin": [-2.3544, -7.52157, -67.0134],
							"size": [4.7088, 2.57352, 0.1517],
							"pivot": [0, 1.26519, -66.93755],
							"rotation": [0, 0, 90],
							"uv": {
								"south": {"uv": [36, 19], "uv_size": [4.5, 1.5]}
							}
						},
						{
							"origin": [-2.3544, 7.47843, -67.0134],
							"size": [4.7088, 2.57352, 0.1517],
							"pivot": [0, 1.26519, -66.93755],
							"rotation": [0, 0, 112.5],
							"uv": {
								"south": {"uv": [36, 19], "uv_size": [4.5, 1.5]}
							}
						},
						{
							"origin": [-2.3544, -7.52157, -67.0134],
							"size": [4.7088, 2.57352, 0.1517],
							"pivot": [0, 1.26519, -66.93755],
							"rotation": [0, 0, 112.5],
							"uv": {
								"south": {"uv": [36, 19], "uv_size": [4.5, 1.5]}
							}
						},
						{
							"origin": [-2.3544, 7.47843, -67.0134],
							"size": [4.7088, 4.57352, 0.1517],
							"pivot": [0, 1.26519, -66.93755],
							"rotation": [0, 0, 135],
							"uv": {
								"south": {"uv": [36, 19], "uv_size": [4.5, 1.5]}
							}
						},
						{
							"origin": [-2.3544, -9.52157, -67.0134],
							"size": [4.7088, 4.57352, 0.1517],
							"pivot": [0, 1.26519, -66.93755],
							"rotation": [0, 0, 135],
							"uv": {
								"south": {"uv": [36, 19], "uv_size": [4.5, 1.5]}
							}
						},
						{
							"origin": [-2.3544, 7.47843, -67.0134],
							"size": [4.7088, 2.57352, 0.1517],
							"pivot": [0, 1.26519, -66.93755],
							"rotation": [0, 0, 157.5],
							"uv": {
								"south": {"uv": [36, 19], "uv_size": [4.5, 1.5]}
							}
						},
						{
							"origin": [-2.3544, -7.52157, -67.0134],
							"size": [4.7088, 2.57352, 0.1517],
							"pivot": [0, 1.26519, -66.93755],
							"rotation": [0, 0, 157.5],
							"uv": {
								"south": {"uv": [36, 19], "uv_size": [4.5, 1.5]}
							}
						}
					]
				},
				{
					"name": "bone_illuminated",
					"parent": "division",
					"pivot": [0.2116, 0.63888, -66.93749],
					"cubes": [
						{
							"origin": [-0.05, 1.2125, -66.925],
							"size": [0.1, 0.1, 0.05],
							"pivot": [0, 1.2625, -66.9],
							"rotation": [0, 0, 45],
							"uv": {
								"south": {"uv": [42, 29], "uv_size": [0.5, 0.5]}
							}
						},
						{
							"origin": [-0.20034, 1.81684, -67.01337],
							"size": [0.327, 0.09538, 0.15175],
							"pivot": [0, 1.30203, -66.93749],
							"rotation": [0, 0, -90],
							"uv": {
								"south": {"uv": [42, 30], "uv_size": [0.5, 0.5]}
							}
						},
						{
							"origin": [-0.19541, 1.83526, -67.01337],
							"size": [0.327, 0.09538, 0.15175],
							"pivot": [0, 1.30203, -66.93749],
							"rotation": [0, 0, -120],
							"uv": {
								"south": {"uv": [42, 31], "uv_size": [0.5, 0.5]}
							}
						},
						{
							"origin": [-0.19541, 1.79842, -67.01337],
							"size": [0.327, 0.09538, 0.15175],
							"pivot": [0, 1.30203, -66.93749],
							"rotation": [0, 0, -60],
							"uv": {
								"south": {"uv": [42, 32], "uv_size": [0.5, 0.5]}
							}
						},
						{
							"origin": [-0.18192, 1.78494, -67.01337],
							"size": [0.327, 0.09538, 0.15175],
							"pivot": [0, 1.30203, -66.93749],
							"rotation": [0, 0, -30],
							"uv": {
								"south": {"uv": [42, 33], "uv_size": [0.5, 0.5]}
							}
						},
						{
							"origin": [-0.1635, 1.78, -67.01337],
							"size": [0.327, 0.09538, 0.15175],
							"uv": {
								"south": {"uv": [42, 34], "uv_size": [0.5, 0.5]}
							}
						},
						{
							"origin": [-0.18192, 0.72375, -67.01337],
							"size": [0.327, 0.09538, 0.15175],
							"pivot": [0, 1.30203, -66.93749],
							"rotation": [0, 0, -150],
							"uv": {
								"south": {"uv": [42, 35], "uv_size": [0.5, 0.5]}
							}
						},
						{
							"origin": [-0.19541, 0.71026, -67.01337],
							"size": [0.327, 0.09538, 0.15175],
							"pivot": [0, 1.30203, -66.93749],
							"rotation": [0, 0, -120],
							"uv": {
								"south": {"uv": [42, 36], "uv_size": [0.5, 0.5]}
							}
						},
						{
							"origin": [-0.20034, 0.69184, -67.01337],
							"size": [0.327, 0.09538, 0.15175],
							"pivot": [0, 1.30203, -66.93749],
							"rotation": [0, 0, -90],
							"uv": {
								"south": {"uv": [42, 37], "uv_size": [0.5, 0.5]}
							}
						},
						{
							"origin": [0.19966, 0.69184, -67.01337],
							"size": [0.327, 0.04538, 0.15175],
							"pivot": [0.4, 1.30203, -66.93749],
							"rotation": [0, 0, -90],
							"uv": {
								"south": {"uv": [42, 38], "uv_size": [0.5, 0.5]}
							}
						},
						{
							"origin": [0.44966, 0.69184, -67.01337],
							"size": [0.227, 0.04538, 0.15175],
							"pivot": [0.6, 1.30203, -66.93749],
							"rotation": [0, 0, -90],
							"uv": {
								"south": {"uv": [42, 39], "uv_size": [0.5, 0.5]}
							}
						},
						{
							"origin": [0.59966, 0.69184, -67.01337],
							"size": [0.327, 0.04538, 0.15175],
							"pivot": [0.8, 1.30203, -66.93749],
							"rotation": [0, 0, -90],
							"uv": {
								"south": {"uv": [40, 42], "uv_size": [0.5, 0.5]}
							}
						},
						{
							"origin": [0.99966, 0.69184, -67.01337],
							"size": [0.327, 0.04538, 0.15175],
							"pivot": [1.2, 1.30203, -66.93749],
							"rotation": [0, 0, -90],
							"uv": {
								"south": {"uv": [42, 40], "uv_size": [0.5, 0.5]}
							}
						},
						{
							"origin": [0.84966, 0.69184, -67.01337],
							"size": [0.227, 0.04538, 0.15175],
							"pivot": [1, 1.30203, -66.93749],
							"rotation": [0, 0, -90],
							"uv": {
								"south": {"uv": [41, 42], "uv_size": [0.5, 0.5]}
							}
						},
						{
							"origin": [1.39966, 0.69184, -67.01337],
							"size": [0.327, 0.04538, 0.15175],
							"pivot": [1.6, 1.30203, -66.93749],
							"rotation": [0, 0, -90],
							"uv": {
								"south": {"uv": [42, 41], "uv_size": [0.5, 0.5]}
							}
						},
						{
							"origin": [1.24966, 0.69184, -67.01337],
							"size": [0.227, 0.04538, 0.15175],
							"pivot": [1.4, 1.30203, -66.93749],
							"rotation": [0, 0, -90],
							"uv": {
								"south": {"uv": [42, 42], "uv_size": [0.5, 0.5]}
							}
						},
						{
							"origin": [0.97466, 1.21684, -67.01337],
							"size": [1.202, 0.09538, 0.15175],
							"uv": {
								"south": {"uv": [42, 1], "uv_size": [1, 0.5]}
							}
						},
						{
							"origin": [-0.52666, 0.69184, -67.01337],
							"size": [0.327, 0.04538, 0.15175],
							"pivot": [-0.4, 1.30203, -66.93749],
							"rotation": [0, 0, 90],
							"uv": {
								"south": {"uv": [0, 43], "uv_size": [0.5, 0.5]}
							}
						},
						{
							"origin": [-2.17666, 1.21684, -67.01337],
							"size": [1.202, 0.09538, 0.15175],
							"uv": {
								"south": {"uv": [2, 42], "uv_size": [1, 0.5]}
							}
						},
						{
							"origin": [-0.67666, 0.69184, -67.01337],
							"size": [0.227, 0.04538, 0.15175],
							"pivot": [-0.6, 1.30203, -66.93749],
							"rotation": [0, 0, 90],
							"uv": {
								"south": {"uv": [1, 43], "uv_size": [0.5, 0.5]}
							}
						},
						{
							"origin": [-0.92666, 0.69184, -67.01337],
							"size": [0.327, 0.04538, 0.15175],
							"pivot": [-0.8, 1.30203, -66.93749],
							"rotation": [0, 0, 90],
							"uv": {
								"south": {"uv": [43, 1], "uv_size": [0.5, 0.5]}
							}
						},
						{
							"origin": [-1.07666, 0.69184, -67.01337],
							"size": [0.227, 0.04538, 0.15175],
							"pivot": [-1, 1.30203, -66.93749],
							"rotation": [0, 0, 90],
							"uv": {
								"south": {"uv": [2, 43], "uv_size": [0.5, 0.5]}
							}
						},
						{
							"origin": [-1.32666, 0.69184, -67.01337],
							"size": [0.327, 0.04538, 0.15175],
							"pivot": [-1.2, 1.30203, -66.93749],
							"rotation": [0, 0, 90],
							"uv": {
								"south": {"uv": [43, 2], "uv_size": [0.5, 0.5]}
							}
						},
						{
							"origin": [-1.47666, 0.69184, -67.01337],
							"size": [0.227, 0.04538, 0.15175],
							"pivot": [-1.4, 1.30203, -66.93749],
							"rotation": [0, 0, 90],
							"uv": {
								"south": {"uv": [3, 43], "uv_size": [0.5, 0.5]}
							}
						},
						{
							"origin": [-1.72666, 0.69184, -67.01337],
							"size": [0.327, 0.04538, 0.15175],
							"pivot": [-1.6, 1.30203, -66.93749],
							"rotation": [0, 0, 90],
							"uv": {
								"south": {"uv": [43, 3], "uv_size": [0.5, 0.5]}
							}
						},
						{
							"origin": [-0.19541, 0.67342, -67.01337],
							"size": [0.327, 0.09538, 0.15175],
							"pivot": [0, 1.30203, -66.93749],
							"rotation": [0, 0, -60],
							"uv": {
								"south": {"uv": [4, 43], "uv_size": [0.5, 0.5]}
							}
						},
						{
							"origin": [-0.2001, 0.57869, -67.01337],
							"size": [0.077, 0.27038, 0.15175],
							"pivot": [-0.2116, 0.63888, -66.93749],
							"rotation": [0, 0, 45],
							"uv": {
								"south": {"uv": [43, 4], "uv_size": [0.5, 0.5]}
							}
						},
						{
							"origin": [-0.00892, 0.76987, -67.01337],
							"size": [0.07757, 0.07756, 0.15175],
							"pivot": [-0.02042, 0.83006, -66.93749],
							"rotation": [0, 0, 45],
							"uv": {
								"south": {"uv": [5, 43], "uv_size": [0.5, 0.5]}
							}
						},
						{
							"origin": [0.1231, 0.57869, -67.01337],
							"size": [0.077, 0.27038, 0.15175],
							"pivot": [0.2116, 0.63888, -66.93749],
							"rotation": [0, 0, -45],
							"uv": {
								"south": {"uv": [43, 5], "uv_size": [0.5, 0.5]}
							}
						}
					]
				}
			]
		}
	]
}