{
	"format_version": "1.12.0",
	"minecraft:geometry": [
		{
			"description": {
				"identifier": "geometry.unknown",
				"texture_width": 64,
				"texture_height": 64,
				"visible_bounds_width": 11,
				"visible_bounds_height": 6,
				"visible_bounds_offset": [0, 1, 0]
			},
			"bones": [
				{
					"name": "division",
					"pivot": [0.00002, 1.27119, -86.8875],
					"cubes": [
						{
							"origin": [-1.9844, 8.35959, -87.0952],
							"size": [3.96893, 2.88936, 0.4154],
							"pivot": [0.00007, 1.27234, -85.1075],
							"rotation": [0, 0, 22.5],
							"uv": {
								"south": {"uv": [24, 24], "uv_size": [4, 3]}
							}
						},
						{
							"origin": [-1.98454, 8.35959, -87.0952],
							"size": [3.96907, 2.88936, 0.4154],
							"pivot": [0.00007, 1.27234, -85.1075],
							"rotation": [0, 0, 45],
							"uv": {
								"south": {"uv": [24, 27], "uv_size": [4, 3]}
							}
						},
						{
							"origin": [-1.98454, 8.35959, -87.0952],
							"size": [3.96893, 2.88936, 0.4154],
							"pivot": [0.00007, 1.27234, -85.1075],
							"rotation": [0, 0, 67.5],
							"uv": {
								"south": {"uv": [28, 24], "uv_size": [4, 3]}
							}
						},
						{
							"origin": [-6.98454, 8.35959, -87.0952],
							"size": [13.96893, 31.88936, 0.4154],
							"pivot": [0.00007, 1.27234, -85.1075],
							"rotation": [0, 0, 90],
							"uv": {
								"south": {"uv": [24, 0], "uv_size": [14, 12]}
							}
						},
						{
							"origin": [-25.00761, -23.73548, -87.0952],
							"size": [31.992, 77.95336, 0.4154],
							"pivot": [0.00007, 15.24127, -85.1075],
							"rotation": [0, 0, 90],
							"uv": {
								"south": {"uv": [0, 0], "uv_size": [12, 38]}
							}
						},
						{
							"origin": [-31.0079, -23.77426, -87.0952],
							"size": [32.03107, 77.95336, 0.4154],
							"pivot": [-25.96115, -10.75873, -85.1075],
							"rotation": [0, 0, 90],
							"uv": {
								"south": {"uv": [12, 0], "uv_size": [12, 38]}
							}
						},
						{
							"origin": [-1.98454, 8.35959, -87.0952],
							"size": [3.96893, 2.88936, 0.4154],
							"pivot": [0.00007, 1.27234, -85.1075],
							"rotation": [0, 0, 112.5],
							"uv": {
								"south": {"uv": [28, 27], "uv_size": [4, 3]}
							}
						},
						{
							"origin": [-1.98454, 8.35944, -87.0952],
							"size": [3.96893, 2.88951, 0.4154],
							"pivot": [0.00007, 1.27234, -85.1075],
							"rotation": [0, 0, 135],
							"uv": {
								"south": {"uv": [24, 30], "uv_size": [4, 3]}
							}
						},
						{
							"origin": [-1.9844, -8.70442, -87.0952],
							"size": [3.96893, 2.88936, 0.4154],
							"pivot": [0.00007, 1.27234, -85.1075],
							"rotation": [0, 0, -22.5],
							"uv": {
								"south": {"uv": [28, 30], "uv_size": [4, 3]}
							}
						},
						{
							"origin": [-1.9844, -8.70442, -87.0952],
							"size": [3.96893, 2.88936, 0.4154],
							"pivot": [0.00007, 1.27234, -85.1075],
							"rotation": [0, 0, 22.5],
							"uv": {
								"south": {"uv": [32, 24], "uv_size": [4, 3]}
							}
						},
						{
							"origin": [-1.98454, -8.70442, -87.0952],
							"size": [3.96907, 2.88936, 0.4154],
							"pivot": [0.00007, 1.27234, -85.1075],
							"rotation": [0, 0, 45],
							"uv": {
								"south": {"uv": [32, 27], "uv_size": [4, 3]}
							}
						},
						{
							"origin": [-1.98454, -8.70442, -87.0952],
							"size": [3.96893, 2.88936, 0.4154],
							"pivot": [0.00007, 1.27234, -85.1075],
							"rotation": [0, 0, 67.5],
							"uv": {
								"south": {"uv": [32, 30], "uv_size": [4, 3]}
							}
						},
						{
							"origin": [-6.98454, -37.70441, -87.0952],
							"size": [13.96893, 31.88935, 0.4154],
							"pivot": [0.00007, 1.27234, -85.1075],
							"rotation": [0, 0, 90],
							"uv": {
								"south": {"uv": [24, 12], "uv_size": [14, 12]}
							}
						},
						{
							"origin": [-1.98454, -8.70442, -87.0952],
							"size": [3.96893, 2.88936, 0.4154],
							"pivot": [0.00007, 1.27234, -85.1075],
							"rotation": [0, 0, 112.5],
							"uv": {
								"south": {"uv": [24, 33], "uv_size": [4, 3]}
							}
						},
						{
							"origin": [-1.98454, -8.70456, -87.0952],
							"size": [3.96893, 2.8895, 0.4154],
							"pivot": [0.00007, 1.27234, -85.1075],
							"rotation": [0, 0, 135],
							"uv": {
								"south": {"uv": [28, 33], "uv_size": [4, 3]}
							}
						},
						{
							"origin": [-1.9844, 8.35959, -87.0952],
							"size": [3.96893, 2.88936, 0.4154],
							"pivot": [0.00007, 1.27234, -85.1075],
							"rotation": [0, 0, -22.5],
							"uv": {
								"south": {"uv": [32, 33], "uv_size": [4, 3]}
							}
						}
					]
				},
				{
					"name": "bone_illuminated",
					"parent": "division",
					"pivot": [0, 1.26095, -86.8875],
					"cubes": [
						{
							"origin": [-0.18446, -5.81484, -87.0952],
							"size": [0.36893, 2.67464, 0.4154],
							"pivot": [0.00001, 1.27248, -86.8875],
							"rotation": [0, 0, -90],
							"uv": {
								"south": {"uv": [39, 29], "uv_size": [0.5, 2]}
							}
						},
						{
							"origin": [-0.08446, -3.8402, -87.0952],
							"size": [0.16892, 10.22537, 0.4154],
							"uv": {
								"south": {"uv": [24, 36], "uv_size": [0.5, 10]}
							}
						},
						{
							"origin": [4.504, 1.08427, -87.0952],
							"size": [2.492, 0.35335, 0.4154],
							"pivot": [0, 1.26095, -86.8875],
							"rotation": [0, 0, 90],
							"uv": {
								"south": {"uv": [40, 20], "uv_size": [2, 0.5]}
							}
						},
						{
							"origin": [-0.08446, -3.6402, -87.0952],
							"size": [0.16892, 9.82537, 0.4154],
							"pivot": [0, 1.27248, -86.8875],
							"rotation": [0, 0, -90],
							"uv": {
								"south": {"uv": [36, 24], "uv_size": [0.5, 10]}
							}
						},
						{
							"origin": [-0.18447, -5.81484, -87.0952],
							"size": [0.36893, 2.67464, 0.4154],
							"pivot": [-0.00001, 1.27248, -86.8875],
							"rotation": [0, 0, 90],
							"uv": {
								"south": {"uv": [20, 40], "uv_size": [0.5, 2]}
							}
						},
						{
							"origin": [-6.996, 1.08427, -87.0952],
							"size": [2.492, 0.35335, 0.4154],
							"pivot": [0, 1.26095, -86.8875],
							"rotation": [0, 0, 90],
							"uv": {
								"south": {"uv": [40, 21], "uv_size": [2, 0.5]}
							}
						}
					]
				},
				{
					"name": "views",
					"pivot": [0, 1.2712, 9.5]
				},
				{
					"name": "scope_view",
					"parent": "views",
					"pivot": [0, 1.2712, 9.5]
				},
				{
					"name": "scope_body",
					"pivot": [0.05011, 1.07444, -1.18241],
					"cubes": [
						{
							"origin": [-0.13125, 0.61243, 0.85312],
							"size": [0.2625, 0.16967, 0.64375],
							"uv": {
								"north": {"uv": [43, 16], "uv_size": [0.5, 0.5]},
								"up": {"uv": [17, 43], "uv_size": [0.5, 0.5]},
								"down": {"uv": [43, 17.5], "uv_size": [0.5, -0.5]}
							}
						},
						{
							"origin": [-0.13125, 1.76243, 0.85312],
							"size": [0.2625, 0.16967, 0.64375],
							"uv": {
								"north": {"uv": [18, 43], "uv_size": [0.5, 0.5]},
								"up": {"uv": [43, 18], "uv_size": [0.5, 0.5]},
								"down": {"uv": [19, 43.5], "uv_size": [0.5, -0.5]}
							}
						},
						{
							"origin": [-0.13125, 0.61243, 0.85312],
							"size": [0.2625, 0.16967, 0.64375],
							"pivot": [0, 1.27227, -0.8],
							"rotation": [0, 0, -22.5],
							"uv": {
								"north": {"uv": [43, 19], "uv_size": [0.5, 0.5]},
								"up": {"uv": [43, 20], "uv_size": [0.5, 0.5]},
								"down": {"uv": [21, 43.5], "uv_size": [0.5, -0.5]}
							}
						},
						{
							"origin": [-0.13125, 1.76243, 0.85312],
							"size": [0.2625, 0.16967, 0.64375],
							"pivot": [0, 1.27227, -0.8],
							"rotation": [0, 0, -22.5],
							"uv": {
								"north": {"uv": [43, 21], "uv_size": [0.5, 0.5]},
								"up": {"uv": [22, 43], "uv_size": [0.5, 0.5]},
								"down": {"uv": [43, 22.5], "uv_size": [0.5, -0.5]}
							}
						},
						{
							"origin": [-0.13125, 0.61243, 0.85312],
							"size": [0.2625, 0.16967, 0.64375],
							"pivot": [0, 1.27227, -0.8],
							"rotation": [0, 0, 22.5],
							"uv": {
								"north": {"uv": [23, 43], "uv_size": [0.5, 0.5]},
								"up": {"uv": [43, 23], "uv_size": [0.5, 0.5]},
								"down": {"uv": [43, 24.5], "uv_size": [0.5, -0.5]}
							}
						},
						{
							"origin": [-0.13125, 1.76243, 0.85312],
							"size": [0.2625, 0.16967, 0.64375],
							"pivot": [0, 1.27227, -0.8],
							"rotation": [0, 0, 22.5],
							"uv": {
								"north": {"uv": [25, 43], "uv_size": [0.5, 0.5]},
								"up": {"uv": [43, 25], "uv_size": [0.5, 0.5]},
								"down": {"uv": [26, 43.5], "uv_size": [0.5, -0.5]}
							}
						},
						{
							"origin": [-0.13125, 0.61243, 0.85312],
							"size": [0.2625, 0.16967, 0.64375],
							"pivot": [0, 1.27227, -0.8],
							"rotation": [0, 0, 45],
							"uv": {
								"north": {"uv": [43, 26], "uv_size": [0.5, 0.5]},
								"up": {"uv": [27, 43], "uv_size": [0.5, 0.5]},
								"down": {"uv": [43, 27.5], "uv_size": [0.5, -0.5]}
							}
						},
						{
							"origin": [-0.13125, 1.76243, 0.85312],
							"size": [0.2625, 0.16967, 0.64375],
							"pivot": [0, 1.27227, -0.8],
							"rotation": [0, 0, 45],
							"uv": {
								"north": {"uv": [28, 43], "uv_size": [0.5, 0.5]},
								"up": {"uv": [43, 28], "uv_size": [0.5, 0.5]},
								"down": {"uv": [29, 43.5], "uv_size": [0.5, -0.5]}
							}
						},
						{
							"origin": [-0.13125, 0.61243, 0.85312],
							"size": [0.2625, 0.16967, 0.64375],
							"pivot": [0, 1.27227, -0.8],
							"rotation": [0, 0, 67.5],
							"uv": {
								"north": {"uv": [43, 29], "uv_size": [0.5, 0.5]},
								"up": {"uv": [30, 43], "uv_size": [0.5, 0.5]},
								"down": {"uv": [43, 30.5], "uv_size": [0.5, -0.5]}
							}
						},
						{
							"origin": [-0.13125, 1.76243, 0.85312],
							"size": [0.2625, 0.16967, 0.64375],
							"pivot": [0, 1.27227, -0.8],
							"rotation": [0, 0, 67.5],
							"uv": {
								"north": {"uv": [31, 43], "uv_size": [0.5, 0.5]},
								"up": {"uv": [43, 31], "uv_size": [0.5, 0.5]},
								"down": {"uv": [32, 43.5], "uv_size": [0.5, -0.5]}
							}
						},
						{
							"origin": [-0.13125, 0.61243, 0.85312],
							"size": [0.2625, 0.16967, 0.64375],
							"pivot": [0, 1.27227, -0.8],
							"rotation": [0, 0, 90],
							"uv": {
								"north": {"uv": [43, 32], "uv_size": [0.5, 0.5]},
								"up": {"uv": [33, 43], "uv_size": [0.5, 0.5]},
								"down": {"uv": [43, 33.5], "uv_size": [0.5, -0.5]}
							}
						},
						{
							"origin": [-0.13125, 1.76243, 0.85312],
							"size": [0.2625, 0.16967, 0.64375],
							"pivot": [0, 1.27227, -0.8],
							"rotation": [0, 0, 90],
							"uv": {
								"north": {"uv": [34, 43], "uv_size": [0.5, 0.5]},
								"up": {"uv": [43, 34], "uv_size": [0.5, 0.5]},
								"down": {"uv": [35, 43.5], "uv_size": [0.5, -0.5]}
							}
						},
						{
							"origin": [-0.13125, 0.61243, 0.85312],
							"size": [0.2625, 0.16967, 0.64375],
							"pivot": [0, 1.27227, -0.8],
							"rotation": [0, 0, 112.5],
							"uv": {
								"north": {"uv": [43, 35], "uv_size": [0.5, 0.5]},
								"up": {"uv": [36, 43], "uv_size": [0.5, 0.5]},
								"down": {"uv": [43, 36.5], "uv_size": [0.5, -0.5]}
							}
						},
						{
							"origin": [-0.13125, 1.76243, 0.85312],
							"size": [0.2625, 0.16967, 0.64375],
							"pivot": [0, 1.27227, -0.8],
							"rotation": [0, 0, 112.5],
							"uv": {
								"north": {"uv": [37, 43], "uv_size": [0.5, 0.5]},
								"up": {"uv": [43, 37], "uv_size": [0.5, 0.5]},
								"down": {"uv": [38, 43.5], "uv_size": [0.5, -0.5]}
							}
						},
						{
							"origin": [-0.13125, 0.61243, 0.85312],
							"size": [0.2625, 0.16967, 0.64375],
							"pivot": [0, 1.27227, -0.8],
							"rotation": [0, 0, 135],
							"uv": {
								"north": {"uv": [43, 38], "uv_size": [0.5, 0.5]},
								"up": {"uv": [39, 43], "uv_size": [0.5, 0.5]},
								"down": {"uv": [43, 39.5], "uv_size": [0.5, -0.5]}
							}
						},
						{
							"origin": [-0.13125, 1.76243, 0.85312],
							"size": [0.2625, 0.16967, 0.64375],
							"pivot": [0, 1.27227, -0.8],
							"rotation": [0, 0, 135],
							"uv": {
								"north": {"uv": [40, 43], "uv_size": [0.5, 0.5]},
								"up": {"uv": [43, 40], "uv_size": [0.5, 0.5]},
								"down": {"uv": [41, 43.5], "uv_size": [0.5, -0.5]}
							}
						},
						{
							"origin": [-0.12469, 1.78542, -3.23078],
							"size": [0.24938, 0.11369, 4.61156],
							"pivot": [0, 1.27227, 1.175],
							"rotation": [0, 0, 22.5],
							"uv": {
								"up": {"uv": [37, 24], "uv_size": [0.5, 4.5]},
								"down": {"uv": [37, 33.5], "uv_size": [0.5, -4.5]}
							}
						},
						{
							"origin": [-0.12469, 1.78542, -3.23078],
							"size": [0.24938, 0.11369, 4.61156],
							"uv": {
								"up": {"uv": [31, 37], "uv_size": [0.5, 4.5]},
								"down": {"uv": [32, 41.5], "uv_size": [0.5, -4.5]}
							}
						},
						{
							"origin": [-0.12469, 1.78542, -3.23078],
							"size": [0.24938, 0.11369, 4.61156],
							"pivot": [0, 1.27227, 1.175],
							"rotation": [0, 0, -22.5],
							"uv": {
								"up": {"uv": [33, 37], "uv_size": [0.5, 4.5]},
								"down": {"uv": [34, 41.5], "uv_size": [0.5, -4.5]}
							}
						},
						{
							"origin": [-0.12469, 0.64542, -3.23078],
							"size": [0.24938, 0.11369, 4.61156],
							"pivot": [0, 1.27227, 1.175],
							"rotation": [0, 0, 135],
							"uv": {
								"up": {"uv": [37, 34], "uv_size": [0.5, 4.5]},
								"down": {"uv": [35, 41.5], "uv_size": [0.5, -4.5]}
							}
						},
						{
							"origin": [-0.12469, 0.64542, -3.23078],
							"size": [0.24938, 0.11369, 4.61156],
							"pivot": [0, 1.27227, 1.175],
							"rotation": [0, 0, 112.5],
							"uv": {
								"up": {"uv": [36, 37], "uv_size": [0.5, 4.5]},
								"down": {"uv": [0, 42.5], "uv_size": [0.5, -4.5]}
							}
						},
						{
							"origin": [-0.12469, 0.64542, -3.23078],
							"size": [0.24938, 0.11369, 4.61156],
							"pivot": [0, 1.27227, 1.175],
							"rotation": [0, 0, 90],
							"uv": {
								"up": {"uv": [38, 0], "uv_size": [0.5, 4.5]},
								"down": {"uv": [1, 42.5], "uv_size": [0.5, -4.5]}
							}
						},
						{
							"origin": [-0.12469, 0.64542, -3.23078],
							"size": [0.24938, 0.11369, 4.61156],
							"pivot": [0, 1.27227, 1.175],
							"rotation": [0, 0, 67.5],
							"uv": {
								"up": {"uv": [2, 38], "uv_size": [0.5, 4.5]},
								"down": {"uv": [3, 42.5], "uv_size": [0.5, -4.5]}
							}
						},
						{
							"origin": [-0.12469, 0.64542, -3.23078],
							"size": [0.24938, 0.11369, 4.61156],
							"pivot": [0, 1.27227, 1.175],
							"rotation": [0, 0, 45],
							"uv": {
								"up": {"uv": [4, 38], "uv_size": [0.5, 4.5]},
								"down": {"uv": [5, 42.5], "uv_size": [0.5, -4.5]}
							}
						},
						{
							"origin": [-0.12469, 0.64542, -3.23078],
							"size": [0.24938, 0.11369, 4.61156],
							"pivot": [0, 1.27227, 1.175],
							"rotation": [0, 0, 22.5],
							"uv": {
								"up": {"uv": [38, 5], "uv_size": [0.5, 4.5]},
								"down": {"uv": [6, 42.5], "uv_size": [0.5, -4.5]}
							}
						},
						{
							"origin": [-0.12469, 0.64542, -3.23078],
							"size": [0.24938, 0.11369, 4.61156],
							"uv": {
								"up": {"uv": [7, 38], "uv_size": [0.5, 4.5]},
								"down": {"uv": [8, 42.5], "uv_size": [0.5, -4.5]}
							}
						},
						{
							"origin": [-0.12469, 0.64542, -3.23078],
							"size": [0.24938, 0.11369, 4.61156],
							"pivot": [0, 1.27227, 1.175],
							"rotation": [0, 0, -22.5],
							"uv": {
								"up": {"uv": [9, 38], "uv_size": [0.5, 4.5]},
								"down": {"uv": [10, 42.5], "uv_size": [0.5, -4.5]}
							}
						},
						{
							"origin": [-0.12469, 1.78542, -3.23078],
							"size": [0.24938, 0.11369, 4.61156],
							"pivot": [0, 1.27227, 1.175],
							"rotation": [0, 0, 135],
							"uv": {
								"up": {"uv": [38, 10], "uv_size": [0.5, 4.5]},
								"down": {"uv": [11, 42.5], "uv_size": [0.5, -4.5]}
							}
						},
						{
							"origin": [-0.12469, 1.78542, -3.23078],
							"size": [0.24938, 0.11369, 4.61156],
							"pivot": [0, 1.27227, 1.175],
							"rotation": [0, 0, 112.5],
							"uv": {
								"up": {"uv": [12, 38], "uv_size": [0.5, 4.5]},
								"down": {"uv": [13, 42.5], "uv_size": [0.5, -4.5]}
							}
						},
						{
							"origin": [-0.12469, 1.78542, -3.23078],
							"size": [0.24938, 0.11369, 4.61156],
							"pivot": [0, 1.27227, 1.175],
							"rotation": [0, 0, 90],
							"uv": {
								"up": {"uv": [14, 38], "uv_size": [0.5, 4.5]},
								"down": {"uv": [15, 42.5], "uv_size": [0.5, -4.5]}
							}
						},
						{
							"origin": [-0.12469, 1.78542, -3.23078],
							"size": [0.24938, 0.11369, 4.61156],
							"pivot": [0, 1.27227, 1.175],
							"rotation": [0, 0, 67.5],
							"uv": {
								"up": {"uv": [38, 15], "uv_size": [0.5, 4.5]},
								"down": {"uv": [16, 42.5], "uv_size": [0.5, -4.5]}
							}
						},
						{
							"origin": [-0.12469, 1.78542, -3.23078],
							"size": [0.24938, 0.11369, 4.61156],
							"pivot": [0, 1.27227, 1.175],
							"rotation": [0, 0, 45],
							"uv": {
								"up": {"uv": [17, 38], "uv_size": [0.5, 4.5]},
								"down": {"uv": [18, 42.5], "uv_size": [0.5, -4.5]}
							}
						},
						{
							"origin": [-0.13125, 1.81243, -1.77188],
							"size": [0.2625, 0.11967, 2.51875],
							"uv": {
								"north": {"uv": [43, 41], "uv_size": [0.5, 0.5]},
								"south": {"uv": [42, 43], "uv_size": [0.5, 0.5]},
								"up": {"uv": [38, 22], "uv_size": [0.5, 2.5]},
								"down": {"uv": [23, 40.5], "uv_size": [0.5, -2.5]}
							}
						},
						{
							"origin": [-0.13125, 1.81243, -1.77188],
							"size": [0.2625, 0.11967, 2.51875],
							"pivot": [0, 1.27227, -1.55],
							"rotation": [0, 0, -22.5],
							"uv": {
								"north": {"uv": [43, 42], "uv_size": [0.5, 0.5]},
								"south": {"uv": [43, 43], "uv_size": [0.5, 0.5]},
								"up": {"uv": [25, 38], "uv_size": [0.5, 2.5]},
								"down": {"uv": [38, 27.5], "uv_size": [0.5, -2.5]}
							}
						},
						{
							"origin": [-0.13125, 0.61243, -1.77188],
							"size": [0.2625, 0.11967, 2.51875],
							"pivot": [0, 1.27227, -1.55],
							"rotation": [0, 0, 135],
							"uv": {
								"north": {"uv": [0, 44], "uv_size": [0.5, 0.5]},
								"south": {"uv": [44, 0], "uv_size": [0.5, 0.5]},
								"up": {"uv": [26, 38], "uv_size": [0.5, 2.5]},
								"down": {"uv": [27, 40.5], "uv_size": [0.5, -2.5]}
							}
						},
						{
							"origin": [-0.13125, 0.61243, -1.77188],
							"size": [0.2625, 0.11967, 2.51875],
							"pivot": [0, 1.27227, -1.55],
							"rotation": [0, 0, 112.5],
							"uv": {
								"north": {"uv": [1, 44], "uv_size": [0.5, 0.5]},
								"south": {"uv": [44, 1], "uv_size": [0.5, 0.5]},
								"up": {"uv": [28, 38], "uv_size": [0.5, 2.5]},
								"down": {"uv": [38, 30.5], "uv_size": [0.5, -2.5]}
							}
						},
						{
							"origin": [-0.13125, 0.61243, -1.52188],
							"size": [0.5125, 0.11967, 2.26875],
							"pivot": [0, 1.27227, -1.55],
							"rotation": [0, 0, 90],
							"uv": {
								"north": {"uv": [2, 44], "uv_size": [0.5, 0.5]},
								"south": {"uv": [44, 2], "uv_size": [0.5, 0.5]},
								"down": {"uv": [29, 40.5], "uv_size": [0.5, -2.5]}
							}
						},
						{
							"origin": [-0.2317, 0.60495, -1.52188],
							"size": [0.4625, 0.21967, 2.26875],
							"pivot": [-0.10045, 1.26478, -1.55],
							"rotation": [0, 0, 45],
							"uv": {
								"north": {"uv": [3, 44], "uv_size": [0.5, 0.5]},
								"east": {"uv": [38, 31], "uv_size": [2.5, 0.5]},
								"south": {"uv": [44, 3], "uv_size": [0.5, 0.5]},
								"west": {"uv": [38, 32], "uv_size": [2.5, 0.5]},
								"up": {"uv": [30, 38], "uv_size": [0.5, 2.5]},
								"down": {"uv": [38, 35.5], "uv_size": [0.5, -2.5]}
							}
						},
						{
							"origin": [-0.09028, 0.46352, -1.52188],
							"size": [0.1625, 0.21968, 2.26875],
							"pivot": [0.04097, 1.12336, -1.55],
							"rotation": [0, 0, 22.5],
							"uv": {
								"north": {"uv": [4, 44], "uv_size": [0.5, 0.5]},
								"east": {"uv": [38, 36], "uv_size": [2.5, 0.5]},
								"south": {"uv": [44, 4], "uv_size": [0.5, 0.5]},
								"west": {"uv": [38, 37], "uv_size": [2.5, 0.5]},
								"up": {"uv": [38, 38], "uv_size": [0.5, 2.5]},
								"down": {"uv": [39, 2.5], "uv_size": [0.5, -2.5]}
							}
						},
						{
							"origin": [-0.18267, 0.50179, -1.52188],
							"size": [0.36534, 0.21968, 2.26875],
							"uv": {
								"north": {"uv": [5, 44], "uv_size": [0.5, 0.5]},
								"east": {"uv": [39, 3], "uv_size": [2.5, 0.5]},
								"south": {"uv": [44, 5], "uv_size": [0.5, 0.5]},
								"west": {"uv": [39, 4], "uv_size": [2.5, 0.5]},
								"up": {"uv": [39, 5], "uv_size": [0.5, 2.5]},
								"down": {"uv": [39, 10.5], "uv_size": [0.5, -2.5]}
							}
						},
						{
							"origin": [-0.07222, 0.46352, -1.52188],
							"size": [0.1625, 0.21968, 2.26875],
							"pivot": [-0.04097, 1.12336, -1.55],
							"rotation": [0, 0, -22.5],
							"uv": {
								"north": {"uv": [6, 44], "uv_size": [0.5, 0.5]},
								"east": {"uv": [39, 11], "uv_size": [2.5, 0.5]},
								"south": {"uv": [44, 6], "uv_size": [0.5, 0.5]},
								"west": {"uv": [39, 12], "uv_size": [2.5, 0.5]},
								"up": {"uv": [39, 13], "uv_size": [0.5, 2.5]},
								"down": {"uv": [39, 18.5], "uv_size": [0.5, -2.5]}
							}
						},
						{
							"origin": [0.39347, 0.68068, -1.52188],
							"size": [0.4625, 0.21968, 2.26875],
							"pivot": [0.52472, 0.84052, -0.5125],
							"rotation": [0, 0, 135],
							"uv": {
								"north": {"uv": [7, 44], "uv_size": [0.5, 0.5]},
								"east": {"uv": [39, 19], "uv_size": [2.5, 0.5]},
								"south": {"uv": [44, 7], "uv_size": [0.5, 0.5]},
								"west": {"uv": [39, 22], "uv_size": [2.5, 0.5]},
								"up": {"uv": [39, 23], "uv_size": [0.5, 2.5]},
								"down": {"uv": [39, 28.5], "uv_size": [0.5, -2.5]}
							}
						},
						{
							"origin": [-0.13125, 1.81243, -1.52188],
							"size": [0.5125, 0.11967, 2.26875],
							"pivot": [0, 1.27227, -1.55],
							"rotation": [0, 0, 90],
							"uv": {
								"north": {"uv": [8, 44], "uv_size": [0.5, 0.5]},
								"south": {"uv": [44, 8], "uv_size": [0.5, 0.5]},
								"up": {"uv": [39, 33], "uv_size": [0.5, 2.5]}
							}
						},
						{
							"origin": [-0.21875, 0.01243, -1.52188],
							"size": [0.7, 1.31967, 1.39375],
							"pivot": [0, 0.67227, -1.55],
							"rotation": [0, 0, 90],
							"uv": {
								"north": {"uv": [40, 23], "uv_size": [0.5, 1.5]},
								"south": {"uv": [40, 25], "uv_size": [0.5, 1.5]},
								"up": {"uv": [40, 27], "uv_size": [0.5, 1.5]},
								"down": {"uv": [40, 30.5], "uv_size": [0.5, -1.5]}
							}
						},
						{
							"origin": [-0.15001, 0.27143, -0.37972],
							"size": [0.25, 1.31967, 0.59375],
							"pivot": [-0.00001, 0.93127, 0.11715],
							"rotation": [0, -45, 90],
							"uv": {
								"up": {"uv": [9, 44], "uv_size": [0.5, 0.5]},
								"down": {"uv": [44, 9.5], "uv_size": [0.5, -0.5]}
							}
						},
						{
							"origin": [-0.37604, 0.56367, -0.41989],
							"size": [0.25, 0.8676, 0.79375],
							"pivot": [-0.22604, 0.77143, 0.27699],
							"rotation": [0, -45, 90],
							"uv": {
								"west": {"uv": [36, 34], "uv_size": [1, 1]}
							}
						},
						{
							"origin": [-0.22988, -0.20812, -0.18302],
							"size": [0.25, 0.31967, 0.79375],
							"pivot": [-0.10488, 0.45172, 0.31386],
							"rotation": [-35.26439, -30, 144.73561],
							"uv": {
								"west": {"uv": [42, 29], "uv_size": [1, 0.5]}
							}
						},
						{
							"origin": [-0.02012, -0.20812, -0.18302],
							"size": [0.25, 0.31967, 0.79375],
							"pivot": [0.10488, 0.45172, 0.31386],
							"rotation": [-35.26439, 30, -144.73561],
							"uv": {
								"east": {"uv": [42, 30], "uv_size": [1, 0.5]}
							}
						},
						{
							"origin": [-0.1, 0.05618, -1.74688],
							"size": [0.2, 1.31967, 0.29375],
							"pivot": [0, 0.71602, -1.6],
							"rotation": [0, -22.5, 90],
							"uv": {
								"east": {"uv": [40, 33], "uv_size": [0.5, 1.5]},
								"up": {"uv": [10, 44], "uv_size": [0.5, 0.5]},
								"down": {"uv": [44, 10.5], "uv_size": [0.5, -0.5]}
							}
						},
						{
							"origin": [-0.1, 0.18118, -1.62188],
							"size": [0.2, 1.31967, 0.29375],
							"pivot": [0, 0.84102, -1.475],
							"rotation": [0, -67.5, 90],
							"uv": {
								"east": {"uv": [40, 38], "uv_size": [0.5, 1.5]},
								"up": {"uv": [11, 44], "uv_size": [0.5, 0.5]},
								"down": {"uv": [44, 11.5], "uv_size": [0.5, -0.5]}
							}
						},
						{
							"origin": [-0.35, -0.58183, -0.7716],
							"size": [0.7, 1.31968, 0.56875],
							"pivot": [0, 0.07801, -0.89972],
							"rotation": [0, -35, 90],
							"uv": {
								"west": {"uv": [40, 40], "uv_size": [0.5, 1.5]},
								"up": {"uv": [12, 44], "uv_size": [0.5, 0.5]},
								"down": {"uv": [44, 12.5], "uv_size": [0.5, -0.5]}
							}
						},
						{
							"origin": [-0.09375, 0.01243, -3.06563],
							"size": [0.65, 1.31967, 1.54375],
							"pivot": [0, 0.67227, -2.94375],
							"rotation": [0, 0, 90],
							"uv": {
								"north": {"uv": [41, 0], "uv_size": [0.5, 1.5]},
								"east": {"uv": [19, 38], "uv_size": [1.5, 1.5]},
								"west": {"uv": [38, 20], "uv_size": [1.5, 1.5]},
								"up": {"uv": [41, 5], "uv_size": [0.5, 1.5]},
								"down": {"uv": [41, 8.5], "uv_size": [0.5, -1.5]}
							}
						},
						{
							"origin": [0.08125, -0.21257, -3.09063],
							"size": [0.475, 1.19467, 3.01875],
							"pivot": [0, 0.37227, -2.94375],
							"rotation": [0, 0, 90],
							"uv": {
								"north": {"uv": [31, 42], "uv_size": [0.5, 1]},
								"east": {"uv": [31, 36], "uv_size": [3, 1]},
								"south": {"uv": [42, 31], "uv_size": [0.5, 1]},
								"west": {"uv": [34, 36], "uv_size": [3, 1]},
								"up": {"uv": [21, 38], "uv_size": [0.5, 3]},
								"down": {"uv": [22, 41], "uv_size": [0.5, -3]}
							}
						},
						{
							"origin": [-0.55718, -0.2093, -0.95938],
							"size": [0.73935, 1.52253, 0.30625],
							"pivot": [-0.18751, 0.47697, -0.80626],
							"rotation": [0, -22.5, 90],
							"uv": {
								"east": {"uv": [41, 9], "uv_size": [0.5, 1.5]},
								"west": {"uv": [41, 13], "uv_size": [0.5, 1.5]},
								"down": {"uv": [13, 44.5], "uv_size": [0.5, -0.5]}
							}
						},
						{
							"origin": [-0.55718, -0.2093, -0.95938],
							"size": [0.73935, 1.52253, 0.30625],
							"pivot": [-0.18751, 0.47697, -0.80626],
							"rotation": [0, 22.5, 90],
							"uv": {
								"east": {"uv": [41, 15], "uv_size": [0.5, 1.5]},
								"west": {"uv": [41, 17], "uv_size": [0.5, 1.5]},
								"down": {"uv": [44, 13.5], "uv_size": [0.5, -0.5]}
							}
						},
						{
							"origin": [-0.55718, -0.2093, -0.95938],
							"size": [0.73935, 1.52253, 0.30625],
							"pivot": [-0.18751, 0.47697, -0.80626],
							"rotation": [0, 67.5, 90],
							"uv": {
								"east": {"uv": [21, 41], "uv_size": [0.5, 1.5]},
								"west": {"uv": [22, 41], "uv_size": [0.5, 1.5]},
								"down": {"uv": [14, 44.5], "uv_size": [0.5, -0.5]}
							}
						},
						{
							"origin": [-0.55718, -0.2093, -0.95938],
							"size": [0.73935, 1.52253, 0.30625],
							"pivot": [-0.18751, 0.47697, -0.80626],
							"rotation": [-180, 67.5, -90],
							"uv": {
								"east": {"uv": [23, 41], "uv_size": [0.5, 1.5]},
								"west": {"uv": [41, 23], "uv_size": [0.5, 1.5]},
								"down": {"uv": [44, 14.5], "uv_size": [0.5, -0.5]}
							}
						},
						{
							"origin": [0.89175, -0.25705, -1.42875],
							"size": [0.59149, 0.31803, 0.24499],
							"pivot": [1.18749, 0.35197, -1.30626],
							"rotation": [0, 67.5, 90],
							"uv": {
								"east": {"uv": [15, 44], "uv_size": [0.5, 0.5]},
								"west": {"uv": [44, 15], "uv_size": [0.5, 0.5]},
								"up": {"uv": [16, 44], "uv_size": [0.5, 0.5]}
							}
						},
						{
							"origin": [0.89175, -0.25705, -1.42876],
							"size": [0.59149, 0.31803, 0.245],
							"pivot": [1.18749, 0.35197, -1.30626],
							"rotation": [0, 22.5, 90],
							"uv": {
								"east": {"uv": [44, 16], "uv_size": [0.5, 0.5]},
								"west": {"uv": [17, 44], "uv_size": [0.5, 0.5]},
								"up": {"uv": [44, 17], "uv_size": [0.5, 0.5]}
							}
						},
						{
							"origin": [0.89175, -0.25705, -1.42875],
							"size": [0.59149, 0.31803, 0.24499],
							"pivot": [1.18749, 0.35197, -1.30626],
							"rotation": [0, -22.5, 90],
							"uv": {
								"east": {"uv": [18, 44], "uv_size": [0.5, 0.5]},
								"west": {"uv": [44, 18], "uv_size": [0.5, 0.5]},
								"up": {"uv": [19, 44], "uv_size": [0.5, 0.5]}
							}
						},
						{
							"origin": [0.89175, -0.25705, -1.42875],
							"size": [0.59149, 0.31803, 0.24499],
							"pivot": [1.18749, 0.35197, -1.30626],
							"rotation": [-180, 67.5, -90],
							"uv": {
								"east": {"uv": [44, 19], "uv_size": [0.5, 0.5]},
								"west": {"uv": [20, 44], "uv_size": [0.5, 0.5]},
								"up": {"uv": [44, 20], "uv_size": [0.5, 0.5]}
							}
						},
						{
							"origin": [0.73417, 0.32077, -0.66547],
							"size": [0.40665, 0.41239, 0.16843],
							"pivot": [0.93749, 0.70197, -0.58126],
							"rotation": [0, 22.5, 90],
							"uv": {
								"east": {"uv": [21, 44], "uv_size": [0.5, 0.5]},
								"west": {"uv": [44, 21], "uv_size": [0.5, 0.5]},
								"up": {"uv": [22, 44], "uv_size": [0.5, 0.5]}
							}
						},
						{
							"origin": [0.73417, 0.32077, -0.66547],
							"size": [0.40665, 0.41239, 0.16843],
							"pivot": [0.93749, 0.70197, -0.58126],
							"rotation": [0, -22.5, 90],
							"uv": {
								"east": {"uv": [44, 22], "uv_size": [0.5, 0.5]},
								"west": {"uv": [23, 44], "uv_size": [0.5, 0.5]},
								"up": {"uv": [44, 23], "uv_size": [0.5, 0.5]}
							}
						},
						{
							"origin": [0.73417, 0.32077, -0.66547],
							"size": [0.40665, 0.41239, 0.16843],
							"pivot": [0.93749, 0.70197, -0.58126],
							"rotation": [-180, 67.5, -90],
							"uv": {
								"east": {"uv": [44, 24], "uv_size": [0.5, 0.5]},
								"west": {"uv": [25, 44], "uv_size": [0.5, 0.5]},
								"up": {"uv": [44, 25], "uv_size": [0.5, 0.5]}
							}
						},
						{
							"origin": [0.73417, 0.32077, -0.66547],
							"size": [0.40665, 0.41239, 0.16843],
							"pivot": [0.93749, 0.70197, -0.58126],
							"rotation": [0, 67.5, 90],
							"uv": {
								"east": {"uv": [26, 44], "uv_size": [0.5, 0.5]},
								"west": {"uv": [44, 26], "uv_size": [0.5, 0.5]},
								"up": {"uv": [27, 44], "uv_size": [0.5, 0.5]}
							}
						},
						{
							"origin": [-0.06997, -0.73879, -3.06563],
							"size": [0.12622, 1.31967, 2.47161],
							"pivot": [0, -0.07896, -2.91589],
							"rotation": [0, 0, 90],
							"uv": {
								"north": {"uv": [25, 41], "uv_size": [0.5, 1.5]},
								"east": {"uv": [25, 36], "uv_size": [2.5, 1.5]},
								"west": {"uv": [28, 36], "uv_size": [2.5, 1.5]},
								"up": {"uv": [37, 39], "uv_size": [0.5, 2.5]},
								"down": {"uv": [39, 40.5], "uv_size": [0.5, -2.5]}
							}
						},
						{
							"origin": [-0.16997, -0.63879, -1.72187],
							"size": [0.2, 1.31967, 1.09374],
							"pivot": [0, 0.02104, -2.91589],
							"rotation": [0, 0, 90],
							"uv": {
								"north": {"uv": [41, 25], "uv_size": [0.5, 1.5]},
								"up": {"uv": [32, 42], "uv_size": [0.5, 1]},
								"down": {"uv": [42, 33], "uv_size": [0.5, -1]}
							}
						},
						{
							"origin": [-0.13125, 1.81243, -1.77188],
							"size": [0.2625, 0.11967, 2.51875],
							"pivot": [0, 1.27227, -1.55],
							"rotation": [0, 0, 67.5],
							"uv": {
								"north": {"uv": [44, 27], "uv_size": [0.5, 0.5]},
								"south": {"uv": [28, 44], "uv_size": [0.5, 0.5]},
								"up": {"uv": [40, 0], "uv_size": [0.5, 2.5]},
								"down": {"uv": [40, 7.5], "uv_size": [0.5, -2.5]}
							}
						},
						{
							"origin": [-0.13125, 1.81243, -1.77188],
							"size": [0.2625, 0.11967, 2.51875],
							"pivot": [0, 1.27227, -1.55],
							"rotation": [0, 0, 45],
							"uv": {
								"north": {"uv": [44, 28], "uv_size": [0.5, 0.5]},
								"south": {"uv": [29, 44], "uv_size": [0.5, 0.5]},
								"up": {"uv": [40, 8], "uv_size": [0.5, 2.5]},
								"down": {"uv": [40, 15.5], "uv_size": [0.5, -2.5]}
							}
						},
						{
							"origin": [-0.13125, 1.81243, -1.77188],
							"size": [0.2625, 0.11967, 2.51875],
							"pivot": [0, 1.27227, -1.55],
							"rotation": [0, 0, 22.5],
							"uv": {
								"north": {"uv": [44, 29], "uv_size": [0.5, 0.5]},
								"south": {"uv": [30, 44], "uv_size": [0.5, 0.5]},
								"up": {"uv": [40, 16], "uv_size": [0.5, 2.5]},
								"down": {"uv": [19, 42.5], "uv_size": [0.5, -2.5]}
							}
						},
						{
							"origin": [-0.13125, 1.81243, -3.29687],
							"size": [0.2625, 0.11967, 1.46874],
							"uv": {
								"south": {"uv": [44, 30], "uv_size": [0.5, 0.5]},
								"up": {"uv": [26, 41], "uv_size": [0.5, 1.5]},
								"down": {"uv": [27, 42.5], "uv_size": [0.5, -1.5]}
							}
						},
						{
							"origin": [-0.13125, 1.81243, -3.29687],
							"size": [0.2625, 0.11967, 1.46874],
							"pivot": [0, 1.27227, -4.125],
							"rotation": [0, 0, -22.5],
							"uv": {
								"south": {"uv": [31, 44], "uv_size": [0.5, 0.5]},
								"up": {"uv": [41, 27], "uv_size": [0.5, 1.5]},
								"down": {"uv": [28, 42.5], "uv_size": [0.5, -1.5]}
							}
						},
						{
							"origin": [-0.13125, 0.61243, -3.29687],
							"size": [0.2625, 0.11967, 1.46874],
							"pivot": [0, 1.27227, -4.125],
							"rotation": [0, 0, 135],
							"uv": {
								"south": {"uv": [44, 31], "uv_size": [0.5, 0.5]},
								"up": {"uv": [29, 41], "uv_size": [0.5, 1.5]},
								"down": {"uv": [41, 30.5], "uv_size": [0.5, -1.5]}
							}
						},
						{
							"origin": [-0.13125, 0.61243, -3.29687],
							"size": [0.2625, 0.11967, 1.46874],
							"pivot": [0, 1.27227, -4.125],
							"rotation": [0, 0, 112.5],
							"uv": {
								"south": {"uv": [32, 44], "uv_size": [0.5, 0.5]},
								"up": {"uv": [30, 41], "uv_size": [0.5, 1.5]},
								"down": {"uv": [41, 32.5], "uv_size": [0.5, -1.5]}
							}
						},
						{
							"origin": [-0.13125, 0.61243, -3.29687],
							"size": [0.2625, 0.11967, 1.46874],
							"pivot": [0, 1.27227, -4.125],
							"rotation": [0, 0, 90],
							"uv": {
								"south": {"uv": [44, 32], "uv_size": [0.5, 0.5]},
								"up": {"uv": [41, 33], "uv_size": [0.5, 1.5]},
								"down": {"uv": [41, 36.5], "uv_size": [0.5, -1.5]}
							}
						},
						{
							"origin": [-0.13125, 0.61243, -3.29687],
							"size": [0.2625, 0.11967, 1.46874],
							"pivot": [0, 1.27227, -4.125],
							"rotation": [0, 0, 67.5],
							"uv": {
								"south": {"uv": [33, 44], "uv_size": [0.5, 0.5]},
								"up": {"uv": [41, 37], "uv_size": [0.5, 1.5]},
								"down": {"uv": [38, 42.5], "uv_size": [0.5, -1.5]}
							}
						},
						{
							"origin": [-0.13125, 0.61243, -3.29687],
							"size": [0.2625, 0.11967, 1.46874],
							"pivot": [0, 1.27227, -4.125],
							"rotation": [0, 0, 45],
							"uv": {
								"south": {"uv": [44, 33], "uv_size": [0.5, 0.5]},
								"up": {"uv": [39, 41], "uv_size": [0.5, 1.5]},
								"down": {"uv": [41, 40.5], "uv_size": [0.5, -1.5]}
							}
						},
						{
							"origin": [-0.13125, 1.81243, -3.29687],
							"size": [0.2625, 0.11967, 1.46874],
							"pivot": [0, 1.27227, -4.125],
							"rotation": [0, 0, 135],
							"uv": {
								"south": {"uv": [34, 44], "uv_size": [0.5, 0.5]},
								"up": {"uv": [41, 41], "uv_size": [0.5, 1.5]},
								"down": {"uv": [42, 1.5], "uv_size": [0.5, -1.5]}
							}
						},
						{
							"origin": [-0.13125, 1.81243, -3.29687],
							"size": [0.2625, 0.11967, 1.46874],
							"pivot": [0, 1.27227, -4.125],
							"rotation": [0, 0, 112.5],
							"uv": {
								"south": {"uv": [44, 34], "uv_size": [0.5, 0.5]},
								"up": {"uv": [42, 2], "uv_size": [0.5, 1.5]},
								"down": {"uv": [42, 5.5], "uv_size": [0.5, -1.5]}
							}
						},
						{
							"origin": [-0.13125, 1.81243, -3.29687],
							"size": [0.2625, 0.11967, 1.46874],
							"pivot": [0, 1.27227, -4.125],
							"rotation": [0, 0, 90],
							"uv": {
								"south": {"uv": [35, 44], "uv_size": [0.5, 0.5]},
								"up": {"uv": [42, 6], "uv_size": [0.5, 1.5]},
								"down": {"uv": [42, 9.5], "uv_size": [0.5, -1.5]}
							}
						},
						{
							"origin": [-0.13125, 1.81243, -1.77187],
							"size": [0.2625, 0.11967, 0.24999],
							"pivot": [0, 1.27227, -2.6],
							"rotation": [0, 0, 90],
							"uv": {
								"north": {"uv": [44, 35], "uv_size": [0.5, 0.5]},
								"up": {"uv": [36, 44], "uv_size": [0.5, 0.5]}
							}
						},
						{
							"origin": [-0.13125, 1.81243, -1.77187],
							"size": [0.2625, 0.11967, 0.24999],
							"pivot": [0, 1.27227, -2.6],
							"rotation": [0, 0, 112.5],
							"uv": {
								"north": {"uv": [44, 36], "uv_size": [0.5, 0.5]},
								"up": {"uv": [37, 44], "uv_size": [0.5, 0.5]}
							}
						},
						{
							"origin": [-0.13125, 1.81243, -1.77187],
							"size": [0.2625, 0.11967, 0.24999],
							"pivot": [0, 1.27227, -2.6],
							"rotation": [0, 0, 135],
							"uv": {
								"north": {"uv": [44, 37], "uv_size": [0.5, 0.5]},
								"up": {"uv": [38, 44], "uv_size": [0.5, 0.5]}
							}
						},
						{
							"origin": [-0.13125, 0.61243, -1.77187],
							"size": [0.2625, 0.11967, 0.24999],
							"pivot": [0, 1.27227, -2.6],
							"rotation": [0, 0, 90],
							"uv": {
								"north": {"uv": [44, 38], "uv_size": [0.5, 0.5]},
								"down": {"uv": [39, 44.5], "uv_size": [0.5, -0.5]}
							}
						},
						{
							"origin": [-0.13125, 0.61243, -1.77187],
							"size": [0.2625, 0.11967, 0.24999],
							"pivot": [0, 1.27227, -2.6],
							"rotation": [0, 0, 67.5],
							"uv": {
								"north": {"uv": [44, 39], "uv_size": [0.5, 0.5]},
								"down": {"uv": [40, 44.5], "uv_size": [0.5, -0.5]}
							}
						},
						{
							"origin": [-0.13125, 0.61243, -1.77187],
							"size": [0.2625, 0.11967, 0.24999],
							"pivot": [0, 1.27227, -2.6],
							"rotation": [0, 0, 45],
							"uv": {
								"north": {"uv": [44, 40], "uv_size": [0.5, 0.5]},
								"down": {"uv": [41, 44.5], "uv_size": [0.5, -0.5]}
							}
						},
						{
							"origin": [-0.13125, 0.61243, -1.77187],
							"size": [0.2625, 0.11967, 0.24999],
							"pivot": [0, 1.27227, -2.6],
							"rotation": [0, 0, 22.5],
							"uv": {
								"north": {"uv": [44, 41], "uv_size": [0.5, 0.5]},
								"east": {"uv": [42, 44], "uv_size": [0.5, 0.5]},
								"south": {"uv": [44, 42], "uv_size": [0.5, 0.5]},
								"west": {"uv": [43, 44], "uv_size": [0.5, 0.5]},
								"up": {"uv": [44, 43], "uv_size": [0.5, 0.5]},
								"down": {"uv": [44, 44.5], "uv_size": [0.5, -0.5]}
							}
						},
						{
							"origin": [-0.13125, 0.61243, -1.77187],
							"size": [0.2625, 0.11967, 0.24999],
							"uv": {
								"north": {"uv": [0, 45], "uv_size": [0.5, 0.5]},
								"east": {"uv": [45, 0], "uv_size": [0.5, 0.5]},
								"south": {"uv": [1, 45], "uv_size": [0.5, 0.5]},
								"west": {"uv": [45, 1], "uv_size": [0.5, 0.5]},
								"up": {"uv": [2, 45], "uv_size": [0.5, 0.5]},
								"down": {"uv": [45, 2.5], "uv_size": [0.5, -0.5]}
							}
						},
						{
							"origin": [-0.13125, 0.61243, -1.77187],
							"size": [0.2625, 0.11967, 0.24999],
							"pivot": [0, 1.27227, -2.6],
							"rotation": [0, 0, -22.5],
							"uv": {
								"north": {"uv": [3, 45], "uv_size": [0.5, 0.5]},
								"east": {"uv": [45, 3], "uv_size": [0.5, 0.5]},
								"south": {"uv": [4, 45], "uv_size": [0.5, 0.5]},
								"west": {"uv": [45, 4], "uv_size": [0.5, 0.5]},
								"up": {"uv": [5, 45], "uv_size": [0.5, 0.5]},
								"down": {"uv": [45, 5.5], "uv_size": [0.5, -0.5]}
							}
						},
						{
							"origin": [-0.13125, 1.81243, -3.29687],
							"size": [0.2625, 0.11967, 1.46874],
							"pivot": [0, 1.27227, -4.125],
							"rotation": [0, 0, 67.5],
							"uv": {
								"south": {"uv": [6, 45], "uv_size": [0.5, 0.5]},
								"up": {"uv": [42, 10], "uv_size": [0.5, 1.5]},
								"down": {"uv": [42, 13.5], "uv_size": [0.5, -1.5]}
							}
						},
						{
							"origin": [-0.13125, 1.81243, -3.29687],
							"size": [0.2625, 0.11967, 1.46874],
							"pivot": [0, 1.27227, -4.125],
							"rotation": [0, 0, 45],
							"uv": {
								"south": {"uv": [45, 6], "uv_size": [0.5, 0.5]},
								"up": {"uv": [42, 14], "uv_size": [0.5, 1.5]},
								"down": {"uv": [42, 17.5], "uv_size": [0.5, -1.5]}
							}
						},
						{
							"origin": [-0.13125, 1.81243, -3.29687],
							"size": [0.2625, 0.11967, 1.46874],
							"pivot": [0, 1.27227, -4.125],
							"rotation": [0, 0, 22.5],
							"uv": {
								"south": {"uv": [7, 45], "uv_size": [0.5, 0.5]},
								"up": {"uv": [42, 18], "uv_size": [0.5, 1.5]},
								"down": {"uv": [20, 43.5], "uv_size": [0.5, -1.5]}
							}
						},
						{
							"origin": [-0.13782, 0.57944, -3.30609],
							"size": [0.27562, 0.20065, 0.23718],
							"pivot": [0, 1.27227, -3.1125],
							"rotation": [0, 0, 90],
							"uv": {
								"north": {"uv": [45, 7], "uv_size": [0.5, 0.5]},
								"east": {"uv": [8, 45], "uv_size": [0.5, 0.5]},
								"south": {"uv": [45, 8], "uv_size": [0.5, 0.5]},
								"west": {"uv": [9, 45], "uv_size": [0.5, 0.5]},
								"up": {"uv": [45, 9], "uv_size": [0.5, 0.5]},
								"down": {"uv": [10, 45.5], "uv_size": [0.5, -0.5]}
							}
						},
						{
							"origin": [-0.13782, 0.57944, -3.30609],
							"size": [0.27562, 0.20065, 0.23718],
							"pivot": [0, 1.27227, -3.1125],
							"rotation": [0, 0, 112.5],
							"uv": {
								"north": {"uv": [45, 10], "uv_size": [0.5, 0.5]},
								"east": {"uv": [11, 45], "uv_size": [0.5, 0.5]},
								"south": {"uv": [45, 11], "uv_size": [0.5, 0.5]},
								"west": {"uv": [12, 45], "uv_size": [0.5, 0.5]},
								"up": {"uv": [45, 12], "uv_size": [0.5, 0.5]},
								"down": {"uv": [13, 45.5], "uv_size": [0.5, -0.5]}
							}
						},
						{
							"origin": [-0.13782, 0.57943, -3.30609],
							"size": [0.27562, 0.20066, 0.23718],
							"pivot": [0, 1.27227, -3.1125],
							"rotation": [0, 0, 135],
							"uv": {
								"north": {"uv": [45, 13], "uv_size": [0.5, 0.5]},
								"east": {"uv": [14, 45], "uv_size": [0.5, 0.5]},
								"south": {"uv": [45, 14], "uv_size": [0.5, 0.5]},
								"west": {"uv": [15, 45], "uv_size": [0.5, 0.5]},
								"up": {"uv": [45, 15], "uv_size": [0.5, 0.5]},
								"down": {"uv": [16, 45.5], "uv_size": [0.5, -0.5]}
							}
						},
						{
							"origin": [-0.13781, 1.76444, -3.30609],
							"size": [0.27562, 0.20065, 0.23718],
							"pivot": [0, 1.27227, -3.1125],
							"rotation": [0, 0, -22.5],
							"uv": {
								"north": {"uv": [45, 16], "uv_size": [0.5, 0.5]},
								"east": {"uv": [17, 45], "uv_size": [0.5, 0.5]},
								"south": {"uv": [45, 17], "uv_size": [0.5, 0.5]},
								"west": {"uv": [18, 45], "uv_size": [0.5, 0.5]},
								"up": {"uv": [45, 18], "uv_size": [0.5, 0.5]},
								"down": {"uv": [19, 45.5], "uv_size": [0.5, -0.5]}
							}
						},
						{
							"origin": [-0.13781, 1.76444, -3.30609],
							"size": [0.27562, 0.20065, 0.23718],
							"uv": {
								"north": {"uv": [45, 19], "uv_size": [0.5, 0.5]},
								"east": {"uv": [20, 45], "uv_size": [0.5, 0.5]},
								"south": {"uv": [45, 20], "uv_size": [0.5, 0.5]},
								"west": {"uv": [21, 45], "uv_size": [0.5, 0.5]},
								"up": {"uv": [45, 21], "uv_size": [0.5, 0.5]},
								"down": {"uv": [22, 45.5], "uv_size": [0.5, -0.5]}
							}
						},
						{
							"origin": [-0.13781, 1.76444, -3.30609],
							"size": [0.27562, 0.20065, 0.23718],
							"pivot": [0, 1.27227, -3.1125],
							"rotation": [0, 0, 22.5],
							"uv": {
								"north": {"uv": [45, 22], "uv_size": [0.5, 0.5]},
								"east": {"uv": [23, 45], "uv_size": [0.5, 0.5]},
								"south": {"uv": [45, 23], "uv_size": [0.5, 0.5]},
								"west": {"uv": [45, 24], "uv_size": [0.5, 0.5]},
								"up": {"uv": [25, 45], "uv_size": [0.5, 0.5]},
								"down": {"uv": [45, 25.5], "uv_size": [0.5, -0.5]}
							}
						},
						{
							"origin": [-0.13782, 1.76444, -3.30609],
							"size": [0.27563, 0.20065, 0.23718],
							"pivot": [0, 1.27227, -3.1125],
							"rotation": [0, 0, 45],
							"uv": {
								"north": {"uv": [26, 45], "uv_size": [0.5, 0.5]},
								"east": {"uv": [45, 26], "uv_size": [0.5, 0.5]},
								"south": {"uv": [27, 45], "uv_size": [0.5, 0.5]},
								"west": {"uv": [45, 27], "uv_size": [0.5, 0.5]},
								"up": {"uv": [28, 45], "uv_size": [0.5, 0.5]},
								"down": {"uv": [45, 28.5], "uv_size": [0.5, -0.5]}
							}
						},
						{
							"origin": [-0.13782, 1.76444, -3.30609],
							"size": [0.27562, 0.20065, 0.23718],
							"pivot": [0, 1.27227, -3.1125],
							"rotation": [0, 0, 67.5],
							"uv": {
								"north": {"uv": [29, 45], "uv_size": [0.5, 0.5]},
								"east": {"uv": [45, 29], "uv_size": [0.5, 0.5]},
								"south": {"uv": [30, 45], "uv_size": [0.5, 0.5]},
								"west": {"uv": [45, 30], "uv_size": [0.5, 0.5]},
								"up": {"uv": [31, 45], "uv_size": [0.5, 0.5]},
								"down": {"uv": [45, 31.5], "uv_size": [0.5, -0.5]}
							}
						},
						{
							"origin": [-0.13782, 1.76444, -3.30609],
							"size": [0.27562, 0.20065, 0.23718],
							"pivot": [0, 1.27227, -3.1125],
							"rotation": [0, 0, 90],
							"uv": {
								"north": {"uv": [32, 45], "uv_size": [0.5, 0.5]},
								"east": {"uv": [45, 32], "uv_size": [0.5, 0.5]},
								"south": {"uv": [33, 45], "uv_size": [0.5, 0.5]},
								"west": {"uv": [45, 33], "uv_size": [0.5, 0.5]},
								"up": {"uv": [34, 45], "uv_size": [0.5, 0.5]},
								"down": {"uv": [45, 34.5], "uv_size": [0.5, -0.5]}
							}
						},
						{
							"origin": [-0.13782, 1.76444, -3.30609],
							"size": [0.27562, 0.20065, 0.23718],
							"pivot": [0, 1.27227, -3.1125],
							"rotation": [0, 0, 112.5],
							"uv": {
								"north": {"uv": [35, 45], "uv_size": [0.5, 0.5]},
								"east": {"uv": [45, 35], "uv_size": [0.5, 0.5]},
								"south": {"uv": [36, 45], "uv_size": [0.5, 0.5]},
								"west": {"uv": [45, 36], "uv_size": [0.5, 0.5]},
								"up": {"uv": [37, 45], "uv_size": [0.5, 0.5]},
								"down": {"uv": [45, 37.5], "uv_size": [0.5, -0.5]}
							}
						},
						{
							"origin": [-0.13782, 1.76443, -3.30609],
							"size": [0.27562, 0.20066, 0.23718],
							"pivot": [0, 1.27227, -3.1125],
							"rotation": [0, 0, 135],
							"uv": {
								"north": {"uv": [38, 45], "uv_size": [0.5, 0.5]},
								"east": {"uv": [45, 38], "uv_size": [0.5, 0.5]},
								"south": {"uv": [39, 45], "uv_size": [0.5, 0.5]},
								"west": {"uv": [45, 39], "uv_size": [0.5, 0.5]},
								"up": {"uv": [40, 45], "uv_size": [0.5, 0.5]},
								"down": {"uv": [45, 40.5], "uv_size": [0.5, -0.5]}
							}
						},
						{
							"origin": [-0.13781, 0.57944, -3.30609],
							"size": [0.27562, 0.20065, 0.23718],
							"pivot": [0, 1.27227, -3.1125],
							"rotation": [0, 0, -22.5],
							"uv": {
								"north": {"uv": [41, 45], "uv_size": [0.5, 0.5]},
								"east": {"uv": [45, 41], "uv_size": [0.5, 0.5]},
								"south": {"uv": [42, 45], "uv_size": [0.5, 0.5]},
								"west": {"uv": [45, 42], "uv_size": [0.5, 0.5]},
								"up": {"uv": [43, 45], "uv_size": [0.5, 0.5]},
								"down": {"uv": [45, 43.5], "uv_size": [0.5, -0.5]}
							}
						},
						{
							"origin": [-0.13781, 0.57944, -3.30609],
							"size": [0.27562, 0.20065, 0.23718],
							"uv": {
								"north": {"uv": [44, 45], "uv_size": [0.5, 0.5]},
								"east": {"uv": [45, 44], "uv_size": [0.5, 0.5]},
								"south": {"uv": [45, 45], "uv_size": [0.5, 0.5]},
								"west": {"uv": [0, 46], "uv_size": [0.5, 0.5]},
								"up": {"uv": [46, 0], "uv_size": [0.5, 0.5]},
								"down": {"uv": [1, 46.5], "uv_size": [0.5, -0.5]}
							}
						},
						{
							"origin": [-0.13781, 0.57944, -3.30609],
							"size": [0.27562, 0.20065, 0.23718],
							"pivot": [0, 1.27227, -3.1125],
							"rotation": [0, 0, 22.5],
							"uv": {
								"north": {"uv": [46, 1], "uv_size": [0.5, 0.5]},
								"east": {"uv": [2, 46], "uv_size": [0.5, 0.5]},
								"south": {"uv": [46, 2], "uv_size": [0.5, 0.5]},
								"west": {"uv": [3, 46], "uv_size": [0.5, 0.5]},
								"up": {"uv": [46, 3], "uv_size": [0.5, 0.5]},
								"down": {"uv": [4, 46.5], "uv_size": [0.5, -0.5]}
							}
						},
						{
							"origin": [-0.13782, 0.57944, -3.30609],
							"size": [0.27563, 0.20065, 0.23718],
							"pivot": [0, 1.27227, -3.1125],
							"rotation": [0, 0, 45],
							"uv": {
								"north": {"uv": [46, 4], "uv_size": [0.5, 0.5]},
								"east": {"uv": [5, 46], "uv_size": [0.5, 0.5]},
								"south": {"uv": [46, 5], "uv_size": [0.5, 0.5]},
								"west": {"uv": [6, 46], "uv_size": [0.5, 0.5]},
								"up": {"uv": [46, 6], "uv_size": [0.5, 0.5]},
								"down": {"uv": [7, 46.5], "uv_size": [0.5, -0.5]}
							}
						},
						{
							"origin": [-0.13782, 0.57944, -3.30609],
							"size": [0.27562, 0.20065, 0.23718],
							"pivot": [0, 1.27227, -3.1125],
							"rotation": [0, 0, 67.5],
							"uv": {
								"north": {"uv": [46, 7], "uv_size": [0.5, 0.5]},
								"east": {"uv": [8, 46], "uv_size": [0.5, 0.5]},
								"south": {"uv": [46, 8], "uv_size": [0.5, 0.5]},
								"west": {"uv": [9, 46], "uv_size": [0.5, 0.5]},
								"up": {"uv": [46, 9], "uv_size": [0.5, 0.5]},
								"down": {"uv": [10, 46.5], "uv_size": [0.5, -0.5]}
							}
						}
					]
				},
				{
					"name": "ocular",
					"pivot": [0, 1.27227, 1.61874],
					"cubes": [
						{
							"origin": [-0.11156, 0.71141, 1.20015],
							"size": [0.22312, 1.12172, 0.03719],
							"pivot": [0, 1.27227, 1.21874],
							"rotation": [0, 0, 45],
							"uv": {
								"south": {"uv": [42, 21], "uv_size": [0.5, 1]}
							}
						},
						{
							"origin": [-0.11156, 0.71141, 1.20015],
							"size": [0.22312, 1.12172, 0.03719],
							"uv": {
								"south": {"uv": [42, 22], "uv_size": [0.5, 1]}
							}
						},
						{
							"origin": [-0.11157, 0.71141, 1.20015],
							"size": [0.22313, 1.12172, 0.03719],
							"pivot": [0, 1.27227, 1.21874],
							"rotation": [0, 0, 112.5],
							"uv": {
								"south": {"uv": [42, 23], "uv_size": [0.5, 1]}
							}
						},
						{
							"origin": [-0.11156, 0.71141, 1.20015],
							"size": [0.22312, 1.12172, 0.03719],
							"pivot": [0, 1.27227, 1.21874],
							"rotation": [0, 0, 90],
							"uv": {
								"south": {"uv": [42, 24], "uv_size": [0.5, 1]}
							}
						},
						{
							"origin": [-0.11156, 0.71141, 1.20015],
							"size": [0.22312, 1.12172, 0.03719],
							"pivot": [0, 1.27227, 1.21874],
							"rotation": [0, 0, 67.5],
							"uv": {
								"south": {"uv": [42, 25], "uv_size": [0.5, 1]}
							}
						},
						{
							"origin": [-0.11156, 0.71141, 1.20015],
							"size": [0.22312, 1.12172, 0.03719],
							"pivot": [0, 1.27227, 1.21874],
							"rotation": [0, 0, 22.5],
							"uv": {
								"south": {"uv": [42, 26], "uv_size": [0.5, 1]}
							}
						},
						{
							"origin": [-0.11156, 0.71141, 1.20015],
							"size": [0.22312, 1.12171, 0.03719],
							"pivot": [0, 1.27227, 1.21874],
							"rotation": [0, 0, -22.5],
							"uv": {
								"south": {"uv": [42, 27], "uv_size": [0.5, 1]}
							}
						},
						{
							"origin": [-0.11157, 0.71141, 1.20015],
							"size": [0.22313, 1.12172, 0.03719],
							"pivot": [0, 1.27227, 1.21874],
							"rotation": [0, 0, 135],
							"uv": {
								"south": {"uv": [42, 28], "uv_size": [0.5, 1]}
							}
						}
					]
				},
				{
					"name": "ocular_ring",
					"pivot": [0, 1.27227, 1.51874],
					"cubes": [
						{
							"origin": [-0.13125, 1.76243, 1.49687],
							"size": [0.2625, 0.16967, 0.04375],
							"pivot": [0, 1.27227, -0.15625],
							"rotation": [0, 0, 22.5],
							"uv": {
								"south": {"uv": [42, 33], "uv_size": [0.5, 0.5]},
								"up": {"uv": [34, 42], "uv_size": [0.5, 0.5]},
								"down": {"uv": [42, 34.5], "uv_size": [0.5, -0.5]}
							}
						},
						{
							"origin": [-0.13125, 1.76243, 1.49687],
							"size": [0.2625, 0.16967, 0.04375],
							"pivot": [0, 1.27227, -0.15625],
							"rotation": [0, 0, 45],
							"uv": {
								"south": {"uv": [35, 42], "uv_size": [0.5, 0.5]},
								"up": {"uv": [42, 35], "uv_size": [0.5, 0.5]},
								"down": {"uv": [36, 42.5], "uv_size": [0.5, -0.5]}
							}
						},
						{
							"origin": [-0.13125, 1.76243, 1.49687],
							"size": [0.2625, 0.16967, 0.04375],
							"pivot": [0, 1.27227, -0.15625],
							"rotation": [0, 0, 67.5],
							"uv": {
								"south": {"uv": [42, 36], "uv_size": [0.5, 0.5]},
								"up": {"uv": [37, 42], "uv_size": [0.5, 0.5]},
								"down": {"uv": [42, 37.5], "uv_size": [0.5, -0.5]}
							}
						},
						{
							"origin": [-0.13125, 1.76243, 1.49687],
							"size": [0.2625, 0.16967, 0.04375],
							"pivot": [0, 1.27227, -0.15625],
							"rotation": [0, 0, 90],
							"uv": {
								"south": {"uv": [42, 38], "uv_size": [0.5, 0.5]},
								"up": {"uv": [42, 39], "uv_size": [0.5, 0.5]},
								"down": {"uv": [40, 42.5], "uv_size": [0.5, -0.5]}
							}
						},
						{
							"origin": [-0.13125, 1.76243, 1.49687],
							"size": [0.2625, 0.16967, 0.04375],
							"uv": {
								"south": {"uv": [42, 40], "uv_size": [0.5, 0.5]},
								"up": {"uv": [42, 41], "uv_size": [0.5, 0.5]},
								"down": {"uv": [42, 42.5], "uv_size": [0.5, -0.5]}
							}
						},
						{
							"origin": [-0.13125, 1.76243, 1.49687],
							"size": [0.2625, 0.16967, 0.04375],
							"pivot": [0, 1.27227, -0.15625],
							"rotation": [0, 0, -22.5],
							"uv": {
								"south": {"uv": [0, 43], "uv_size": [0.5, 0.5]},
								"up": {"uv": [43, 0], "uv_size": [0.5, 0.5]},
								"down": {"uv": [1, 43.5], "uv_size": [0.5, -0.5]}
							}
						},
						{
							"origin": [-0.13125, 0.61243, 1.49687],
							"size": [0.2625, 0.16967, 0.04375],
							"pivot": [0, 1.27227, -0.15625],
							"rotation": [0, 0, 135],
							"uv": {
								"south": {"uv": [43, 1], "uv_size": [0.5, 0.5]},
								"up": {"uv": [2, 43], "uv_size": [0.5, 0.5]},
								"down": {"uv": [43, 2.5], "uv_size": [0.5, -0.5]}
							}
						},
						{
							"origin": [-0.13125, 0.61243, 1.49687],
							"size": [0.2625, 0.16967, 0.04375],
							"pivot": [0, 1.27227, -0.15625],
							"rotation": [0, 0, 112.5],
							"uv": {
								"south": {"uv": [3, 43], "uv_size": [0.5, 0.5]},
								"up": {"uv": [43, 3], "uv_size": [0.5, 0.5]},
								"down": {"uv": [4, 43.5], "uv_size": [0.5, -0.5]}
							}
						},
						{
							"origin": [-0.13125, 0.61243, 1.49687],
							"size": [0.2625, 0.16967, 0.04375],
							"pivot": [0, 1.27227, -0.15625],
							"rotation": [0, 0, 90],
							"uv": {
								"south": {"uv": [43, 4], "uv_size": [0.5, 0.5]},
								"up": {"uv": [5, 43], "uv_size": [0.5, 0.5]},
								"down": {"uv": [43, 5.5], "uv_size": [0.5, -0.5]}
							}
						},
						{
							"origin": [-0.13125, 0.61243, 1.49687],
							"size": [0.2625, 0.16967, 0.04375],
							"pivot": [0, 1.27227, -0.15625],
							"rotation": [0, 0, 67.5],
							"uv": {
								"south": {"uv": [6, 43], "uv_size": [0.5, 0.5]},
								"up": {"uv": [43, 6], "uv_size": [0.5, 0.5]},
								"down": {"uv": [7, 43.5], "uv_size": [0.5, -0.5]}
							}
						},
						{
							"origin": [-0.13125, 0.61243, 1.49687],
							"size": [0.2625, 0.16967, 0.04375],
							"pivot": [0, 1.27227, -0.15625],
							"rotation": [0, 0, 45],
							"uv": {
								"south": {"uv": [43, 7], "uv_size": [0.5, 0.5]},
								"up": {"uv": [8, 43], "uv_size": [0.5, 0.5]},
								"down": {"uv": [43, 8.5], "uv_size": [0.5, -0.5]}
							}
						},
						{
							"origin": [-0.13125, 0.61243, 1.49687],
							"size": [0.2625, 0.16967, 0.04375],
							"pivot": [0, 1.27227, -0.15625],
							"rotation": [0, 0, 22.5],
							"uv": {
								"south": {"uv": [9, 43], "uv_size": [0.5, 0.5]},
								"up": {"uv": [43, 9], "uv_size": [0.5, 0.5]},
								"down": {"uv": [10, 43.5], "uv_size": [0.5, -0.5]}
							}
						},
						{
							"origin": [-0.13125, 0.61243, 1.49687],
							"size": [0.2625, 0.16967, 0.04375],
							"uv": {
								"south": {"uv": [43, 10], "uv_size": [0.5, 0.5]},
								"up": {"uv": [11, 43], "uv_size": [0.5, 0.5]},
								"down": {"uv": [43, 11.5], "uv_size": [0.5, -0.5]}
							}
						},
						{
							"origin": [-0.13125, 0.61243, 1.49687],
							"size": [0.2625, 0.16967, 0.04375],
							"pivot": [0, 1.27227, -0.15625],
							"rotation": [0, 0, -22.5],
							"uv": {
								"south": {"uv": [12, 43], "uv_size": [0.5, 0.5]},
								"up": {"uv": [43, 12], "uv_size": [0.5, 0.5]},
								"down": {"uv": [13, 43.5], "uv_size": [0.5, -0.5]}
							}
						},
						{
							"origin": [-0.13125, 1.76243, 1.49687],
							"size": [0.2625, 0.16967, 0.04375],
							"pivot": [0, 1.27227, -0.15625],
							"rotation": [0, 0, 112.5],
							"uv": {
								"south": {"uv": [43, 13], "uv_size": [0.5, 0.5]},
								"up": {"uv": [14, 43], "uv_size": [0.5, 0.5]},
								"down": {"uv": [43, 14.5], "uv_size": [0.5, -0.5]}
							}
						},
						{
							"origin": [-0.13125, 1.76243, 1.49687],
							"size": [0.2625, 0.16967, 0.04375],
							"pivot": [0, 1.27227, -0.15625],
							"rotation": [0, 0, 135],
							"uv": {
								"south": {"uv": [15, 43], "uv_size": [0.5, 0.5]},
								"up": {"uv": [43, 15], "uv_size": [0.5, 0.5]},
								"down": {"uv": [16, 43.5], "uv_size": [0.5, -0.5]}
							}
						}
					]
				},
				{
					"name": "lens",
					"pivot": [0.35443, 1.05925, -3.1125],
					"cubes": [
						{
							"origin": [-0.26422, 1.36434, -3.00609],
							"size": [0.15062, 0.58435, 0.13718],
							"pivot": [-0.30141, 1.85651, -3.1125],
							"rotation": [0, 0, 45],
							"uv": {
								"north": {"uv": [33, 42], "uv_size": [0.5, 0.5]}
							}
						},
						{
							"origin": [-0.29914, 1.11641, -3.00609],
							"size": [0.20063, 0.98435, 0.13718],
							"pivot": [-0.33632, 1.60858, -3.1125],
							"rotation": [0, 0, 45],
							"uv": {
								"north": {"uv": [36, 35], "uv_size": [0.5, 1]}
							}
						},
						{
							"origin": [-0.23782, 0.68009, -3.00609],
							"size": [0.47563, 1.18435, 0.13718],
							"pivot": [0, 1.27227, -3.1125],
							"rotation": [0, 0, 45],
							"uv": {
								"north": {"uv": [40, 35], "uv_size": [0.5, 1]}
							}
						},
						{
							"origin": [0.24976, 0.50894, -3.00609],
							"size": [0.20062, 1.08435, 0.13718],
							"pivot": [0.21257, 1.20111, -3.1125],
							"rotation": [0, 0, 45],
							"uv": {
								"north": {"uv": [41, 2], "uv_size": [0.5, 1]}
							}
						},
						{
							"origin": [0.39162, 0.36708, -3.00609],
							"size": [0.15062, 0.88434, 0.13718],
							"pivot": [0.35443, 1.05925, -3.1125],
							"rotation": [0, 0, 45],
							"uv": {
								"north": {"uv": [42, 20], "uv_size": [0.5, 1]}
							}
						}
					]
				}
			]
		}
	]
}