{
	"format_version": "1.12.0",
	"minecraft:geometry": [
		{
			"description": {
				"identifier": "geometry.unknown",
				"texture_width": 32,
				"texture_height": 32,
				"visible_bounds_width": 5,
				"visible_bounds_height": 3,
				"visible_bounds_offset": [0, 0.5, 0]
			},
			"bones": [
				{
					"name": "division",
					"pivot": [0, 1.39476, -25.48572]
				},
				{
					"name": "bone2_illuminated",
					"parent": "division",
					"pivot": [0, 1.39476, -35.48572],
					"cubes": [
						{
							"origin": [-0.13648, 1.36816, -35.49644],
							"size": [0.27296, 0.05321, 0.02144],
							"pivot": [0, 1.39476, -35.48572],
							"rotation": [0, 0, -135],
							"uv": {
								"south": {"uv": [1, 13], "uv_size": [0.5, 0.5]}
							}
						},
						{
							"origin": [-0.11532, 1.31707, -35.49644],
							"size": [0.23064, 0.15539, 0.02144],
							"pivot": [0, 1.39476, -35.48572],
							"rotation": [0, 0, 90],
							"uv": {
								"south": {"uv": [12, 12], "uv_size": [0.5, 0.5]}
							}
						},
						{
							"origin": [-0.13648, 1.36816, -35.49644],
							"size": [0.27296, 0.05321, 0.02144],
							"pivot": [0, 1.39476, -35.48572],
							"rotation": [0, 0, 135],
							"uv": {
								"south": {"uv": [13, 0], "uv_size": [0.5, 0.5]}
							}
						},
						{
							"origin": [-0.11532, 1.31707, -35.49644],
							"size": [0.23064, 0.15539, 0.02144],
							"pivot": [0, 1.39476, -35.48572],
							"rotation": [0, 0, -180],
							"uv": {
								"south": {"uv": [0, 13], "uv_size": [0.5, 0.5]}
							}
						}
					]
				},
				{
					"name": "ocular",
					"pivot": [0, 1.39476, -0.56072],
					"cubes": [
						{
							"origin": [-0.61102, 1.27322, -0.57101],
							"size": [1.22204, 0.24308, 0.02058],
							"pivot": [0, 1.39476, -0.65672],
							"rotation": [0, 0, 90],
							"uv": {
								"south": {"uv": [10, 4], "uv_size": [1, 0.5]}
							}
						},
						{
							"origin": [-0.61102, 1.27322, -0.57101],
							"size": [1.22204, 0.24308, 0.02058],
							"pivot": [0, 1.39476, -0.65672],
							"rotation": [0, 0, 112.5],
							"uv": {
								"south": {"uv": [5, 10], "uv_size": [1, 0.5]}
							}
						},
						{
							"origin": [-0.61102, 1.27322, -0.57101],
							"size": [1.22204, 0.24308, 0.02058],
							"pivot": [0, 1.39476, -0.65672],
							"rotation": [0, 0, 135],
							"uv": {
								"south": {"uv": [10, 5], "uv_size": [1, 0.5]}
							}
						},
						{
							"origin": [-0.61102, 1.27322, -0.57101],
							"size": [1.22204, 0.24308, 0.02058],
							"uv": {
								"south": {"uv": [6, 10], "uv_size": [1, 0.5]}
							}
						},
						{
							"origin": [-0.61102, 1.27322, -0.57101],
							"size": [1.22204, 0.24308, 0.02058],
							"pivot": [0, 1.39476, -0.65672],
							"rotation": [0, 0, 45],
							"uv": {
								"south": {"uv": [10, 6], "uv_size": [1, 0.5]}
							}
						},
						{
							"origin": [-0.61102, 1.27322, -0.57101],
							"size": [1.22204, 0.24308, 0.02058],
							"pivot": [0, 1.39476, -0.65672],
							"rotation": [0, 0, 157.5],
							"uv": {
								"south": {"uv": [7, 10], "uv_size": [1, 0.5]}
							}
						},
						{
							"origin": [-0.61102, 1.27322, -0.57101],
							"size": [1.22204, 0.24308, 0.02058],
							"pivot": [0, 1.39476, -0.65672],
							"rotation": [0, 0, 22.5],
							"uv": {
								"south": {"uv": [10, 7], "uv_size": [1, 0.5]}
							}
						},
						{
							"origin": [-0.61102, 1.27322, -0.57101],
							"size": [1.22204, 0.24308, 0.02058],
							"pivot": [0, 1.39476, -0.65672],
							"rotation": [0, 0, 67.5],
							"uv": {
								"south": {"uv": [8, 10], "uv_size": [1, 0.5]}
							}
						}
					]
				},
				{
					"name": "scope_body",
					"pivot": [0.2854, 0.47748, 0.0625],
					"cubes": [
						{
							"origin": [-0.55, -0.15, -0.9],
							"size": [1.1, 0.25, 1.925],
							"uv": {
								"north": {"uv": [0, 9], "uv_size": [1, 0.5]},
								"east": {"uv": [0, 2], "uv_size": [2, 0.5]},
								"south": {"uv": [9, 2], "uv_size": [1, 0.5]},
								"west": {"uv": [2, 0], "uv_size": [2, 0.5]},
								"down": {"uv": [0, 2], "uv_size": [1, -2]}
							}
						},
						{
							"origin": [-0.4639, 0.1, -0.9],
							"size": [0.9278, 0.20787, 1.925],
							"uv": {
								"north": {"uv": [9, 3], "uv_size": [1, 0.5]},
								"south": {"uv": [9, 4], "uv_size": [1, 0.5]},
								"up": {"uv": [1, 0], "uv_size": [1, 2]}
							}
						},
						{
							"origin": [-0.3639, 0.30787, -0.9],
							"size": [0.7278, 0.05788, 1.925],
							"uv": {
								"north": {"uv": [11, 4], "uv_size": [0.5, 0.5]},
								"east": {"uv": [2, 1], "uv_size": [2, 0.5]},
								"south": {"uv": [5, 11], "uv_size": [0.5, 0.5]},
								"west": {"uv": [2, 2], "uv_size": [2, 0.5]}
							}
						},
						{
							"origin": [-0.34065, 0.36575, -0.9],
							"size": [0.6813, 0.02324, 1.925],
							"uv": {
								"north": {"uv": [11, 5], "uv_size": [0.5, 0.5]},
								"south": {"uv": [6, 11], "uv_size": [0.5, 0.5]},
								"up": {"uv": [0, 3], "uv_size": [0.5, 2]}
							}
						},
						{
							"origin": [-0.43808, 0.06575, 0],
							"size": [0.87616, 0.42693, 0.925],
							"pivot": [0, 0.47737, 0.5125],
							"rotation": [-7.5, 0, 0],
							"uv": {
								"south": {"uv": [9, 5], "uv_size": [1, 0.5]},
								"up": {"uv": [1, 3], "uv_size": [1, 1]}
							}
						},
						{
							"origin": [0.29267, 0.38149, -0.00494],
							"size": [0.1813, 0.04824, 0.925],
							"pivot": [0.38332, 0.44311, 0.45756],
							"rotation": [-6.93488, -2.86313, -22.32648],
							"uv": {
								"north": {"uv": [11, 6], "uv_size": [0.5, 0.5]},
								"south": {"uv": [7, 11], "uv_size": [0.5, 0.5]},
								"west": {"uv": [9, 6], "uv_size": [1, 0.5]}
							}
						},
						{
							"origin": [0.30038, 0.39449, -0.00817],
							"size": [0.1813, 0.04824, 0.925],
							"pivot": [0.39103, 0.41861, 0.45433],
							"rotation": [-5.31847, -5.29571, -44.75386],
							"uv": {
								"north": {"uv": [11, 7], "uv_size": [0.5, 0.5]},
								"south": {"uv": [8, 11], "uv_size": [0.5, 0.5]},
								"west": {"uv": [9, 7], "uv_size": [1, 0.5]}
							}
						},
						{
							"origin": [-0.48168, 0.39449, -0.00817],
							"size": [0.1813, 0.04824, 0.925],
							"pivot": [-0.39103, 0.41861, 0.45433],
							"rotation": [-5.31847, 5.29571, 44.75386],
							"uv": {
								"east": {"uv": [8, 9], "uv_size": [1, 0.5]},
								"south": {"uv": [11, 8], "uv_size": [0.5, 0.5]}
							}
						},
						{
							"origin": [-0.47397, 0.38149, -0.00494],
							"size": [0.1813, 0.04824, 0.925],
							"pivot": [-0.38332, 0.44311, 0.45756],
							"rotation": [-6.93488, 2.86313, 22.32648],
							"uv": {
								"east": {"uv": [9, 9], "uv_size": [1, 0.5]},
								"south": {"uv": [9, 11], "uv_size": [0.5, 0.5]}
							}
						},
						{
							"origin": [-0.49065, 0.06575, 0],
							"size": [0.9813, 0.34824, 0.925],
							"pivot": [0, 0.47737, 0.5125],
							"rotation": [-7.5, 0, 0],
							"uv": {
								"east": {"uv": [0, 10], "uv_size": [1, 0.5]},
								"south": {"uv": [10, 0], "uv_size": [1, 0.5]},
								"west": {"uv": [1, 10], "uv_size": [1, 0.5]}
							}
						},
						{
							"origin": [0.28929, 0.34523, -0.85],
							"size": [0.23131, 0.29824, 0.95],
							"pivot": [0.45494, 0.50685, -0.375],
							"rotation": [0, 0, -45],
							"uv": {
								"north": {"uv": [11, 9], "uv_size": [0.5, 0.5]},
								"south": {"uv": [10, 11], "uv_size": [0.5, 0.5]},
								"west": {"uv": [10, 1], "uv_size": [1, 0.5]}
							}
						},
						{
							"origin": [-0.5206, 0.34523, -0.85],
							"size": [0.23131, 0.29824, 0.95],
							"pivot": [-0.45494, 0.50685, -0.375],
							"rotation": [0, 0, 45],
							"uv": {
								"north": {"uv": [11, 10], "uv_size": [0.5, 0.5]},
								"east": {"uv": [2, 10], "uv_size": [1, 0.5]},
								"south": {"uv": [11, 11], "uv_size": [0.5, 0.5]}
							}
						},
						{
							"origin": [-0.40476, 0.43899, -0.85],
							"size": [0.80952, 0.21089, 0.95],
							"uv": {
								"north": {"uv": [10, 2], "uv_size": [1, 0.5]},
								"south": {"uv": [3, 10], "uv_size": [1, 0.5]}
							}
						},
						{
							"origin": [0.27976, 0.43899, 0.1],
							"size": [0.125, 0.21089, 0.575],
							"uv": {
								"east": {"uv": [0, 12], "uv_size": [0.5, 0.5]},
								"west": {"uv": [12, 0], "uv_size": [0.5, 0.5]},
								"up": {"uv": [1, 12], "uv_size": [0.5, 0.5]}
							}
						},
						{
							"origin": [-0.40476, 0.43899, 0.1],
							"size": [0.125, 0.21089, 0.575],
							"uv": {
								"east": {"uv": [12, 1], "uv_size": [0.5, 0.5]},
								"west": {"uv": [2, 12], "uv_size": [0.5, 0.5]},
								"up": {"uv": [12, 2], "uv_size": [0.5, 0.5]}
							}
						},
						{
							"origin": [-0.40476, 0.34417, 0.54049],
							"size": [0.125, 0.2109, 0.35],
							"pivot": [0, 0.44962, 0.71549],
							"rotation": [-47.5, 0, 0],
							"uv": {
								"east": {"uv": [3, 12], "uv_size": [0.5, 0.5]},
								"west": {"uv": [12, 3], "uv_size": [0.5, 0.5]},
								"up": {"uv": [4, 12], "uv_size": [0.5, 0.5]}
							}
						},
						{
							"origin": [0.27976, 0.34417, 0.54049],
							"size": [0.125, 0.2109, 0.35],
							"pivot": [0, 0.44962, 0.71549],
							"rotation": [-47.5, 0, 0],
							"uv": {
								"east": {"uv": [12, 4], "uv_size": [0.5, 0.5]},
								"west": {"uv": [5, 12], "uv_size": [0.5, 0.5]},
								"up": {"uv": [12, 5], "uv_size": [0.5, 0.5]}
							}
						},
						{
							"origin": [-0.40476, 0.57241, -0.81388],
							"size": [0.80952, 0.21089, 0.2],
							"pivot": [0, 0.67786, -0.68888],
							"rotation": [50, 0, 0],
							"uv": {
								"east": {"uv": [6, 12], "uv_size": [0.5, 0.5]},
								"west": {"uv": [12, 6], "uv_size": [0.5, 0.5]},
								"up": {"uv": [10, 3], "uv_size": [1, 0.5]}
							}
						},
						{
							"origin": [-0.40476, 0.64988, -0.72144],
							"size": [0.80952, 0.15321, 0.47144],
							"uv": {
								"east": {"uv": [7, 12], "uv_size": [0.5, 0.5]},
								"west": {"uv": [12, 7], "uv_size": [0.5, 0.5]},
								"up": {"uv": [4, 10], "uv_size": [1, 0.5]}
							}
						},
						{
							"origin": [-0.65476, 0.56079, -0.65657],
							"size": [1.30952, 0.15321, 0.36988],
							"uv": {
								"north": {"uv": [6, 5], "uv_size": [1.5, 0.5]},
								"east": {"uv": [8, 12], "uv_size": [0.5, 0.5]},
								"south": {"uv": [2, 7], "uv_size": [1.5, 0.5]},
								"west": {"uv": [12, 8], "uv_size": [0.5, 0.5]}
							}
						},
						{
							"origin": [-0.65476, 0.51001, -0.70735],
							"size": [1.30952, 0.15321, 0.36988],
							"pivot": [0, 0.58661, -0.47163],
							"rotation": [-90, 0, 0],
							"uv": {
								"north": {"uv": [7, 2], "uv_size": [1.5, 0.5]},
								"east": {"uv": [9, 12], "uv_size": [0.5, 0.5]},
								"south": {"uv": [7, 3], "uv_size": [1.5, 0.5]},
								"west": {"uv": [12, 9], "uv_size": [0.5, 0.5]}
							}
						},
						{
							"origin": [-0.65476, 0.52488, -0.67144],
							"size": [1.30952, 0.15321, 0.36988],
							"pivot": [0, 0.60149, -0.43572],
							"rotation": [-45, 0, 0],
							"uv": {
								"north": {"uv": [5, 7], "uv_size": [1.5, 0.5]},
								"east": {"uv": [10, 12], "uv_size": [0.5, 0.5]},
								"south": {"uv": [7, 6], "uv_size": [1.5, 0.5]},
								"west": {"uv": [12, 10], "uv_size": [0.5, 0.5]}
							}
						},
						{
							"origin": [-0.65476, 0.52488, -0.74326],
							"size": [1.30952, 0.15321, 0.36988],
							"pivot": [0, 0.60149, -0.50754],
							"rotation": [-135, 0, 0],
							"uv": {
								"north": {"uv": [7, 7], "uv_size": [1.5, 0.5]},
								"east": {"uv": [11, 12], "uv_size": [0.5, 0.5]},
								"south": {"uv": [8, 0], "uv_size": [1.5, 0.5]},
								"west": {"uv": [12, 11], "uv_size": [0.5, 0.5]}
							}
						},
						{
							"origin": [-0.40476, 0.62064, -0.174],
							"size": [0.80952, 0.05321, 0.27144],
							"pivot": [0, 0.64725, -0.03828],
							"rotation": [-10, 0, 0],
							"uv": {
								"east": {"uv": [15, 15], "uv_size": [0.5, 0.5]},
								"west": {"uv": [0, 16], "uv_size": [0.5, 0.5]},
								"up": {"uv": [10, 8], "uv_size": [1, 0.5]}
							}
						},
						{
							"origin": [-0.40476, 0.54564, -0.299],
							"size": [0.80952, 0.15321, 0.27144],
							"pivot": [0, 0.67225, -0.16328],
							"rotation": [-25, 0, 0],
							"uv": {
								"east": {"uv": [16, 0], "uv_size": [0.5, 0.5]},
								"west": {"uv": [1, 16], "uv_size": [0.5, 0.5]},
								"up": {"uv": [9, 10], "uv_size": [1, 0.5]}
							}
						},
						{
							"origin": [-0.40476, 0.57178, -0.40456],
							"size": [0.80952, 0.15321, 0.27145],
							"pivot": [0, 0.64838, -0.26884],
							"rotation": [-67.5, 0, 0],
							"uv": {
								"east": {"uv": [16, 1], "uv_size": [0.5, 0.5]},
								"west": {"uv": [2, 16], "uv_size": [0.5, 0.5]},
								"up": {"uv": [10, 9], "uv_size": [1, 0.5]}
							}
						},
						{
							"origin": [-0.61565, 0.11575, -0.85],
							"size": [1.2313, 0.32324, 0.95],
							"uv": {
								"north": {"uv": [10, 10], "uv_size": [1, 0.5]},
								"east": {"uv": [0, 11], "uv_size": [1, 0.5]},
								"south": {"uv": [11, 0], "uv_size": [1, 0.5]},
								"west": {"uv": [1, 11], "uv_size": [1, 0.5]}
							}
						},
						{
							"origin": [-0.61565, 0.11575, 0.1],
							"size": [1.2313, 0.19824, 0.05],
							"uv": {
								"east": {"uv": [16, 2], "uv_size": [0.5, 0.5]},
								"west": {"uv": [3, 16], "uv_size": [0.5, 0.5]},
								"up": {"uv": [11, 1], "uv_size": [1, 0.5]}
							}
						},
						{
							"origin": [-0.61565, 0.11575, 0.15],
							"size": [1.2313, 0.22324, 0.5],
							"uv": {
								"north": {"uv": [2, 11], "uv_size": [1, 0.5]},
								"east": {"uv": [16, 3], "uv_size": [0.5, 0.5]},
								"south": {"uv": [11, 2], "uv_size": [1, 0.5]},
								"west": {"uv": [4, 16], "uv_size": [0.5, 0.5]}
							}
						},
						{
							"origin": [-0.57584, 0.33899, 0.15],
							"size": [1.15168, 0.03981, 0.5],
							"uv": {
								"north": {"uv": [3, 11], "uv_size": [1, 0.5]},
								"south": {"uv": [11, 3], "uv_size": [1, 0.5]},
								"up": {"uv": [4, 11], "uv_size": [1, 0.5]}
							}
						},
						{
							"origin": [-0.61782, 0.34423, 0.15],
							"size": [0.0563, 0.04825, 0.5],
							"pivot": [-0.55217, 0.36836, 0.4],
							"rotation": [0, 0, -45],
							"uv": {
								"north": {"uv": [16, 4], "uv_size": [0.5, 0.5]},
								"south": {"uv": [5, 16], "uv_size": [0.5, 0.5]},
								"up": {"uv": [16, 5], "uv_size": [0.5, 0.5]}
							}
						},
						{
							"origin": [0.46152, -0.02901, -0.85],
							"size": [0.1563, 0.19824, 1.5],
							"pivot": [0.55217, 0.14511, 0.4],
							"rotation": [0, 0, 45],
							"uv": {
								"north": {"uv": [6, 16], "uv_size": [0.5, 0.5]},
								"south": {"uv": [16, 6], "uv_size": [0.5, 0.5]},
								"west": {"uv": [8, 1], "uv_size": [1.5, 0.5]}
							}
						},
						{
							"origin": [-0.61782, -0.02901, -0.85],
							"size": [0.1563, 0.19824, 1.5],
							"pivot": [-0.55217, 0.14511, 0.4],
							"rotation": [0, 0, -45],
							"uv": {
								"north": {"uv": [7, 16], "uv_size": [0.5, 0.5]},
								"east": {"uv": [8, 8], "uv_size": [1.5, 0.5]},
								"south": {"uv": [16, 7], "uv_size": [0.5, 0.5]}
							}
						},
						{
							"origin": [0.56152, 0.34423, 0.15],
							"size": [0.0563, 0.04825, 0.5],
							"pivot": [0.55217, 0.36836, 0.4],
							"rotation": [0, 0, 45],
							"uv": {
								"north": {"uv": [8, 16], "uv_size": [0.5, 0.5]},
								"south": {"uv": [16, 8], "uv_size": [0.5, 0.5]},
								"up": {"uv": [9, 16], "uv_size": [0.5, 0.5]}
							}
						},
						{
							"origin": [0.32855, 0.35111, -0.9],
							"size": [0.02779, 0.03287, 1.925],
							"pivot": [0.34245, 0.36754, 0.0625],
							"rotation": [0, 0, -45],
							"uv": {
								"north": {"uv": [16, 9], "uv_size": [0.5, 0.5]},
								"south": {"uv": [10, 16], "uv_size": [0.5, 0.5]},
								"west": {"uv": [6, 4], "uv_size": [2, 0.5]}
							}
						},
						{
							"origin": [-0.35634, 0.35111, -0.9],
							"size": [0.02779, 0.03287, 1.925],
							"pivot": [-0.34245, 0.36754, 0.0625],
							"rotation": [0, 0, 45],
							"uv": {
								"north": {"uv": [16, 10], "uv_size": [0.5, 0.5]},
								"east": {"uv": [5, 6], "uv_size": [2, 0.5]},
								"south": {"uv": [11, 16], "uv_size": [0.5, 0.5]}
							}
						},
						{
							"origin": [-0.7354, 0.37748, -0.9],
							"size": [0.225, 0.2, 1.925],
							"pivot": [-0.2854, 0.47748, 0.0625],
							"rotation": [0, 0, -67.5],
							"uv": {
								"north": {"uv": [16, 11], "uv_size": [0.5, 0.5]},
								"south": {"uv": [12, 16], "uv_size": [0.5, 0.5]},
								"up": {"uv": [0, 7], "uv_size": [0.5, 2]}
							}
						},
						{
							"origin": [0.5104, 0.37748, -0.9],
							"size": [0.225, 0.2, 1.925],
							"pivot": [0.2854, 0.47748, 0.0625],
							"rotation": [0, 0, 67.5],
							"uv": {
								"north": {"uv": [16, 12], "uv_size": [0.5, 0.5]},
								"south": {"uv": [13, 16], "uv_size": [0.5, 0.5]},
								"up": {"uv": [7, 0], "uv_size": [0.5, 2]}
							}
						}
					]
				},
				{
					"name": "bone2",
					"parent": "scope_body",
					"pivot": [0, 1.39476, -0.58572],
					"cubes": [
						{
							"origin": [0.56352, 1.26816, -0.69644],
							"size": [0.17296, 0.25321, 0.42144],
							"pivot": [0, 1.39476, -0.58572],
							"rotation": [0, 0, 67.5],
							"uv": {
								"north": {"uv": [13, 1], "uv_size": [0.5, 0.5]},
								"east": {"uv": [2, 13], "uv_size": [0.5, 0.5]},
								"south": {"uv": [13, 2], "uv_size": [0.5, 0.5]}
							}
						},
						{
							"origin": [0.66352, 1.39316, -0.69644],
							"size": [0.12296, 0.10321, 0.42144],
							"pivot": [0.1, 1.41976, -0.58572],
							"rotation": [0, 0, 67.5],
							"uv": {
								"north": {"uv": [3, 13], "uv_size": [0.5, 0.5]},
								"south": {"uv": [13, 3], "uv_size": [0.5, 0.5]}
							}
						},
						{
							"origin": [-0.78648, 1.39316, -0.69644],
							"size": [0.12296, 0.10321, 0.42144],
							"pivot": [-0.1, 1.41976, -0.58572],
							"rotation": [0, 0, -67.5],
							"uv": {
								"north": {"uv": [4, 13], "uv_size": [0.5, 0.5]},
								"south": {"uv": [13, 4], "uv_size": [0.5, 0.5]}
							}
						},
						{
							"origin": [-0.63648, 1.26816, -0.69644],
							"size": [0.07296, 0.25321, 0.22144],
							"pivot": [0, 1.39476, -0.58572],
							"rotation": [0, 0, 67.5],
							"uv": {
								"north": {"uv": [5, 13], "uv_size": [0.5, 0.5]},
								"east": {"uv": [13, 5], "uv_size": [0.5, 0.5]},
								"south": {"uv": [6, 13], "uv_size": [0.5, 0.5]},
								"west": {"uv": [13, 6], "uv_size": [0.5, 0.5]}
							}
						},
						{
							"origin": [0.56352, 1.26816, -0.69644],
							"size": [0.07296, 0.25321, 0.42144],
							"pivot": [0, 1.39476, -0.58572],
							"rotation": [0, 0, 90],
							"uv": {
								"north": {"uv": [7, 13], "uv_size": [0.5, 0.5]},
								"east": {"uv": [13, 7], "uv_size": [0.5, 0.5]},
								"south": {"uv": [8, 13], "uv_size": [0.5, 0.5]}
							}
						},
						{
							"origin": [-0.03648, 0.81613, -0.52144],
							"size": [0.17296, 0.0532, 0.22144],
							"pivot": [0, 0.84273, -0.41072],
							"rotation": [0, 32.5, 90],
							"uv": {
								"north": {"uv": [13, 8], "uv_size": [0.5, 0.5]},
								"east": {"uv": [9, 13], "uv_size": [0.5, 0.5]},
								"up": {"uv": [13, 9], "uv_size": [0.5, 0.5]},
								"down": {"uv": [10, 13.5], "uv_size": [0.5, -0.5]}
							}
						},
						{
							"origin": [-0.63648, 1.26816, -0.69644],
							"size": [0.07296, 0.25321, 0.22144],
							"pivot": [0, 1.39476, -0.58572],
							"rotation": [0, 0, 90],
							"uv": {
								"north": {"uv": [13, 10], "uv_size": [0.5, 0.5]},
								"east": {"uv": [11, 13], "uv_size": [0.5, 0.5]},
								"south": {"uv": [13, 11], "uv_size": [0.5, 0.5]},
								"west": {"uv": [12, 13], "uv_size": [0.5, 0.5]}
							}
						},
						{
							"origin": [-0.63648, 1.26816, -0.69644],
							"size": [0.07296, 0.25321, 0.22144],
							"pivot": [0, 1.39476, -0.58572],
							"rotation": [0, 0, 112.5],
							"uv": {
								"north": {"uv": [13, 12], "uv_size": [0.5, 0.5]},
								"east": {"uv": [13, 13], "uv_size": [0.5, 0.5]},
								"south": {"uv": [0, 14], "uv_size": [0.5, 0.5]},
								"west": {"uv": [14, 0], "uv_size": [0.5, 0.5]}
							}
						},
						{
							"origin": [0.56352, 1.26816, -0.69644],
							"size": [0.17296, 0.25321, 0.42144],
							"pivot": [0, 1.39476, -0.58572],
							"rotation": [0, 0, 112.5],
							"uv": {
								"north": {"uv": [1, 14], "uv_size": [0.5, 0.5]},
								"east": {"uv": [14, 1], "uv_size": [0.5, 0.5]},
								"south": {"uv": [2, 14], "uv_size": [0.5, 0.5]}
							}
						},
						{
							"origin": [-0.63648, 1.26816, -0.69644],
							"size": [0.07296, 0.25321, 0.22144],
							"pivot": [0, 1.39476, -0.58572],
							"rotation": [0, 0, 135],
							"uv": {
								"north": {"uv": [14, 2], "uv_size": [0.5, 0.5]},
								"east": {"uv": [3, 14], "uv_size": [0.5, 0.5]},
								"south": {"uv": [14, 3], "uv_size": [0.5, 0.5]},
								"west": {"uv": [4, 14], "uv_size": [0.5, 0.5]}
							}
						},
						{
							"origin": [0.56352, 1.26816, -0.69644],
							"size": [0.07296, 0.25321, 0.42144],
							"pivot": [0, 1.39476, -0.58572],
							"rotation": [0, 0, 135],
							"uv": {
								"north": {"uv": [14, 4], "uv_size": [0.5, 0.5]},
								"east": {"uv": [5, 14], "uv_size": [0.5, 0.5]},
								"south": {"uv": [14, 5], "uv_size": [0.5, 0.5]}
							}
						},
						{
							"origin": [-0.63648, 1.26816, -0.69644],
							"size": [0.07296, 0.25321, 0.22144],
							"pivot": [0, 1.39476, -0.58572],
							"rotation": [0, 0, 157.5],
							"uv": {
								"north": {"uv": [6, 14], "uv_size": [0.5, 0.5]},
								"east": {"uv": [14, 6], "uv_size": [0.5, 0.5]},
								"south": {"uv": [7, 14], "uv_size": [0.5, 0.5]},
								"west": {"uv": [14, 7], "uv_size": [0.5, 0.5]}
							}
						},
						{
							"origin": [0.56352, 1.26816, -0.69644],
							"size": [0.07296, 1.25321, 0.42144],
							"pivot": [0, 1.39476, -0.58572],
							"rotation": [0, 0, 157.5],
							"uv": {
								"north": {"uv": [1, 8], "uv_size": [0.5, 1.5]},
								"east": {"uv": [2, 8], "uv_size": [0.5, 1.5]},
								"south": {"uv": [3, 8], "uv_size": [0.5, 1.5]},
								"west": {"uv": [4, 8], "uv_size": [0.5, 1.5]}
							}
						},
						{
							"origin": [0.56352, 1.26816, -0.69644],
							"size": [0.07296, 0.25321, 0.22144],
							"uv": {
								"north": {"uv": [8, 14], "uv_size": [0.5, 0.5]},
								"east": {"uv": [14, 8], "uv_size": [0.5, 0.5]},
								"south": {"uv": [9, 14], "uv_size": [0.5, 0.5]},
								"west": {"uv": [14, 9], "uv_size": [0.5, 0.5]}
							}
						},
						{
							"origin": [-0.63648, 1.26816, -0.69644],
							"size": [0.07296, 0.25321, 0.22144],
							"uv": {
								"north": {"uv": [10, 14], "uv_size": [0.5, 0.5]},
								"east": {"uv": [14, 10], "uv_size": [0.5, 0.5]},
								"south": {"uv": [11, 14], "uv_size": [0.5, 0.5]},
								"west": {"uv": [14, 11], "uv_size": [0.5, 0.5]}
							}
						},
						{
							"origin": [0.56352, 1.26816, -0.475],
							"size": [0.07296, 0.02821, 0.2],
							"uv": {
								"east": {"uv": [12, 14], "uv_size": [0.5, 0.5]},
								"south": {"uv": [14, 12], "uv_size": [0.5, 0.5]},
								"west": {"uv": [13, 14], "uv_size": [0.5, 0.5]}
							}
						},
						{
							"origin": [-0.63648, 1.26816, -0.475],
							"size": [0.07296, 0.02821, 0.2],
							"uv": {
								"east": {"uv": [14, 13], "uv_size": [0.5, 0.5]},
								"south": {"uv": [14, 14], "uv_size": [0.5, 0.5]},
								"west": {"uv": [0, 15], "uv_size": [0.5, 0.5]}
							}
						},
						{
							"origin": [-0.63648, 1.31816, -0.5],
							"size": [0.07296, 0.02821, 0.2],
							"pivot": [0, 1.33226, -0.4],
							"rotation": [-30, 0, 0],
							"uv": {
								"east": {"uv": [15, 0], "uv_size": [0.5, 0.5]},
								"west": {"uv": [1, 15], "uv_size": [0.5, 0.5]}
							}
						},
						{
							"origin": [0.56352, 1.31816, -0.5],
							"size": [0.07296, 0.02821, 0.2],
							"pivot": [0, 1.33226, -0.4],
							"rotation": [-30, 0, 0],
							"uv": {
								"east": {"uv": [15, 1], "uv_size": [0.5, 0.5]},
								"west": {"uv": [2, 15], "uv_size": [0.5, 0.5]}
							}
						},
						{
							"origin": [-0.63648, 1.31816, -0.5],
							"size": [0.07296, 0.02821, 0.15],
							"pivot": [0, 1.33226, -0.425],
							"rotation": [-30, 0, 0],
							"uv": {
								"east": {"uv": [15, 2], "uv_size": [0.5, 0.5]},
								"west": {"uv": [3, 15], "uv_size": [0.5, 0.5]}
							}
						},
						{
							"origin": [0.56352, 1.31816, -0.5],
							"size": [0.07296, 0.02821, 0.15],
							"pivot": [0, 1.33226, -0.425],
							"rotation": [-30, 0, 0],
							"uv": {
								"east": {"uv": [15, 3], "uv_size": [0.5, 0.5]},
								"west": {"uv": [4, 15], "uv_size": [0.5, 0.5]}
							}
						},
						{
							"origin": [-0.63648, 1.29316, -0.5],
							"size": [0.07296, 0.05321, 0.125],
							"uv": {
								"east": {"uv": [15, 4], "uv_size": [0.5, 0.5]},
								"west": {"uv": [5, 15], "uv_size": [0.5, 0.5]}
							}
						},
						{
							"origin": [0.56352, 1.29316, -0.5],
							"size": [0.07296, 0.05321, 0.125],
							"uv": {
								"east": {"uv": [15, 5], "uv_size": [0.5, 0.5]},
								"west": {"uv": [6, 15], "uv_size": [0.5, 0.5]}
							}
						},
						{
							"origin": [0.56352, 1.35476, -0.55314],
							"size": [0.07296, 0.01996, 0.23571],
							"pivot": [0, 1.25636, -0.44241],
							"rotation": [-30, 0, 0],
							"uv": {
								"east": {"uv": [15, 6], "uv_size": [0.5, 0.5]},
								"west": {"uv": [7, 15], "uv_size": [0.5, 0.5]},
								"up": {"uv": [15, 7], "uv_size": [0.5, 0.5]}
							}
						},
						{
							"origin": [-0.63648, 1.35476, -0.55314],
							"size": [0.07296, 0.01996, 0.23571],
							"pivot": [0, 1.25636, -0.44241],
							"rotation": [-30, 0, 0],
							"uv": {
								"east": {"uv": [8, 15], "uv_size": [0.5, 0.5]},
								"west": {"uv": [15, 8], "uv_size": [0.5, 0.5]},
								"up": {"uv": [9, 15], "uv_size": [0.5, 0.5]}
							}
						},
						{
							"origin": [0.56352, 0.26816, -0.69644],
							"size": [0.07296, 1.25321, 0.42144],
							"pivot": [0, 1.39476, -0.58572],
							"rotation": [0, 0, 22.5],
							"uv": {
								"north": {"uv": [8, 4], "uv_size": [0.5, 1.5]},
								"east": {"uv": [5, 8], "uv_size": [0.5, 1.5]},
								"south": {"uv": [6, 8], "uv_size": [0.5, 1.5]},
								"west": {"uv": [7, 8], "uv_size": [0.5, 1.5]}
							}
						},
						{
							"origin": [-0.63648, 1.26816, -0.69644],
							"size": [0.07296, 0.25321, 0.22144],
							"pivot": [0, 1.39476, -0.58572],
							"rotation": [0, 0, 22.5],
							"uv": {
								"north": {"uv": [15, 9], "uv_size": [0.5, 0.5]},
								"east": {"uv": [10, 15], "uv_size": [0.5, 0.5]},
								"south": {"uv": [15, 10], "uv_size": [0.5, 0.5]},
								"west": {"uv": [11, 15], "uv_size": [0.5, 0.5]}
							}
						},
						{
							"origin": [0.56352, 1.26816, -0.69644],
							"size": [0.07296, 0.25321, 0.42144],
							"pivot": [0, 1.39476, -0.58572],
							"rotation": [0, 0, 45],
							"uv": {
								"north": {"uv": [15, 11], "uv_size": [0.5, 0.5]},
								"east": {"uv": [12, 15], "uv_size": [0.5, 0.5]},
								"south": {"uv": [15, 12], "uv_size": [0.5, 0.5]}
							}
						},
						{
							"origin": [-0.63648, 1.26816, -0.69644],
							"size": [0.07296, 0.25321, 0.22144],
							"pivot": [0, 1.39476, -0.58572],
							"rotation": [0, 0, 45],
							"uv": {
								"north": {"uv": [13, 15], "uv_size": [0.5, 0.5]},
								"east": {"uv": [15, 13], "uv_size": [0.5, 0.5]},
								"south": {"uv": [14, 15], "uv_size": [0.5, 0.5]},
								"west": {"uv": [15, 14], "uv_size": [0.5, 0.5]}
							}
						}
					]
				},
				{
					"name": "bone_illuminated",
					"parent": "scope_body",
					"pivot": [0, 1.39476, -0.53572],
					"cubes": [
						{
							"origin": [0.52598, 1.27322, -0.57101],
							"size": [0.08505, 0.24308, 0.04558],
							"pivot": [0, 1.39476, -0.53572],
							"rotation": [0, 0, 67.5],
							"uv": {
								"north": {"uv": [16, 13], "uv_size": [0.5, 0.5]},
								"south": {"uv": [16, 14], "uv_size": [0.5, 0.5]}
							}
						},
						{
							"origin": [0.52598, 1.27322, -0.57101],
							"size": [0.08505, 0.24308, 0.04558],
							"pivot": [0, 1.39476, -0.53572],
							"rotation": [0, 0, 90],
							"uv": {
								"north": {"uv": [16, 13], "uv_size": [0.5, 0.5]},
								"south": {"uv": [15, 16], "uv_size": [0.5, 0.5]}
							}
						},
						{
							"origin": [0.52598, 1.27322, -0.57101],
							"size": [0.08505, 0.24308, 0.04558],
							"pivot": [0, 1.39476, -0.53572],
							"rotation": [0, 0, 112.5],
							"uv": {
								"north": {"uv": [16, 13], "uv_size": [0.5, 0.5]},
								"south": {"uv": [16, 15], "uv_size": [0.5, 0.5]}
							}
						},
						{
							"origin": [0.52598, 1.27322, -0.57101],
							"size": [0.08505, 0.24308, 0.04558],
							"pivot": [0, 1.39476, -0.53572],
							"rotation": [0, 0, 135],
							"uv": {
								"north": {"uv": [16, 13], "uv_size": [0.5, 0.5]},
								"south": {"uv": [16, 16], "uv_size": [0.5, 0.5]}
							}
						},
						{
							"origin": [0.52598, 1.27322, -0.57101],
							"size": [0.08505, 0.24308, 0.04558],
							"pivot": [0, 1.39476, -0.53572],
							"rotation": [0, 0, 157.5],
							"uv": {
								"north": {"uv": [16, 13], "uv_size": [0.5, 0.5]},
								"south": {"uv": [0, 17], "uv_size": [0.5, 0.5]}
							}
						},
						{
							"origin": [-0.61102, 1.27322, -0.57101],
							"size": [0.08505, 0.24308, 0.04558],
							"uv": {
								"north": {"uv": [16, 13], "uv_size": [0.5, 0.5]},
								"south": {"uv": [17, 0], "uv_size": [0.5, 0.5]}
							}
						},
						{
							"origin": [-0.61102, 1.27322, -0.57101],
							"size": [0.08505, 0.24308, 0.04558],
							"pivot": [0, 1.39476, -0.53572],
							"rotation": [0, 0, 22.5],
							"uv": {
								"north": {"uv": [16, 13], "uv_size": [0.5, 0.5]},
								"south": {"uv": [1, 17], "uv_size": [0.5, 0.5]}
							}
						},
						{
							"origin": [-0.61102, 1.27322, -0.57101],
							"size": [0.08505, 0.24308, 0.04558],
							"pivot": [0, 1.39476, -0.53572],
							"rotation": [0, 0, 45],
							"uv": {
								"north": {"uv": [16, 13], "uv_size": [0.5, 0.5]},
								"south": {"uv": [14, 16], "uv_size": [0.5, 0.5]}
							}
						},
						{
							"origin": [-0.61102, 1.27322, -0.57101],
							"size": [0.08505, 0.24308, 0.04558],
							"pivot": [0, 1.39476, -0.53572],
							"rotation": [0, 0, 67.5],
							"uv": {
								"north": {"uv": [16, 13], "uv_size": [0.5, 0.5]},
								"south": {"uv": [17, 1], "uv_size": [0.5, 0.5]}
							}
						},
						{
							"origin": [-0.61102, 1.27322, -0.57101],
							"size": [0.08505, 0.24308, 0.04558],
							"pivot": [0, 1.39476, -0.53572],
							"rotation": [0, 0, 90],
							"uv": {
								"north": {"uv": [16, 13], "uv_size": [0.5, 0.5]},
								"south": {"uv": [2, 17], "uv_size": [0.5, 0.5]}
							}
						},
						{
							"origin": [-0.61102, 1.27322, -0.57101],
							"size": [0.08505, 0.24308, 0.04558],
							"pivot": [0, 1.39476, -0.53572],
							"rotation": [0, 0, 112.5],
							"uv": {
								"north": {"uv": [16, 13], "uv_size": [0.5, 0.5]},
								"south": {"uv": [17, 2], "uv_size": [0.5, 0.5]}
							}
						},
						{
							"origin": [-0.61102, 1.27322, -0.57101],
							"size": [0.08505, 0.24308, 0.04558],
							"pivot": [0, 1.39476, -0.53572],
							"rotation": [0, 0, 135],
							"uv": {
								"north": {"uv": [16, 13], "uv_size": [0.5, 0.5]},
								"south": {"uv": [3, 17], "uv_size": [0.5, 0.5]}
							}
						},
						{
							"origin": [-0.61102, 1.27322, -0.57101],
							"size": [0.08505, 0.24308, 0.04558],
							"pivot": [0, 1.39476, -0.53572],
							"rotation": [0, 0, 157.5],
							"uv": {
								"north": {"uv": [16, 13], "uv_size": [0.5, 0.5]},
								"south": {"uv": [17, 3], "uv_size": [0.5, 0.5]}
							}
						},
						{
							"origin": [0.52598, 1.27322, -0.57101],
							"size": [0.08505, 0.24308, 0.04558],
							"uv": {
								"north": {"uv": [16, 13], "uv_size": [0.5, 0.5]},
								"south": {"uv": [4, 17], "uv_size": [0.5, 0.5]}
							}
						},
						{
							"origin": [0.52598, 1.27322, -0.57101],
							"size": [0.08505, 0.24308, 0.04558],
							"pivot": [0, 1.39476, -0.53572],
							"rotation": [0, 0, 22.5],
							"uv": {
								"north": {"uv": [16, 13], "uv_size": [0.5, 0.5]},
								"south": {"uv": [17, 4], "uv_size": [0.5, 0.5]}
							}
						},
						{
							"origin": [0.52598, 1.27322, -0.57101],
							"size": [0.08505, 0.24308, 0.04558],
							"pivot": [0, 1.39476, -0.53572],
							"rotation": [0, 0, 45],
							"uv": {
								"north": {"uv": [16, 13], "uv_size": [0.5, 0.5]},
								"south": {"uv": [5, 17], "uv_size": [0.5, 0.5]}
							}
						}
					]
				},
				{
					"name": "scope_view",
					"pivot": [0, 1.3948, 5]
				}
			]
		}
	]
}