{
	"format_version": "1.12.0",
	"minecraft:geometry": [
		{
			"description": {
				"identifier": "geometry.unknown",
				"texture_width": 32,
				"texture_height": 32,
				"visible_bounds_width": 3,
				"visible_bounds_height": 1.5,
				"visible_bounds_offset": [0, 0.25, 0]
			},
			"bones": [
				{
					"name": "scope_view",
					"pivot": [0, 1.6345, 6.75]
				},
				{
					"name": "ocular",
					"pivot": [0, 1.63447, -0.17871],
					"cubes": [
						{
							"origin": [0.10626, 0.8152, -0.19652],
							"size": [0.08692, 0.16306, 0.03562],
							"pivot": [0, 1.60874, -0.25789],
							"rotation": [0, 0, 45],
							"uv": {
								"south": {"uv": [18, 2], "uv_size": [0.5, 0.5]}
							}
						},
						{
							"origin": [0.33068, 0.91627, -0.19652],
							"size": [0.07117, 0.16306, 0.03562],
							"pivot": [0, 1.60874, -0.25789],
							"rotation": [0, 0, 67.5],
							"uv": {
								"south": {"uv": [3, 18], "uv_size": [0.5, 0.5]}
							}
						},
						{
							"origin": [-0.1252, 0.80168, -0.19652],
							"size": [0.07117, 0.16306, 0.03562],
							"pivot": [0, 1.60874, -0.25789],
							"rotation": [0, 0, 22.5],
							"uv": {
								"south": {"uv": [18, 3], "uv_size": [0.5, 0.5]}
							}
						},
						{
							"origin": [0.05403, 0.80168, -0.19652],
							"size": [0.07117, 0.16306, 0.03562],
							"pivot": [0, 1.60874, -0.25789],
							"rotation": [0, 0, -22.5],
							"uv": {
								"south": {"uv": [4, 18], "uv_size": [0.5, 0.5]}
							}
						},
						{
							"origin": [-0.19318, 0.8152, -0.19652],
							"size": [0.08692, 0.16306, 0.03562],
							"pivot": [0, 1.60874, -0.25789],
							"rotation": [0, 0, -45],
							"uv": {
								"south": {"uv": [18, 4], "uv_size": [0.5, 0.5]}
							}
						},
						{
							"origin": [-0.40185, 0.91627, -0.19652],
							"size": [0.07117, 0.16306, 0.03562],
							"pivot": [0, 1.60874, -0.25789],
							"rotation": [0, 0, -67.5],
							"uv": {
								"south": {"uv": [5, 18], "uv_size": [0.5, 0.5]}
							}
						},
						{
							"origin": [-0.59623, 1.12125, -0.19652],
							"size": [1.19245, 1.02643, 0.03562],
							"pivot": [0, 1.63447, -0.25789],
							"rotation": [0, 0, 90],
							"uv": {
								"south": {"uv": [2, 0], "uv_size": [1, 1]}
							}
						},
						{
							"origin": [0.33068, 2.1896, -0.19652],
							"size": [0.07117, 0.16306, 0.03562],
							"pivot": [0, 1.66019, -0.25789],
							"rotation": [0, 0, -67.5],
							"uv": {
								"south": {"uv": [18, 5], "uv_size": [0.5, 0.5]}
							}
						},
						{
							"origin": [0.10626, 2.29067, -0.19652],
							"size": [0.08692, 0.16306, 0.03562],
							"pivot": [0, 1.66019, -0.25789],
							"rotation": [0, 0, -45],
							"uv": {
								"south": {"uv": [6, 18], "uv_size": [0.5, 0.5]}
							}
						},
						{
							"origin": [-0.1252, 2.30419, -0.19652],
							"size": [0.07117, 0.16306, 0.03562],
							"pivot": [0, 1.66019, -0.25789],
							"rotation": [0, 0, -22.5],
							"uv": {
								"south": {"uv": [18, 6], "uv_size": [0.5, 0.5]}
							}
						},
						{
							"origin": [-0.35876, 0.88379, -0.19652],
							"size": [0.71753, 1.50136, 0.03562],
							"uv": {
								"south": {"uv": [4, 7], "uv_size": [0.5, 1.5]}
							}
						},
						{
							"origin": [0.05403, 2.30419, -0.19652],
							"size": [0.07117, 0.16306, 0.03562],
							"pivot": [0, 1.66019, -0.25789],
							"rotation": [0, 0, 22.5],
							"uv": {
								"south": {"uv": [7, 18], "uv_size": [0.5, 0.5]}
							}
						},
						{
							"origin": [-0.19318, 2.29067, -0.19652],
							"size": [0.08692, 0.16306, 0.03562],
							"pivot": [0, 1.66019, -0.25789],
							"rotation": [0, 0, 45],
							"uv": {
								"south": {"uv": [18, 7], "uv_size": [0.5, 0.5]}
							}
						},
						{
							"origin": [-0.40185, 2.1896, -0.19652],
							"size": [0.07117, 0.16306, 0.03562],
							"pivot": [0, 1.66019, -0.25789],
							"rotation": [0, 0, 67.5],
							"uv": {
								"south": {"uv": [8, 18], "uv_size": [0.5, 0.5]}
							}
						}
					]
				},
				{
					"name": "division",
					"pivot": [0, 1.63447, -28.15371]
				},
				{
					"name": "bone_illuminated",
					"parent": "division",
					"pivot": [0, 1.63447, -28.15371],
					"cubes": [
						{
							"origin": [-0.10792, 1.82392, -28.17269],
							"size": [0.21584, 0.07109, 0.03796],
							"pivot": [0, 1.63447, -28.15371],
							"rotation": [0, 0, 90],
							"uv": {
								"south": {"uv": [13, 17], "uv_size": [0.5, 0.5]}
							}
						},
						{
							"origin": [-0.10792, 1.37392, -28.17269],
							"size": [0.21584, 0.07109, 0.03796],
							"pivot": [0, 1.63447, -28.15371],
							"rotation": [0, 0, 90],
							"uv": {
								"south": {"uv": [17, 13], "uv_size": [0.5, 0.5]}
							}
						},
						{
							"origin": [-0.10792, 1.82392, -28.17269],
							"size": [0.21584, 0.07109, 0.03796],
							"pivot": [0, 1.63447, -28.15371],
							"rotation": [0, 0, 135],
							"uv": {
								"south": {"uv": [14, 17], "uv_size": [0.5, 0.5]}
							}
						},
						{
							"origin": [-0.05792, 1.67392, -28.17269],
							"size": [0.11584, 0.04609, 0.03796],
							"pivot": [0, 1.63447, -28.15371],
							"rotation": [0, 0, 135],
							"uv": {
								"south": {"uv": [17, 14], "uv_size": [0.5, 0.5]}
							}
						},
						{
							"origin": [-0.10792, 1.37392, -28.17269],
							"size": [0.21584, 0.07109, 0.03796],
							"pivot": [0, 1.63447, -28.15371],
							"rotation": [0, 0, 135],
							"uv": {
								"south": {"uv": [15, 17], "uv_size": [0.5, 0.5]}
							}
						},
						{
							"origin": [-0.10792, 1.82392, -28.17269],
							"size": [0.21584, 0.07109, 0.03796],
							"pivot": [0, 1.63447, -28.15371],
							"rotation": [0, 0, -180],
							"uv": {
								"south": {"uv": [17, 15], "uv_size": [0.5, 0.5]}
							}
						},
						{
							"origin": [-0.10792, 1.37392, -28.17269],
							"size": [0.21584, 0.07109, 0.03796],
							"pivot": [0, 1.63447, -28.15371],
							"rotation": [0, 0, -180],
							"uv": {
								"south": {"uv": [16, 17], "uv_size": [0.5, 0.5]}
							}
						},
						{
							"origin": [-0.03292, 1.27392, -28.17269],
							"size": [0.06584, 0.72109, 0.03796],
							"pivot": [0, 1.63447, -28.15371],
							"rotation": [0, 0, -180],
							"uv": {
								"south": {"uv": [17, 16], "uv_size": [0.5, 0.5]}
							}
						},
						{
							"origin": [-0.03292, 1.27392, -28.17269],
							"size": [0.06584, 0.72109, 0.03796],
							"pivot": [0, 1.63447, -28.15371],
							"rotation": [0, 0, -90],
							"uv": {
								"south": {"uv": [17, 17], "uv_size": [0.5, 0.5]}
							}
						},
						{
							"origin": [0.06886, 1.8007, -28.17269],
							"size": [0.21584, 0.07109, 0.03796],
							"pivot": [0.17678, 1.81124, -28.15371],
							"rotation": [0, 0, -135],
							"uv": {
								"south": {"uv": [0, 18], "uv_size": [0.5, 0.5]}
							}
						},
						{
							"origin": [0.11886, 1.9757, -28.17269],
							"size": [0.11584, 0.04609, 0.03796],
							"pivot": [0.17678, 1.81124, -28.15371],
							"rotation": [0, 0, -135],
							"uv": {
								"south": {"uv": [18, 0], "uv_size": [0.5, 0.5]}
							}
						},
						{
							"origin": [-0.2347, 1.9757, -28.17269],
							"size": [0.11584, 0.04609, 0.03796],
							"pivot": [-0.17678, 1.81124, -28.15371],
							"rotation": [0, 0, 135],
							"uv": {
								"south": {"uv": [1, 18], "uv_size": [0.5, 0.5]}
							}
						},
						{
							"origin": [-0.05792, 1.67392, -28.17269],
							"size": [0.11584, 0.04609, 0.03796],
							"pivot": [0, 1.63447, -28.15371],
							"rotation": [0, 0, -135],
							"uv": {
								"south": {"uv": [18, 1], "uv_size": [0.5, 0.5]}
							}
						},
						{
							"origin": [-0.10792, 1.82392, -28.17269],
							"size": [0.21584, 0.07109, 0.03796],
							"pivot": [0, 1.63447, -28.15371],
							"rotation": [0, 0, -135],
							"uv": {
								"south": {"uv": [2, 18], "uv_size": [0.5, 0.5]}
							}
						}
					]
				},
				{
					"name": "scope_body",
					"pivot": [0, 0.2, 0.9],
					"cubes": [
						{
							"origin": [-0.55, -0.2, -0.525],
							"size": [1.1, 0.6, 1.675],
							"inflate": 0.0001,
							"uv": {
								"north": {"uv": [5, 7], "uv_size": [1, 0.5]},
								"east": {"uv": [1, 2], "uv_size": [1.5, 0.5]},
								"south": {"uv": [6, 7], "uv_size": [1, 0.5]},
								"west": {"uv": [2, 1], "uv_size": [1.5, 0.5]},
								"up": {"uv": [0, 0], "uv_size": [1, 1.5]},
								"down": {"uv": [1, 1.5], "uv_size": [1, -1.5]}
							}
						},
						{
							"origin": [-0.55, -0.2, 1.275],
							"size": [1.1, 0.25, 0.675],
							"uv": {
								"north": {"uv": [7, 7], "uv_size": [1, 0.5]},
								"east": {"uv": [6, 11], "uv_size": [0.5, 0.5]},
								"south": {"uv": [0, 8], "uv_size": [1, 0.5]},
								"west": {"uv": [11, 6], "uv_size": [0.5, 0.5]},
								"down": {"uv": [1, 8.5], "uv_size": [1, -0.5]}
							}
						},
						{
							"origin": [-0.42132, 0.05, 1.275],
							"size": [0.84264, 0.22288, 0.675],
							"uv": {
								"south": {"uv": [8, 1], "uv_size": [1, 0.5]},
								"up": {"uv": [2, 8], "uv_size": [1, 0.5]}
							}
						},
						{
							"origin": [-0.34632, 0.27288, 1.275],
							"size": [0.69264, 0.07288, 0.675],
							"uv": {
								"south": {"uv": [7, 11], "uv_size": [0.5, 0.5]},
								"up": {"uv": [11, 7], "uv_size": [0.5, 0.5]}
							}
						},
						{
							"origin": [-0.49632, 0.12288, 1.275],
							"size": [0.99264, 0.22288, 0.05],
							"uv": {
								"east": {"uv": [8, 11], "uv_size": [0.5, 0.5]},
								"south": {"uv": [3, 8], "uv_size": [1, 0.5]},
								"west": {"uv": [11, 8], "uv_size": [0.5, 0.5]}
							}
						},
						{
							"origin": [-0.41314, 0.34575, 1.275],
							"size": [0.82627, 0.08319, 0.05],
							"uv": {
								"south": {"uv": [8, 3], "uv_size": [1, 0.5]},
								"up": {"uv": [8, 4], "uv_size": [1, 0.5]}
							}
						},
						{
							"origin": [0.52837, -0.01999, 1.275],
							"size": [0.11764, 0.07288, 0.05],
							"pivot": [0.92469, 0.38001, 0.8],
							"rotation": [0, 0, 45],
							"uv": {
								"south": {"uv": [9, 11], "uv_size": [0.5, 0.5]},
								"up": {"uv": [11, 9], "uv_size": [0.5, 0.5]}
							}
						},
						{
							"origin": [-0.64601, -0.01999, 1.275],
							"size": [0.11764, 0.07288, 0.05],
							"pivot": [-0.92469, 0.38001, 0.8],
							"rotation": [0, 0, -45],
							"uv": {
								"south": {"uv": [10, 11], "uv_size": [0.5, 0.5]},
								"up": {"uv": [11, 10], "uv_size": [0.5, 0.5]}
							}
						},
						{
							"origin": [0.30143, 0.21085, 1.275],
							"size": [0.06764, 0.12288, 0.675],
							"pivot": [0.33525, 0.29729, 1.6125],
							"rotation": [0, 0, -30],
							"uv": {
								"south": {"uv": [11, 11], "uv_size": [0.5, 0.5]},
								"west": {"uv": [0, 12], "uv_size": [0.5, 0.5]}
							}
						},
						{
							"origin": [-0.36907, 0.21085, 1.275],
							"size": [0.06764, 0.12288, 0.675],
							"pivot": [-0.33525, 0.29729, 1.6125],
							"rotation": [0, 0, 30],
							"uv": {
								"east": {"uv": [12, 0], "uv_size": [0.5, 0.5]},
								"south": {"uv": [1, 12], "uv_size": [0.5, 0.5]}
							}
						},
						{
							"origin": [0.33047, -0.00882, 1.275],
							"size": [0.175, 0.25736, 0.675],
							"pivot": [0.41797, 0.10368, 1.6125],
							"rotation": [0, 0, -30],
							"uv": {
								"north": {"uv": [12, 1], "uv_size": [0.5, 0.5]},
								"south": {"uv": [2, 12], "uv_size": [0.5, 0.5]},
								"west": {"uv": [12, 2], "uv_size": [0.5, 0.5]}
							}
						},
						{
							"origin": [-0.50547, -0.00882, 1.275],
							"size": [0.175, 0.25736, 0.675],
							"pivot": [-0.41797, 0.10368, 1.6125],
							"rotation": [0, 0, 30],
							"uv": {
								"north": {"uv": [3, 12], "uv_size": [0.5, 0.5]},
								"east": {"uv": [12, 3], "uv_size": [0.5, 0.5]},
								"south": {"uv": [4, 12], "uv_size": [0.5, 0.5]}
							}
						},
						{
							"origin": [-0.55, -0.2, 1.15],
							"size": [1.1, 0.175, 0.125],
							"uv": {
								"east": {"uv": [12, 4], "uv_size": [0.5, 0.5]},
								"west": {"uv": [5, 12], "uv_size": [0.5, 0.5]},
								"up": {"uv": [5, 8], "uv_size": [1, 0.5]},
								"down": {"uv": [8, 5.5], "uv_size": [1, -0.5]}
							}
						},
						{
							"origin": [-0.6, 0.075, -0.525],
							"size": [1.2, 0.2, 1.675],
							"uv": {
								"north": {"uv": [11, 18], "uv_size": [1, 0.5]},
								"east": {"uv": [9, 18], "uv_size": [1.5, 0.5]},
								"south": {"uv": [18, 11], "uv_size": [1, 0.5]},
								"west": {"uv": [18, 10], "uv_size": [1.5, 0.5]},
								"up": {"uv": [18, 8], "uv_size": [1, 1.5]}
							}
						},
						{
							"origin": [-0.625, -0.125, -0.475],
							"size": [1.25, 0.4, 0.45],
							"uv": {
								"north": {"uv": [2, 3], "uv_size": [1.5, 0.5]},
								"east": {"uv": [12, 5], "uv_size": [0.5, 0.5]},
								"south": {"uv": [3, 2], "uv_size": [1.5, 0.5]},
								"west": {"uv": [6, 12], "uv_size": [0.5, 0.5]}
							}
						},
						{
							"origin": [-0.625, -0.125, -0.475],
							"size": [1.25, 0.4, 0.45],
							"pivot": [0, 0.075, -0.25],
							"rotation": [-90, 0, 0],
							"uv": {
								"north": {"uv": [0, 4], "uv_size": [1.5, 0.5]},
								"east": {"uv": [12, 6], "uv_size": [0.5, 0.5]},
								"south": {"uv": [4, 1], "uv_size": [1.5, 0.5]},
								"west": {"uv": [7, 12], "uv_size": [0.5, 0.5]}
							}
						},
						{
							"origin": [-0.625, -0.3047, -0.47348],
							"size": [1.25, 0.60104, 0.03536],
							"pivot": [0, 0.28384, -0.44848],
							"rotation": [45, 0, 0],
							"uv": {
								"east": {"uv": [12, 7], "uv_size": [0.5, 0.5]},
								"west": {"uv": [8, 12], "uv_size": [0.5, 0.5]},
								"up": {"uv": [2, 4], "uv_size": [1.5, 0.5]},
								"down": {"uv": [4, 3.5], "uv_size": [1.5, -0.5]}
							}
						},
						{
							"origin": [-0.625, -0.14634, -0.47348],
							"size": [1.25, 0.60104, 0.03536],
							"pivot": [0, -0.13384, -0.44848],
							"rotation": [-45, 0, 0],
							"uv": {
								"east": {"uv": [12, 8], "uv_size": [0.5, 0.5]},
								"west": {"uv": [9, 12], "uv_size": [0.5, 0.5]},
								"up": {"uv": [4, 4], "uv_size": [1.5, 0.5]},
								"down": {"uv": [0, 5.5], "uv_size": [1.5, -0.5]}
							}
						},
						{
							"origin": [-0.625, -0.125, 0.6],
							"size": [1.25, 0.4, 0.45],
							"uv": {
								"north": {"uv": [5, 0], "uv_size": [1.5, 0.5]},
								"east": {"uv": [12, 9], "uv_size": [0.5, 0.5]},
								"south": {"uv": [2, 5], "uv_size": [1.5, 0.5]},
								"west": {"uv": [10, 12], "uv_size": [0.5, 0.5]}
							}
						},
						{
							"origin": [-0.625, -0.3047, 0.60152],
							"size": [1.25, 0.60104, 0.03536],
							"pivot": [0, 0.28384, 0.62652],
							"rotation": [45, 0, 0],
							"uv": {
								"east": {"uv": [12, 10], "uv_size": [0.5, 0.5]},
								"west": {"uv": [11, 12], "uv_size": [0.5, 0.5]},
								"up": {"uv": [5, 2], "uv_size": [1.5, 0.5]},
								"down": {"uv": [4, 5.5], "uv_size": [1.5, -0.5]}
							}
						},
						{
							"origin": [-0.625, -0.125, 0.6],
							"size": [1.25, 0.4, 0.45],
							"pivot": [0, 0.075, 0.825],
							"rotation": [-90, 0, 0],
							"uv": {
								"north": {"uv": [0, 6], "uv_size": [1.5, 0.5]},
								"east": {"uv": [12, 11], "uv_size": [0.5, 0.5]},
								"south": {"uv": [6, 1], "uv_size": [1.5, 0.5]},
								"west": {"uv": [12, 12], "uv_size": [0.5, 0.5]}
							}
						},
						{
							"origin": [-0.625, -0.14634, 0.60152],
							"size": [1.25, 0.60104, 0.03536],
							"pivot": [0, -0.13384, 0.62652],
							"rotation": [-45, 0, 0],
							"uv": {
								"east": {"uv": [0, 13], "uv_size": [0.5, 0.5]},
								"west": {"uv": [13, 0], "uv_size": [0.5, 0.5]},
								"up": {"uv": [2, 6], "uv_size": [1.5, 0.5]},
								"down": {"uv": [6, 3.5], "uv_size": [1.5, -0.5]}
							}
						},
						{
							"origin": [0.50792, -0.01373, -0.525],
							"size": [0.075, 0.1, 1.675],
							"pivot": [0.57042, 0.04877, 0.3125],
							"rotation": [0, 0, 30],
							"uv": {
								"north": {"uv": [1, 13], "uv_size": [0.5, 0.5]},
								"south": {"uv": [13, 1], "uv_size": [0.5, 0.5]},
								"west": {"uv": [4, 6], "uv_size": [1.5, 0.5]}
							}
						},
						{
							"origin": [0.51444, 0.25991, 0.375],
							"size": [0.075, 0.075, 0.775],
							"pivot": [0.55194, 0.29741, 0.7625],
							"rotation": [0, 0, -20],
							"uv": {
								"north": {"uv": [2, 13], "uv_size": [0.5, 0.5]},
								"south": {"uv": [13, 2], "uv_size": [0.5, 0.5]},
								"west": {"uv": [7, 8], "uv_size": [1, 0.5]}
							}
						},
						{
							"origin": [0.39494, 0.29074, 0.375],
							"size": [0.125, 0.225, 0.9],
							"pivot": [0.45744, 0.39074, 0.8875],
							"rotation": [0, 0, -62.5],
							"uv": {
								"north": {"uv": [3, 13], "uv_size": [0.5, 0.5]},
								"south": {"uv": [13, 3], "uv_size": [0.5, 0.5]},
								"west": {"uv": [8, 7], "uv_size": [1, 0.5]}
							}
						},
						{
							"origin": [-0.37542, 0.4, 0.375],
							"size": [0.75085, 0.10389, 0.9],
							"uv": {
								"north": {"uv": [8, 8], "uv_size": [1, 0.5]},
								"south": {"uv": [0, 9], "uv_size": [1, 0.5]},
								"up": {"uv": [0, 2], "uv_size": [1, 1]}
							}
						},
						{
							"origin": [-0.11929, 0.31662, 0.53552],
							"size": [0.23857, 0.34565, 0.57597],
							"uv": {
								"north": {"uv": [4, 13], "uv_size": [0.5, 0.5]},
								"south": {"uv": [13, 4], "uv_size": [0.5, 0.5]},
								"up": {"uv": [5, 13], "uv_size": [0.5, 0.5]}
							}
						},
						{
							"origin": [-0.11929, 0.31662, 0.53552],
							"size": [0.23857, 0.34565, 0.57597],
							"pivot": [0, 0.65195, 0.82351],
							"rotation": [0, -45, 0],
							"uv": {
								"north": {"uv": [13, 5], "uv_size": [0.5, 0.5]},
								"south": {"uv": [6, 13], "uv_size": [0.5, 0.5]},
								"up": {"uv": [13, 6], "uv_size": [0.5, 0.5]}
							}
						},
						{
							"origin": [-0.11929, 0.31662, 0.53552],
							"size": [0.23857, 0.34565, 0.57597],
							"pivot": [0, 0.65195, 0.82351],
							"rotation": [0, -90, 0],
							"uv": {
								"north": {"uv": [7, 13], "uv_size": [0.5, 0.5]},
								"south": {"uv": [13, 7], "uv_size": [0.5, 0.5]},
								"up": {"uv": [8, 13], "uv_size": [0.5, 0.5]}
							}
						},
						{
							"origin": [-0.11929, 0.31662, 0.53552],
							"size": [0.23857, 0.34565, 0.57597],
							"pivot": [0, 0.65195, 0.82351],
							"rotation": [0, -135, 0],
							"uv": {
								"north": {"uv": [13, 8], "uv_size": [0.5, 0.5]},
								"south": {"uv": [9, 13], "uv_size": [0.5, 0.5]},
								"up": {"uv": [13, 9], "uv_size": [0.5, 0.5]}
							}
						},
						{
							"origin": [-0.06561, 0.04439, -0.40988],
							"size": [0.13122, 1.19011, 0.31678],
							"pivot": [0, 0.63945, -0.25149],
							"rotation": [0, -22.5, 90],
							"uv": {
								"north": {"uv": [9, 0], "uv_size": [0.5, 1]},
								"south": {"uv": [1, 9], "uv_size": [0.5, 1]},
								"up": {"uv": [10, 13], "uv_size": [0.5, 0.5]},
								"down": {"uv": [13, 10.5], "uv_size": [0.5, -0.5]}
							}
						},
						{
							"origin": [-0.06561, 0.04439, -0.40988],
							"size": [0.13122, 1.19011, 0.31678],
							"pivot": [0, 0.63945, -0.25149],
							"rotation": [0, 22.5, 90],
							"uv": {
								"north": {"uv": [9, 1], "uv_size": [0.5, 1]},
								"south": {"uv": [2, 9], "uv_size": [0.5, 1]},
								"up": {"uv": [11, 13], "uv_size": [0.5, 0.5]},
								"down": {"uv": [13, 11.5], "uv_size": [0.5, -0.5]}
							}
						},
						{
							"origin": [-0.06561, 0.04439, -0.40988],
							"size": [0.13122, 1.19011, 0.31678],
							"pivot": [0, 0.63945, -0.25149],
							"rotation": [-180, -67.5, -90],
							"uv": {
								"north": {"uv": [9, 2], "uv_size": [0.5, 1]},
								"south": {"uv": [3, 9], "uv_size": [0.5, 1]},
								"up": {"uv": [12, 13], "uv_size": [0.5, 0.5]},
								"down": {"uv": [13, 12.5], "uv_size": [0.5, -0.5]}
							}
						},
						{
							"origin": [-0.06561, 0.04439, -0.40988],
							"size": [0.13122, 1.19011, 0.31678],
							"pivot": [0, 0.63945, -0.25149],
							"rotation": [0, -67.5, 90],
							"uv": {
								"north": {"uv": [9, 3], "uv_size": [0.5, 1]},
								"south": {"uv": [4, 9], "uv_size": [0.5, 1]},
								"up": {"uv": [13, 13], "uv_size": [0.5, 0.5]},
								"down": {"uv": [0, 14.5], "uv_size": [0.5, -0.5]}
							}
						},
						{
							"origin": [-0.30042, 0.50389, 1.2],
							"size": [0.60085, 0.07889, 0.075],
							"uv": {
								"north": {"uv": [14, 0], "uv_size": [0.5, 0.5]},
								"south": {"uv": [1, 14], "uv_size": [0.5, 0.5]},
								"up": {"uv": [14, 1], "uv_size": [0.5, 0.5]}
							}
						},
						{
							"origin": [-0.30042, 0.50389, 0.375],
							"size": [0.60085, 0.07889, 0.075],
							"uv": {
								"north": {"uv": [2, 14], "uv_size": [0.5, 0.5]},
								"south": {"uv": [14, 2], "uv_size": [0.5, 0.5]},
								"up": {"uv": [3, 14], "uv_size": [0.5, 0.5]}
							}
						},
						{
							"origin": [0.25776, 0.47979, 0.375],
							"size": [0.20085, 0.07889, 0.075],
							"pivot": [0.30818, 0.51924, 0.4125],
							"rotation": [0, 0, 45],
							"uv": {
								"north": {"uv": [14, 3], "uv_size": [0.5, 0.5]},
								"south": {"uv": [4, 14], "uv_size": [0.5, 0.5]},
								"up": {"uv": [14, 4], "uv_size": [0.5, 0.5]}
							}
						},
						{
							"origin": [-0.45861, 0.47979, 0.375],
							"size": [0.20085, 0.07889, 0.075],
							"pivot": [-0.30818, 0.51924, 0.4125],
							"rotation": [0, 0, -45],
							"uv": {
								"north": {"uv": [5, 14], "uv_size": [0.5, 0.5]},
								"south": {"uv": [14, 5], "uv_size": [0.5, 0.5]},
								"up": {"uv": [6, 14], "uv_size": [0.5, 0.5]}
							}
						},
						{
							"origin": [-0.45861, 0.47979, 1.2],
							"size": [0.20085, 0.07889, 0.075],
							"pivot": [-0.30818, 0.51924, 1.2375],
							"rotation": [0, 0, -45],
							"uv": {
								"north": {"uv": [14, 6], "uv_size": [0.5, 0.5]},
								"south": {"uv": [7, 14], "uv_size": [0.5, 0.5]},
								"up": {"uv": [14, 7], "uv_size": [0.5, 0.5]}
							}
						},
						{
							"origin": [0.25776, 0.47979, 1.2],
							"size": [0.20085, 0.07889, 0.075],
							"pivot": [0.30818, 0.51924, 1.2375],
							"rotation": [0, 0, 45],
							"uv": {
								"north": {"uv": [8, 14], "uv_size": [0.5, 0.5]},
								"south": {"uv": [14, 8], "uv_size": [0.5, 0.5]},
								"up": {"uv": [9, 14], "uv_size": [0.5, 0.5]}
							}
						},
						{
							"origin": [-0.51994, 0.29074, 0.375],
							"size": [0.125, 0.225, 0.9],
							"pivot": [-0.45744, 0.39074, 0.8875],
							"rotation": [0, 0, 62.5],
							"uv": {
								"north": {"uv": [14, 9], "uv_size": [0.5, 0.5]},
								"east": {"uv": [9, 4], "uv_size": [1, 0.5]},
								"south": {"uv": [10, 14], "uv_size": [0.5, 0.5]}
							}
						},
						{
							"origin": [0.42155, 0.32148, -0.525],
							"size": [0.125, 0.225, 0.825],
							"pivot": [0.48405, 0.42148, -0.0125],
							"rotation": [0, 0, -47.5],
							"uv": {
								"north": {"uv": [14, 10], "uv_size": [0.5, 0.5]},
								"south": {"uv": [11, 14], "uv_size": [0.5, 0.5]},
								"west": {"uv": [5, 9], "uv_size": [1, 0.5]}
							}
						},
						{
							"origin": [0.27271, 0.51622, -0.525],
							"size": [0.125, 0.075, 0.825],
							"pivot": [0.33521, 0.61622, -0.0125],
							"rotation": [0, 0, -25],
							"uv": {
								"north": {"uv": [14, 11], "uv_size": [0.5, 0.5]},
								"south": {"uv": [12, 14], "uv_size": [0.5, 0.5]},
								"west": {"uv": [9, 5], "uv_size": [1, 0.5]}
							}
						},
						{
							"origin": [-0.39771, 0.51622, -0.525],
							"size": [0.125, 0.075, 0.825],
							"pivot": [-0.33521, 0.61622, -0.0125],
							"rotation": [0, 0, 25],
							"uv": {
								"north": {"uv": [14, 12], "uv_size": [0.5, 0.5]},
								"east": {"uv": [6, 9], "uv_size": [1, 0.5]},
								"south": {"uv": [13, 14], "uv_size": [0.5, 0.5]}
							}
						},
						{
							"origin": [-0.40242, 0.55201, -0.525],
							"size": [0.80483, 0.06797, 0.825],
							"uv": {
								"north": {"uv": [9, 6], "uv_size": [1, 0.5]},
								"south": {"uv": [7, 9], "uv_size": [1, 0.5]}
							}
						},
						{
							"origin": [-0.40242, 0.56698, 0.04653],
							"size": [0.80483, 0.06797, 0.25],
							"pivot": [0, 0.60097, 0.18403],
							"rotation": [-7.5, 0, 0],
							"uv": {
								"east": {"uv": [14, 13], "uv_size": [0.5, 0.5]},
								"west": {"uv": [14, 14], "uv_size": [0.5, 0.5]},
								"up": {"uv": [9, 7], "uv_size": [1, 0.5]}
							}
						},
						{
							"origin": [-0.40242, 0.63028, -0.0523],
							"size": [0.80483, 0.06797, 0.3],
							"pivot": [0, 0.66426, -0.0648],
							"rotation": [-22.5, 0, 0],
							"uv": {
								"east": {"uv": [0, 15], "uv_size": [0.5, 0.5]},
								"west": {"uv": [15, 0], "uv_size": [0.5, 0.5]},
								"up": {"uv": [8, 9], "uv_size": [1, 0.5]}
							}
						},
						{
							"origin": [-0.40242, 0.51243, -0.22843],
							"size": [0.80483, 0.26797, 0.4],
							"pivot": [0, 0.74642, -0.11593],
							"rotation": [-57.5, 0, 0],
							"uv": {
								"east": {"uv": [1, 15], "uv_size": [0.5, 0.5]},
								"west": {"uv": [15, 1], "uv_size": [0.5, 0.5]},
								"up": {"uv": [9, 8], "uv_size": [1, 0.5]}
							}
						},
						{
							"origin": [-0.54655, 0.32148, -0.525],
							"size": [0.125, 0.225, 0.825],
							"pivot": [-0.48405, 0.42148, -0.0125],
							"rotation": [0, 0, 47.5],
							"uv": {
								"north": {"uv": [8, 17], "uv_size": [0.5, 0.5]},
								"east": {"uv": [0, 11], "uv_size": [1, 0.5]},
								"south": {"uv": [17, 8], "uv_size": [0.5, 0.5]}
							}
						},
						{
							"origin": [-0.43411, 0.4, -0.525],
							"size": [0.86823, 0.15201, 0.825],
							"uv": {
								"north": {"uv": [11, 0], "uv_size": [1, 0.5]},
								"south": {"uv": [1, 11], "uv_size": [1, 0.5]}
							}
						},
						{
							"origin": [-0.58944, 0.25991, 0.375],
							"size": [0.075, 0.075, 0.775],
							"pivot": [-0.55194, 0.29741, 0.7625],
							"rotation": [0, 0, 20],
							"uv": {
								"north": {"uv": [9, 17], "uv_size": [0.5, 0.5]},
								"east": {"uv": [11, 1], "uv_size": [1, 0.5]},
								"south": {"uv": [17, 9], "uv_size": [0.5, 0.5]}
							}
						},
						{
							"origin": [0.48075, -0.11105, 1],
							"size": [0.075, 0.2, 0.275],
							"pivot": [0.54325, 0.05145, 0.4375],
							"rotation": [0, 0, 35],
							"uv": {
								"south": {"uv": [10, 17], "uv_size": [0.5, 0.5]},
								"west": {"uv": [17, 10], "uv_size": [0.5, 0.5]}
							}
						},
						{
							"origin": [-0.55575, -0.11105, 1],
							"size": [0.075, 0.2, 0.275],
							"pivot": [-0.54325, 0.05145, 0.4375],
							"rotation": [0, 0, -35],
							"uv": {
								"east": {"uv": [11, 17], "uv_size": [0.5, 0.5]},
								"south": {"uv": [17, 11], "uv_size": [0.5, 0.5]}
							}
						},
						{
							"origin": [-0.58292, -0.01373, -0.525],
							"size": [0.075, 0.1, 1.675],
							"pivot": [-0.57042, 0.04877, 0.3125],
							"rotation": [0, 0, -30],
							"uv": {
								"north": {"uv": [12, 17], "uv_size": [0.5, 0.5]},
								"east": {"uv": [7, 2], "uv_size": [1.5, 0.5]},
								"south": {"uv": [17, 12], "uv_size": [0.5, 0.5]}
							}
						},
						{
							"origin": [-0.6, 0.275, -0.525],
							"size": [1.2, 0.125, 0.825],
							"uv": {
								"north": {"uv": [2, 11], "uv_size": [1, 0.5]},
								"east": {"uv": [11, 2], "uv_size": [1, 0.5]},
								"south": {"uv": [3, 11], "uv_size": [1, 0.5]},
								"west": {"uv": [11, 3], "uv_size": [1, 0.5]}
							}
						},
						{
							"origin": [-0.575, 0.075, 0.375],
							"size": [1.15, 0.325, 0.9],
							"uv": {
								"north": {"uv": [4, 11], "uv_size": [1, 0.5]},
								"east": {"uv": [11, 4], "uv_size": [1, 0.5]},
								"south": {"uv": [5, 11], "uv_size": [1, 0.5]},
								"west": {"uv": [11, 5], "uv_size": [1, 0.5]}
							}
						}
					]
				},
				{
					"name": "bone2",
					"parent": "scope_body",
					"pivot": [0, 1.63447, -0.21621],
					"cubes": [
						{
							"origin": [-0.40242, 0.5213, -0.41703],
							"size": [0.80483, 0.35132, 0.30961],
							"uv": {
								"east": {"uv": [2, 15], "uv_size": [0.5, 0.5]},
								"south": {"uv": [9, 9], "uv_size": [1, 0.5]},
								"west": {"uv": [15, 2], "uv_size": [0.5, 0.5]},
								"up": {"uv": [0, 10], "uv_size": [1, 0.5]}
							}
						},
						{
							"origin": [-0.40242, 0.53326, -0.49533],
							"size": [0.80483, 0.14971, 0.26966],
							"pivot": [0, 0.63367, -0.34342],
							"rotation": [-29.15035, 0, 0],
							"uv": {
								"north": {"uv": [10, 0], "uv_size": [1, 0.5]},
								"east": {"uv": [3, 15], "uv_size": [0.5, 0.5]},
								"west": {"uv": [15, 3], "uv_size": [0.5, 0.5]}
							}
						},
						{
							"origin": [-0.40242, 0.64943, -0.43341],
							"size": [0.80483, 0.17471, 0.24466],
							"pivot": [0, 0.79983, -0.28149],
							"rotation": [-19.15035, 0, 0],
							"uv": {
								"north": {"uv": [1, 10], "uv_size": [1, 0.5]},
								"east": {"uv": [4, 15], "uv_size": [0.5, 0.5]},
								"west": {"uv": [15, 4], "uv_size": [0.5, 0.5]}
							}
						},
						{
							"origin": [0.11919, 0.74437, -0.41703],
							"size": [0.0975, 0.05132, 0.30961],
							"pivot": [0, 1.63447, -0.21621],
							"rotation": [0, 0, 45],
							"uv": {
								"north": {"uv": [5, 15], "uv_size": [0.5, 0.5]},
								"south": {"uv": [15, 5], "uv_size": [0.5, 0.5]},
								"up": {"uv": [6, 15], "uv_size": [0.5, 0.5]},
								"down": {"uv": [15, 6.5], "uv_size": [0.5, -0.5]}
							}
						},
						{
							"origin": [0.37091, 0.85774, -0.41703],
							"size": [0.07983, 0.05132, 0.30961],
							"pivot": [0, 1.63447, -0.21621],
							"rotation": [0, 0, 67.5],
							"uv": {
								"north": {"uv": [7, 15], "uv_size": [0.5, 0.5]},
								"south": {"uv": [15, 7], "uv_size": [0.5, 0.5]},
								"up": {"uv": [8, 15], "uv_size": [0.5, 0.5]},
								"down": {"uv": [15, 8.5], "uv_size": [0.5, -0.5]}
							}
						},
						{
							"origin": [-0.14043, 0.72921, -0.41703],
							"size": [0.07983, 0.05132, 0.30961],
							"pivot": [0, 1.63447, -0.21621],
							"rotation": [0, 0, 22.5],
							"uv": {
								"north": {"uv": [9, 15], "uv_size": [0.5, 0.5]},
								"south": {"uv": [15, 9], "uv_size": [0.5, 0.5]},
								"up": {"uv": [10, 15], "uv_size": [0.5, 0.5]},
								"down": {"uv": [15, 10.5], "uv_size": [0.5, -0.5]}
							}
						},
						{
							"origin": [0.0606, 0.72921, -0.41703],
							"size": [0.07983, 0.05132, 0.30961],
							"pivot": [0, 1.63447, -0.21621],
							"rotation": [0, 0, -22.5],
							"uv": {
								"north": {"uv": [11, 15], "uv_size": [0.5, 0.5]},
								"south": {"uv": [15, 11], "uv_size": [0.5, 0.5]},
								"up": {"uv": [12, 15], "uv_size": [0.5, 0.5]},
								"down": {"uv": [15, 12.5], "uv_size": [0.5, -0.5]}
							}
						},
						{
							"origin": [-0.21669, 0.74437, -0.41703],
							"size": [0.0975, 0.05132, 0.30961],
							"pivot": [0, 1.63447, -0.21621],
							"rotation": [0, 0, -45],
							"uv": {
								"north": {"uv": [13, 15], "uv_size": [0.5, 0.5]},
								"south": {"uv": [15, 13], "uv_size": [0.5, 0.5]},
								"up": {"uv": [14, 15], "uv_size": [0.5, 0.5]},
								"down": {"uv": [15, 14.5], "uv_size": [0.5, -0.5]}
							}
						},
						{
							"origin": [-0.45074, 0.85774, -0.41703],
							"size": [0.07983, 0.05132, 0.30961],
							"pivot": [0, 1.63447, -0.21621],
							"rotation": [0, 0, -67.5],
							"uv": {
								"north": {"uv": [15, 15], "uv_size": [0.5, 0.5]},
								"south": {"uv": [0, 16], "uv_size": [0.5, 0.5]},
								"up": {"uv": [16, 0], "uv_size": [0.5, 0.5]},
								"down": {"uv": [1, 16.5], "uv_size": [0.5, -0.5]}
							}
						},
						{
							"origin": [-0.63992, 1.0588, -0.2],
							"size": [1.27983, 0.05132, 0.09259],
							"inflate": 0.0001,
							"pivot": [0, 1.63447, -0.21621],
							"rotation": [0, 0, -90],
							"uv": {
								"south": {"uv": [6, 4], "uv_size": [1.5, 0.5]},
								"up": {"uv": [6, 5], "uv_size": [1.5, 0.5]},
								"down": {"uv": [6, 6.5], "uv_size": [1.5, -0.5]}
							}
						},
						{
							"origin": [-0.63992, 1.0588, -0.2],
							"size": [1.27983, 0.05132, 0.09259],
							"inflate": 0.0001,
							"pivot": [0, 1.63447, -0.21621],
							"rotation": [0, 0, 90],
							"uv": {
								"south": {"uv": [0, 7], "uv_size": [1.5, 0.5]},
								"up": {"uv": [7, 0], "uv_size": [1.5, 0.5]},
								"down": {"uv": [2, 7.5], "uv_size": [1.5, -0.5]}
							}
						},
						{
							"origin": [-1.15989, 1.64588, -0.3061],
							"size": [1.2498, 0.05132, 0.05911],
							"pivot": [-0.55, 1.67154, -0.29329],
							"rotation": [0, 10, 90],
							"uv": {
								"north": {"uv": [10, 1], "uv_size": [1, 0.5]},
								"up": {"uv": [2, 10], "uv_size": [1, 0.5]},
								"down": {"uv": [10, 2.5], "uv_size": [1, -0.5]}
							}
						},
						{
							"origin": [-0.83489, 1.63561, -0.24789],
							"size": [0.9248, 0.05132, 0.08411],
							"pivot": [-0.55, 1.66127, -0.23508],
							"rotation": [0, 10, 90],
							"uv": {
								"up": {"uv": [3, 10], "uv_size": [1, 0.5]},
								"down": {"uv": [10, 3.5], "uv_size": [1, -0.5]}
							}
						},
						{
							"origin": [-0.35989, 1.62101, -0.16507],
							"size": [0.4498, 0.05132, 0.08411],
							"pivot": [-0.55, 1.64667, -0.15225],
							"rotation": [0, 10, 90],
							"uv": {
								"up": {"uv": [16, 1], "uv_size": [0.5, 0.5]},
								"down": {"uv": [2, 16.5], "uv_size": [0.5, -0.5]}
							}
						},
						{
							"origin": [-0.08992, 1.62101, -0.16507],
							"size": [0.4498, 0.05132, 0.08411],
							"pivot": [0.55, 1.64667, -0.15225],
							"rotation": [0, -10, -90],
							"uv": {
								"up": {"uv": [16, 2], "uv_size": [0.5, 0.5]},
								"down": {"uv": [3, 16.5], "uv_size": [0.5, -0.5]}
							}
						},
						{
							"origin": [-0.08992, 1.63561, -0.24789],
							"size": [0.9248, 0.05132, 0.08411],
							"pivot": [0.55, 1.66127, -0.23508],
							"rotation": [0, -10, -90],
							"uv": {
								"up": {"uv": [4, 10], "uv_size": [1, 0.5]},
								"down": {"uv": [10, 4.5], "uv_size": [1, -0.5]}
							}
						},
						{
							"origin": [0.5909, 1.0588, -0.41703],
							"size": [0.04902, 0.05132, 0.21703],
							"pivot": [0, 1.63447, -0.46621],
							"rotation": [0, 0, 90],
							"uv": {
								"north": {"uv": [16, 3], "uv_size": [0.5, 0.5]},
								"up": {"uv": [4, 16], "uv_size": [0.5, 0.5]},
								"down": {"uv": [16, 4.5], "uv_size": [0.5, -0.5]}
							}
						},
						{
							"origin": [-0.08992, 1.64588, -0.3061],
							"size": [1.2498, 0.05132, 0.05911],
							"pivot": [0.55, 1.67154, -0.29329],
							"rotation": [0, -10, -90],
							"uv": {
								"north": {"uv": [5, 10], "uv_size": [1, 0.5]},
								"up": {"uv": [10, 5], "uv_size": [1, 0.5]},
								"down": {"uv": [6, 10.5], "uv_size": [1, -0.5]}
							}
						},
						{
							"origin": [-0.63992, 1.0588, -0.41703],
							"size": [0.04902, 0.05132, 0.21703],
							"pivot": [0, 1.63447, -0.46621],
							"rotation": [0, 0, -90],
							"uv": {
								"north": {"uv": [5, 16], "uv_size": [0.5, 0.5]},
								"up": {"uv": [16, 5], "uv_size": [0.5, 0.5]},
								"down": {"uv": [6, 16.5], "uv_size": [0.5, -0.5]}
							}
						},
						{
							"origin": [0.37091, 2.35987, -0.2],
							"size": [0.07983, 0.05132, 0.09259],
							"pivot": [0, 1.63447, -0.21621],
							"rotation": [0, 0, -67.5],
							"uv": {
								"north": {"uv": [16, 6], "uv_size": [0.5, 0.5]},
								"south": {"uv": [7, 16], "uv_size": [0.5, 0.5]},
								"up": {"uv": [16, 7], "uv_size": [0.5, 0.5]},
								"down": {"uv": [8, 16.5], "uv_size": [0.5, -0.5]}
							}
						},
						{
							"origin": [0.11919, 2.47324, -0.2],
							"size": [0.0975, 0.05132, 0.09259],
							"pivot": [0, 1.63447, -0.21621],
							"rotation": [0, 0, -45],
							"uv": {
								"north": {"uv": [16, 8], "uv_size": [0.5, 0.5]},
								"south": {"uv": [9, 16], "uv_size": [0.5, 0.5]},
								"up": {"uv": [16, 9], "uv_size": [0.5, 0.5]},
								"down": {"uv": [10, 16.5], "uv_size": [0.5, -0.5]}
							}
						},
						{
							"origin": [-0.14043, 2.4884, -0.2],
							"size": [0.07983, 0.05132, 0.09259],
							"pivot": [0, 1.63447, -0.21621],
							"rotation": [0, 0, -22.5],
							"uv": {
								"north": {"uv": [16, 10], "uv_size": [0.5, 0.5]},
								"south": {"uv": [11, 16], "uv_size": [0.5, 0.5]},
								"up": {"uv": [16, 11], "uv_size": [0.5, 0.5]},
								"down": {"uv": [12, 16.5], "uv_size": [0.5, -0.5]}
							}
						},
						{
							"origin": [-0.40242, 2.3963, -0.2],
							"size": [0.80483, 0.05132, 0.09259],
							"uv": {
								"north": {"uv": [10, 6], "uv_size": [1, 0.5]},
								"south": {"uv": [7, 10], "uv_size": [1, 0.5]},
								"up": {"uv": [10, 7], "uv_size": [1, 0.5]},
								"down": {"uv": [8, 10.5], "uv_size": [1, -0.5]}
							}
						},
						{
							"origin": [0.0606, 2.4884, -0.2],
							"size": [0.07983, 0.05132, 0.09259],
							"pivot": [0, 1.63447, -0.21621],
							"rotation": [0, 0, 22.5],
							"uv": {
								"north": {"uv": [16, 12], "uv_size": [0.5, 0.5]},
								"south": {"uv": [13, 16], "uv_size": [0.5, 0.5]},
								"up": {"uv": [16, 13], "uv_size": [0.5, 0.5]},
								"down": {"uv": [14, 16.5], "uv_size": [0.5, -0.5]}
							}
						},
						{
							"origin": [-0.21669, 2.47324, -0.2],
							"size": [0.0975, 0.05132, 0.09259],
							"pivot": [0, 1.63447, -0.21621],
							"rotation": [0, 0, 45],
							"uv": {
								"north": {"uv": [16, 14], "uv_size": [0.5, 0.5]},
								"south": {"uv": [15, 16], "uv_size": [0.5, 0.5]},
								"up": {"uv": [16, 15], "uv_size": [0.5, 0.5]},
								"down": {"uv": [16, 16.5], "uv_size": [0.5, -0.5]}
							}
						},
						{
							"origin": [-0.45074, 2.35987, -0.2],
							"size": [0.07983, 0.05132, 0.09259],
							"pivot": [0, 1.63447, -0.21621],
							"rotation": [0, 0, 67.5],
							"uv": {
								"north": {"uv": [0, 17], "uv_size": [0.5, 0.5]},
								"south": {"uv": [17, 0], "uv_size": [0.5, 0.5]},
								"up": {"uv": [1, 17], "uv_size": [0.5, 0.5]},
								"down": {"uv": [17, 1.5], "uv_size": [0.5, -0.5]}
							}
						}
					]
				},
				{
					"name": "bone3",
					"parent": "scope_body",
					"pivot": [0, 1.63447, -0.17871],
					"cubes": [
						{
							"origin": [-0.3823, 0.86196, -0.17269],
							"size": [0.76459, 0.07376, 0.03796],
							"uv": {
								"south": {"uv": [10, 8], "uv_size": [1, 0.5]}
							}
						},
						{
							"origin": [0.11323, 0.78888, -0.17269],
							"size": [0.09262, 0.07376, 0.03796],
							"pivot": [0, 1.63447, -0.23808],
							"rotation": [0, 0, 45],
							"uv": {
								"south": {"uv": [2, 17], "uv_size": [0.5, 0.5]}
							}
						},
						{
							"origin": [0.35236, 0.89658, -0.17269],
							"size": [0.07584, 0.07376, 0.03796],
							"pivot": [0, 1.63447, -0.23808],
							"rotation": [0, 0, 67.5],
							"uv": {
								"south": {"uv": [17, 2], "uv_size": [0.5, 0.5]}
							}
						},
						{
							"origin": [-0.13341, 0.77447, -0.17269],
							"size": [0.07584, 0.07376, 0.03796],
							"pivot": [0, 1.63447, -0.23808],
							"rotation": [0, 0, 22.5],
							"uv": {
								"south": {"uv": [3, 17], "uv_size": [0.5, 0.5]}
							}
						},
						{
							"origin": [0.05757, 0.77447, -0.17269],
							"size": [0.07584, 0.07376, 0.03796],
							"pivot": [0, 1.63447, -0.23808],
							"rotation": [0, 0, -22.5],
							"uv": {
								"south": {"uv": [17, 3], "uv_size": [0.5, 0.5]}
							}
						},
						{
							"origin": [-0.20585, 0.78888, -0.17269],
							"size": [0.09262, 0.07376, 0.03796],
							"pivot": [0, 1.63447, -0.23808],
							"rotation": [0, 0, -45],
							"uv": {
								"south": {"uv": [4, 17], "uv_size": [0.5, 0.5]}
							}
						},
						{
							"origin": [-0.4282, 0.89658, -0.17269],
							"size": [0.07584, 0.07376, 0.03796],
							"pivot": [0, 1.63447, -0.23808],
							"rotation": [0, 0, -67.5],
							"uv": {
								"south": {"uv": [17, 4], "uv_size": [0.5, 0.5]}
							}
						},
						{
							"origin": [-0.60792, 1.08759, -0.17269],
							"size": [1.21584, 0.07376, 0.03796],
							"pivot": [0, 1.63447, -0.23808],
							"rotation": [0, 0, -90],
							"uv": {
								"south": {"uv": [9, 10], "uv_size": [1, 0.5]}
							}
						},
						{
							"origin": [-0.60792, 1.08759, -0.17269],
							"size": [1.21584, 0.07376, 0.03796],
							"pivot": [0, 1.63447, -0.23808],
							"rotation": [0, 0, 90],
							"uv": {
								"south": {"uv": [10, 9], "uv_size": [1, 0.5]}
							}
						},
						{
							"origin": [0.35236, 2.2986, -0.17269],
							"size": [0.07584, 0.07376, 0.03796],
							"pivot": [0, 1.63447, -0.23808],
							"rotation": [0, 0, -67.5],
							"uv": {
								"south": {"uv": [5, 17], "uv_size": [0.5, 0.5]}
							}
						},
						{
							"origin": [0.11323, 2.4063, -0.17269],
							"size": [0.09262, 0.07376, 0.03796],
							"pivot": [0, 1.63447, -0.23808],
							"rotation": [0, 0, -45],
							"uv": {
								"south": {"uv": [17, 5], "uv_size": [0.5, 0.5]}
							}
						},
						{
							"origin": [-0.13341, 2.42071, -0.17269],
							"size": [0.07584, 0.07376, 0.03796],
							"pivot": [0, 1.63447, -0.23808],
							"rotation": [0, 0, -22.5],
							"uv": {
								"south": {"uv": [6, 17], "uv_size": [0.5, 0.5]}
							}
						},
						{
							"origin": [-0.3823, 2.33321, -0.17269],
							"size": [0.76459, 0.07376, 0.03796],
							"uv": {
								"south": {"uv": [10, 10], "uv_size": [1, 0.5]}
							}
						},
						{
							"origin": [0.05757, 2.42071, -0.17269],
							"size": [0.07584, 0.07376, 0.03796],
							"pivot": [0, 1.63447, -0.23808],
							"rotation": [0, 0, 22.5],
							"uv": {
								"south": {"uv": [17, 6], "uv_size": [0.5, 0.5]}
							}
						},
						{
							"origin": [-0.20585, 2.4063, -0.17269],
							"size": [0.09262, 0.07376, 0.03796],
							"pivot": [0, 1.63447, -0.23808],
							"rotation": [0, 0, 45],
							"uv": {
								"south": {"uv": [7, 17], "uv_size": [0.5, 0.5]}
							}
						},
						{
							"origin": [-0.4282, 2.2986, -0.17269],
							"size": [0.07584, 0.07376, 0.03796],
							"pivot": [0, 1.63447, -0.23808],
							"rotation": [0, 0, 67.5],
							"uv": {
								"south": {"uv": [17, 7], "uv_size": [0.5, 0.5]}
							}
						}
					]
				}
			]
		}
	]
}