{
	"format_version": "1.12.0",
	"minecraft:geometry": [
		{
			"description": {
				"identifier": "geometry.sight_coyote - Converted",
				"texture_width": 16,
				"texture_height": 16,
				"visible_bounds_width": 7,
				"visible_bounds_height": 2.5,
				"visible_bounds_offset": [0, 0.75, 0]
			},
			"bones": [
				{
					"name": "bb_main",
					"pivot": [0, 0, 0]
				},
				{
					"name": "scope_body",
					"pivot": [0, 7.3, -0.25]
				},
				{
					"name": "body",
					"parent": "scope_body",
					"pivot": [0, 7.3, -0.25]
				},
				{
					"name": "group2",
					"parent": "body",
					"pivot": [0, 7.2885, -0.37712],
					"cubes": [
						{
							"origin": [-0.6875, 0, -1],
							"size": [1.375, 0.9625, 0.875],
							"uv": {
								"north": {"uv": [2, 2], "uv_size": [1.5, 1]},
								"east": {"uv": [4, 2], "uv_size": [1, 1]},
								"south": {"uv": [2, 3], "uv_size": [1.5, 1]},
								"west": {"uv": [4, 3], "uv_size": [1, 1]},
								"up": {"uv": [0, 4], "uv_size": [1.5, 1]},
								"down": {"uv": [4, 1], "uv_size": [1.5, -1]}
							}
						},
						{
							"origin": [-0.6875, 0, -2.375],
							"size": [1.375, 0.375, 1.375],
							"uv": {
								"east": {"uv": [5, 3], "uv_size": [1.5, 0.5]},
								"west": {"uv": [4, 5], "uv_size": [1.5, 0.5]},
								"down": {"uv": [0, 3.5], "uv_size": [1.5, -1.5]}
							}
						},
						{
							"origin": [-0.625, 0.4375, -2.875],
							"size": [1.25, 0.30774, 1.9],
							"uv": {
								"north": {"uv": [5, 4], "uv_size": [1.5, 0.5]},
								"east": {"uv": [1, 5], "uv_size": [2, 0.5]},
								"south": {"uv": [6, 0], "uv_size": [1.5, 0.5]},
								"west": {"uv": [5, 2], "uv_size": [2, 0.5]},
								"up": {"uv": [0, 0], "uv_size": [1.5, 2]}
							}
						},
						{
							"origin": [-0.5875, 0.6375, -1.375],
							"size": [1.175, 0.20417, 0.43954],
							"pivot": [0, 0.79137, -1.175],
							"rotation": [32.5, 0, 0],
							"uv": {
								"north": {"uv": [6, 8], "uv_size": [1, 0.5]},
								"east": {"uv": [10, 13], "uv_size": [0.5, 0.5]},
								"south": {"uv": [7, 8], "uv_size": [1, 0.5]},
								"west": {"uv": [13, 10], "uv_size": [0.5, 0.5]},
								"up": {"uv": [8, 7], "uv_size": [1, 0.5]},
								"down": {"uv": [8, 8.5], "uv_size": [1, -0.5]}
							}
						},
						{
							"origin": [-0.625, 0.3372, -2.87077],
							"size": [1.25, 0.3125, 0.375],
							"inflate": -0.001,
							"pivot": [-0.5, 0.7122, -2.68327],
							"rotation": [-22.5, 0, 0],
							"uv": {
								"north": {"uv": [1, 6], "uv_size": [1.5, 0.5]},
								"east": {"uv": [0, 9], "uv_size": [0.5, 0.5]},
								"west": {"uv": [1, 9], "uv_size": [0.5, 0.5]},
								"up": {"uv": [3, 6], "uv_size": [1.5, 0.5]}
							}
						},
						{
							"origin": [-0.625, 1.77968, -2.875],
							"size": [1.25, 0.0625, 0.5],
							"uv": {
								"north": {"uv": [5, 6], "uv_size": [1.5, 0.5]},
								"south": {"uv": [6, 5], "uv_size": [1.5, 0.5]},
								"up": {"uv": [1, 7], "uv_size": [1.5, 0.5]},
								"down": {"uv": [7, 1.5], "uv_size": [1.5, -0.5]}
							}
						},
						{
							"origin": [-0.83227, 1.3606, -2.875],
							"size": [0.0625, 0.3125, 0.5],
							"pivot": [-0.76977, 1.5481, -2.6875],
							"rotation": [0, 0, 22.5],
							"uv": {
								"north": {"uv": [9, 1], "uv_size": [0.5, 0.5]},
								"east": {"uv": [2, 9], "uv_size": [0.5, 0.5]},
								"south": {"uv": [3, 9], "uv_size": [0.5, 0.5]},
								"west": {"uv": [4, 9], "uv_size": [0.5, 0.5]}
							}
						},
						{
							"origin": [-0.80835, 0.83153, -2.875],
							"size": [0.0625, 0.3125, 0.7],
							"pivot": [-0.74585, 0.89403, -2.6875],
							"rotation": [0, 0, -22.5],
							"uv": {
								"north": {"uv": [9, 4], "uv_size": [0.5, 0.5]},
								"east": {"uv": [5, 9], "uv_size": [0.5, 0.5]},
								"south": {"uv": [9, 5], "uv_size": [0.5, 0.5]},
								"west": {"uv": [6, 9], "uv_size": [0.5, 0.5]}
							}
						},
						{
							"origin": [-0.72254, 1.63794, -2.875],
							"size": [0.0625, 0.21875, 0.5],
							"pivot": [-0.69129, 1.73169, -2.6875],
							"rotation": [0, 0, 45],
							"uv": {
								"north": {"uv": [9, 6], "uv_size": [0.5, 0.5]},
								"east": {"uv": [7, 9], "uv_size": [0.5, 0.5]},
								"south": {"uv": [9, 7], "uv_size": [0.5, 0.5]},
								"west": {"uv": [8, 9], "uv_size": [0.5, 0.5]}
							}
						},
						{
							"origin": [0.83611, 1.10108, -2.875],
							"size": [0.06316, 0.29771, 0.6],
							"uv": {
								"north": {"uv": [9, 8], "uv_size": [0.5, 0.5]},
								"east": {"uv": [9, 9], "uv_size": [0.5, 0.5]},
								"south": {"uv": [0, 10], "uv_size": [0.5, 0.5]},
								"west": {"uv": [10, 0], "uv_size": [0.5, 0.5]},
								"up": {"uv": [1, 10], "uv_size": [0.5, 0.5]},
								"down": {"uv": [10, 1.5], "uv_size": [0.5, -0.5]}
							}
						},
						{
							"origin": [-0.89927, 1.10108, -2.875],
							"size": [0.06316, 0.29771, 0.6],
							"uv": {
								"north": {"uv": [4, 13], "uv_size": [0.5, 0.5]},
								"east": {"uv": [13, 4], "uv_size": [0.5, 0.5]},
								"south": {"uv": [5, 13], "uv_size": [0.5, 0.5]},
								"west": {"uv": [13, 5], "uv_size": [0.5, 0.5]},
								"up": {"uv": [6, 13], "uv_size": [0.5, 0.5]},
								"down": {"uv": [13, 6.5], "uv_size": [0.5, -0.5]}
							}
						},
						{
							"origin": [0.83611, 1.07664, -2.32792],
							"size": [0.06315, 0.314, 0.10585],
							"pivot": [0.86769, 1.24179, -2.27792],
							"rotation": [17.5, 0, 0],
							"uv": {
								"north": {"uv": [1, 13], "uv_size": [0.5, 0.5]},
								"east": {"uv": [13, 1], "uv_size": [0.5, 0.5]},
								"south": {"uv": [2, 13], "uv_size": [0.5, 0.5]},
								"west": {"uv": [13, 2], "uv_size": [0.5, 0.5]},
								"up": {"uv": [3, 13], "uv_size": [0.5, 0.5]},
								"down": {"uv": [13, 3.5], "uv_size": [0.5, -0.5]}
							}
						},
						{
							"origin": [-0.89926, 1.07664, -2.32792],
							"size": [0.06315, 0.314, 0.10585],
							"pivot": [-0.86769, 1.24179, -2.27792],
							"rotation": [17.5, 0, 0],
							"uv": {
								"north": {"uv": [7, 13], "uv_size": [0.5, 0.5]},
								"east": {"uv": [13, 7], "uv_size": [0.5, 0.5]},
								"south": {"uv": [8, 13], "uv_size": [0.5, 0.5]},
								"west": {"uv": [13, 8], "uv_size": [0.5, 0.5]},
								"up": {"uv": [9, 13], "uv_size": [0.5, 0.5]},
								"down": {"uv": [13, 9.5], "uv_size": [0.5, -0.5]}
							}
						},
						{
							"origin": [0.76977, 1.3606, -2.875],
							"size": [0.0625, 0.3125, 0.5],
							"pivot": [0.76977, 1.5481, -2.6875],
							"rotation": [0, 0, -22.5],
							"uv": {
								"north": {"uv": [2, 10], "uv_size": [0.5, 0.5]},
								"east": {"uv": [10, 2], "uv_size": [0.5, 0.5]},
								"south": {"uv": [3, 10], "uv_size": [0.5, 0.5]},
								"west": {"uv": [10, 3], "uv_size": [0.5, 0.5]}
							}
						},
						{
							"origin": [0.76139, 1.37545, -2.45002],
							"size": [0.06317, 0.33118, 0.10995],
							"pivot": [0.76139, 1.56833, -2.26252],
							"rotation": [20, 0, -22.5],
							"uv": {
								"north": {"uv": [11, 13], "uv_size": [0.5, 0.5]},
								"east": {"uv": [13, 11], "uv_size": [0.5, 0.5]},
								"south": {"uv": [12, 13], "uv_size": [0.5, 0.5]},
								"west": {"uv": [13, 12], "uv_size": [0.5, 0.5]},
								"up": {"uv": [13, 13], "uv_size": [0.5, 0.5]},
								"down": {"uv": [0, 14.5], "uv_size": [0.5, -0.5]}
							}
						},
						{
							"origin": [-0.82456, 1.37545, -2.45002],
							"size": [0.06317, 0.33118, 0.10995],
							"pivot": [-0.76139, 1.56833, -2.26252],
							"rotation": [20, 0, 22.5],
							"uv": {
								"north": {"uv": [14, 0], "uv_size": [0.5, 0.5]},
								"east": {"uv": [1, 14], "uv_size": [0.5, 0.5]},
								"south": {"uv": [14, 1], "uv_size": [0.5, 0.5]},
								"west": {"uv": [2, 14], "uv_size": [0.5, 0.5]},
								"up": {"uv": [14, 2], "uv_size": [0.5, 0.5]},
								"down": {"uv": [3, 14.5], "uv_size": [0.5, -0.5]}
							}
						},
						{
							"origin": [0.74585, 0.83153, -2.875],
							"size": [0.0625, 0.3125, 0.7],
							"pivot": [0.74585, 0.89403, -2.6875],
							"rotation": [0, 0, 22.5],
							"uv": {
								"north": {"uv": [4, 10], "uv_size": [0.5, 0.5]},
								"east": {"uv": [10, 4], "uv_size": [0.5, 0.5]},
								"south": {"uv": [5, 10], "uv_size": [0.5, 0.5]},
								"west": {"uv": [10, 5], "uv_size": [0.5, 0.5]}
							}
						},
						{
							"origin": [0.76821, 0.72735, -2.26729],
							"size": [0.0625, 0.3707, 0.2],
							"pivot": [0.79946, 0.9418, -2.16729],
							"rotation": [35, 0, 22.5],
							"uv": {
								"north": {"uv": [12, 6], "uv_size": [0.5, 0.5]},
								"east": {"uv": [7, 12], "uv_size": [0.5, 0.5]},
								"south": {"uv": [12, 7], "uv_size": [0.5, 0.5]},
								"west": {"uv": [8, 12], "uv_size": [0.5, 0.5]},
								"up": {"uv": [12, 8], "uv_size": [0.5, 0.5]},
								"down": {"uv": [9, 12.5], "uv_size": [0.5, -0.5]}
							}
						},
						{
							"origin": [-0.83071, 0.72735, -2.26729],
							"size": [0.0625, 0.3707, 0.2],
							"pivot": [-0.79946, 0.9418, -2.16729],
							"rotation": [35, 0, -22.5],
							"uv": {
								"north": {"uv": [12, 10], "uv_size": [0.5, 0.5]},
								"east": {"uv": [11, 12], "uv_size": [0.5, 0.5]},
								"south": {"uv": [12, 11], "uv_size": [0.5, 0.5]},
								"west": {"uv": [12, 12], "uv_size": [0.5, 0.5]},
								"up": {"uv": [0, 13], "uv_size": [0.5, 0.5]},
								"down": {"uv": [13, 0.5], "uv_size": [0.5, -0.5]}
							}
						},
						{
							"origin": [0.66004, 1.63794, -2.875],
							"size": [0.0625, 0.21875, 0.5],
							"pivot": [0.69129, 1.73169, -2.6875],
							"rotation": [0, 0, -45],
							"uv": {
								"north": {"uv": [6, 10], "uv_size": [0.5, 0.5]},
								"east": {"uv": [10, 6], "uv_size": [0.5, 0.5]},
								"south": {"uv": [7, 10], "uv_size": [0.5, 0.5]},
								"west": {"uv": [10, 7], "uv_size": [0.5, 0.5]}
							}
						},
						{
							"origin": [0.67109, 0.6386, -2.875],
							"size": [0.05911, 0.22691, 0.91262],
							"pivot": [0.70234, 0.77922, -2.6875],
							"rotation": [0, 0, 45],
							"uv": {
								"north": {"uv": [8, 10], "uv_size": [0.5, 0.5]},
								"east": {"uv": [2, 8], "uv_size": [1, 0.5]},
								"south": {"uv": [10, 8], "uv_size": [0.5, 0.5]},
								"west": {"uv": [4, 8], "uv_size": [1, 0.5]}
							}
						},
						{
							"origin": [-0.7302, 0.6386, -2.875],
							"size": [0.05911, 0.22691, 0.91262],
							"pivot": [-0.70234, 0.77922, -2.6875],
							"rotation": [0, 0, -45],
							"uv": {
								"north": {"uv": [12, 9], "uv_size": [0.5, 0.5]},
								"east": {"uv": [5, 8], "uv_size": [1, 0.5]},
								"south": {"uv": [10, 12], "uv_size": [0.5, 0.5]},
								"west": {"uv": [8, 5], "uv_size": [1, 0.5]}
							}
						},
						{
							"origin": [-0.625, 0.375, -2.375],
							"size": [1.25, 0.0625, 1.375],
							"uv": {
								"up": {"uv": [2, 0], "uv_size": [1.5, 1.5]}
							}
						},
						{
							"origin": [0.56629, 0.29576, -2.375],
							"size": [0.08839, 0.0625, 1.375],
							"pivot": [0.69129, 0.32701, -2],
							"rotation": [0, 0, 45],
							"uv": {
								"north": {"uv": [9, 10], "uv_size": [0.5, 0.5]},
								"south": {"uv": [10, 9], "uv_size": [0.5, 0.5]},
								"up": {"uv": [7, 2], "uv_size": [0.5, 1.5]}
							}
						},
						{
							"origin": [-0.65468, 0.29576, -2.375],
							"size": [0.08839, 0.0625, 1.375],
							"pivot": [-0.69129, 0.32701, -2],
							"rotation": [0, 0, -45],
							"uv": {
								"north": {"uv": [10, 10], "uv_size": [0.5, 0.5]},
								"south": {"uv": [0, 11], "uv_size": [0.5, 0.5]},
								"up": {"uv": [3, 7], "uv_size": [0.5, 1.5]}
							}
						},
						{
							"origin": [-0.67994, 0.41778, -2.9375],
							"size": [0.07704, 0.16682, 0.5625],
							"pivot": [-0.63415, 0.44665, -2.65625],
							"rotation": [0, 0, 22.5],
							"uv": {
								"north": {"uv": [11, 0], "uv_size": [0.5, 0.5]},
								"east": {"uv": [1, 11], "uv_size": [0.5, 0.5]},
								"south": {"uv": [11, 1], "uv_size": [0.5, 0.5]},
								"west": {"uv": [2, 11], "uv_size": [0.5, 0.5]},
								"up": {"uv": [11, 2], "uv_size": [0.5, 0.5]}
							}
						},
						{
							"origin": [-0.6875, 0, -2.9375],
							"size": [1.375, 0.4375, 0.5625],
							"uv": {
								"east": {"uv": [3, 11], "uv_size": [0.5, 0.5]},
								"west": {"uv": [11, 3], "uv_size": [0.5, 0.5]},
								"down": {"uv": [4, 7.5], "uv_size": [1.5, -0.5]}
							}
						},
						{
							"origin": [0.6029, 0.41778, -2.9375],
							"size": [0.07704, 0.16682, 0.5625],
							"pivot": [0.63415, 0.44665, -2.65625],
							"rotation": [0, 0, -22.5],
							"uv": {
								"north": {"uv": [4, 11], "uv_size": [0.5, 0.5]},
								"east": {"uv": [11, 4], "uv_size": [0.5, 0.5]},
								"south": {"uv": [5, 11], "uv_size": [0.5, 0.5]},
								"west": {"uv": [11, 5], "uv_size": [0.5, 0.5]},
								"up": {"uv": [6, 11], "uv_size": [0.5, 0.5]}
							}
						},
						{
							"origin": [-0.625, 0, -3],
							"size": [1.25, 0.4375, 0.0625],
							"uv": {
								"north": {"uv": [7, 4], "uv_size": [1.5, 0.5]},
								"down": {"uv": [6, 7.5], "uv_size": [1.5, -0.5]}
							}
						},
						{
							"origin": [0.59631, 0, -3.00776],
							"size": [0.08838, 0.4375, 0.07703],
							"pivot": [0.60129, 0.15625, -2.96924],
							"rotation": [0, -45, 0],
							"uv": {
								"north": {"uv": [11, 6], "uv_size": [0.5, 0.5]},
								"up": {"uv": [7, 11], "uv_size": [0.5, 0.5]},
								"down": {"uv": [11, 7.5], "uv_size": [0.5, -0.5]}
							}
						},
						{
							"origin": [-0.68469, 0, -3.00776],
							"size": [0.08838, 0.4375, 0.07703],
							"pivot": [-0.60129, 0.15625, -2.96924],
							"rotation": [0, 45, 0],
							"uv": {
								"north": {"uv": [8, 11], "uv_size": [0.5, 0.5]},
								"up": {"uv": [11, 8], "uv_size": [0.5, 0.5]},
								"down": {"uv": [9, 11.5], "uv_size": [0.5, -0.5]}
							}
						},
						{
							"origin": [-0.6875, 0.26975, -2.40837],
							"size": [1.375, 0.0625, 0.1875],
							"pivot": [0, 0.301, -2.12712],
							"rotation": [-22.5, 0, 0],
							"uv": {
								"east": {"uv": [12, 5], "uv_size": [0.5, 0.5]},
								"west": {"uv": [6, 12], "uv_size": [0.5, 0.5]},
								"up": {"uv": [8, 3], "uv_size": [1.5, 0.5]}
							}
						}
					]
				},
				{
					"name": "octagon2",
					"parent": "body",
					"pivot": [0, 7.3, -0.25]
				},
				{
					"name": "base",
					"parent": "scope_body",
					"pivot": [7, -0.45, -8.25]
				},
				{
					"name": "group",
					"parent": "scope_body",
					"pivot": [-8.25, -1.075, -8.125]
				},
				{
					"name": "knobs",
					"parent": "scope_body",
					"pivot": [0, 7.3, -0.25]
				},
				{
					"name": "octagon3",
					"parent": "knobs",
					"pivot": [0, 7.3, -0.25]
				},
				{
					"name": "octagon",
					"parent": "knobs",
					"pivot": [0, 7.3, -0.25]
				},
				{
					"name": "screws",
					"parent": "scope_body",
					"pivot": [0, 7.25581, 1],
					"cubes": [
						{
							"origin": [-0.75, 0.25, -0.5625],
							"size": [1.5, 0.1875, 0.1875],
							"pivot": [0, 0.375, -0.5],
							"rotation": [-45, 0, 0],
							"uv": {
								"north": {"uv": [7, 6], "uv_size": [1.5, 0.5]},
								"east": {"uv": [11, 9], "uv_size": [0.5, 0.5]},
								"south": {"uv": [0, 8], "uv_size": [1.5, 0.5]},
								"west": {"uv": [10, 11], "uv_size": [0.5, 0.5]},
								"up": {"uv": [8, 0], "uv_size": [1.5, 0.5]},
								"down": {"uv": [8, 2.5], "uv_size": [1.5, -0.5]}
							}
						},
						{
							"origin": [-0.15625, 0.73081, -0.84375],
							"size": [0.25, 0.25, 0.25],
							"pivot": [0, 0.66831, -0.75],
							"rotation": [0, 45, 0],
							"uv": {
								"north": {"uv": [11, 10], "uv_size": [0.5, 0.5]},
								"east": {"uv": [11, 11], "uv_size": [0.5, 0.5]},
								"south": {"uv": [0, 12], "uv_size": [0.5, 0.5]},
								"west": {"uv": [12, 0], "uv_size": [0.5, 0.5]},
								"up": {"uv": [1, 12], "uv_size": [0.5, 0.5]},
								"down": {"uv": [12, 1.5], "uv_size": [0.5, -0.5]}
							}
						}
					]
				},
				{
					"name": "division",
					"pivot": [0.05, 0.55, -55.25]
				},
				{
					"name": "division_illuminated",
					"parent": "division",
					"pivot": [0.05, 0.65, -55.25],
					"cubes": [
						{
							"origin": [-0.15, 1.17, -55.7],
							"size": [0.3, 0.3, 0.3],
							"uv": {
								"south": {"uv": [2, 12], "uv_size": [0.5, 0.5]}
							}
						},
						{
							"origin": [-0.15, -0.13, -55.7],
							"size": [0.3, 1, 0.3],
							"uv": {
								"south": {"uv": [0, 5], "uv_size": [0.5, 2.5]}
							}
						},
						{
							"origin": [-2.45, 1.17, -55.7],
							"size": [2, 0.3, 0.3],
							"uv": {
								"south": {"uv": [4, 1], "uv_size": [2.5, 0.5]}
							}
						},
						{
							"origin": [0.45, 1.17, -55.7],
							"size": [2, 0.3, 0.3],
							"uv": {
								"south": {"uv": [2, 4], "uv_size": [2.5, 0.5]}
							}
						}
					]
				},
				{
					"name": "ocular",
					"pivot": [0, 0.6, -0.975],
					"cubes": [
						{
							"origin": [-0.62638, 0.74927, -2.669],
							"size": [1.24963, 1.02491, 0.02463],
							"uv": {
								"south": {"uv": [3, 5], "uv_size": [1, 1]}
							}
						},
						{
							"origin": [0.62362, 1.07427, -2.669],
							"size": [0.19963, 0.37491, 0.02463],
							"uv": {
								"south": {"uv": [12, 2], "uv_size": [0.5, 0.5]}
							}
						},
						{
							"origin": [1.04862, 0.89927, -2.669],
							"size": [0.24963, 0.37491, 0.02463],
							"pivot": [0, 0.35, -1.925],
							"rotation": [0, 0, -30],
							"uv": {
								"south": {"uv": [3, 12], "uv_size": [0.5, 0.5]}
							}
						},
						{
							"origin": [-1.30138, 0.89927, -2.669],
							"size": [0.24963, 0.37491, 0.02463],
							"pivot": [0, 0.35, -1.925],
							"rotation": [0, 0, 30],
							"uv": {
								"south": {"uv": [12, 3], "uv_size": [0.5, 0.5]}
							}
						},
						{
							"origin": [0.14862, 0.97427, -2.669],
							"size": [0.24963, 0.42491, 0.02463],
							"pivot": [0, 0.35, -1.925],
							"rotation": [0, 0, 30],
							"uv": {
								"south": {"uv": [4, 12], "uv_size": [0.5, 0.5]}
							}
						},
						{
							"origin": [-0.40138, 0.99927, -2.669],
							"size": [0.24963, 0.39991, 0.02463],
							"pivot": [0, 0.35, -1.925],
							"rotation": [0, 0, -30],
							"uv": {
								"south": {"uv": [12, 4], "uv_size": [0.5, 0.5]}
							}
						},
						{
							"origin": [-0.82638, 1.07427, -2.669],
							"size": [0.19963, 0.37491, 0.02463],
							"uv": {
								"south": {"uv": [5, 12], "uv_size": [0.5, 0.5]}
							}
						}
					]
				},
				{
					"name": "scope_view",
					"pivot": [0, 1.3, 6.75]
				}
			]
		}
	]
}