{
	"format_version": "1.12.0",
	"minecraft:geometry": [
		{
			"description": {
				"identifier": "geometry.unknown",
				"texture_width": 32,
				"texture_height": 32,
				"visible_bounds_width": 5,
				"visible_bounds_height": 1.5,
				"visible_bounds_offset": [0, 0.25, 0]
			},
			"bones": [
				{
					"name": "division",
					"pivot": [0, 1.5916, -19.325]
				},
				{
					"name": "d_illuminated",
					"parent": "division",
					"pivot": [0, 1.59163, -19.36251],
					"cubes": [
						{
							"origin": [-0.07596, 1.44778, -19.39813],
							"size": [0.15192, 0.2877, 0.07128],
							"uv": {
								"south": {"uv": [7, 17], "uv_size": [0.5, 0.5]}
							}
						},
						{
							"origin": [-0.07596, 1.44778, -19.39813],
							"size": [0.15192, 0.2877, 0.07125],
							"pivot": [0, 1.59163, -19.3625],
							"rotation": [0, 0, 90],
							"uv": {
								"south": {"uv": [17, 7], "uv_size": [0.5, 0.5]}
							}
						},
						{
							"origin": [-0.048, 1.4362, -19.39813],
							"size": [0.096, 0.31086, 0.07125],
							"pivot": [0, 1.59163, -19.3625],
							"rotation": [0, 0, 45],
							"uv": {
								"south": {"uv": [8, 17], "uv_size": [0.5, 0.5]}
							}
						},
						{
							"origin": [-0.048, 1.4362, -19.39813],
							"size": [0.096, 0.31086, 0.07125],
							"pivot": [0, 1.59163, -19.3625],
							"rotation": [0, 0, 135],
							"uv": {
								"south": {"uv": [17, 8], "uv_size": [0.5, 0.5]}
							}
						}
					]
				},
				{
					"name": "scope_body",
					"pivot": [0, 0, -2]
				},
				{
					"name": "bone2",
					"parent": "scope_body",
					"pivot": [0.31281, 0.75638, -0.1],
					"cubes": [
						{
							"origin": [-0.775, 0, -1.425],
							"size": [1.55, 0.4, 2.65],
							"uv": {
								"north": {"uv": [8, 6], "uv_size": [1.5, 0.5]},
								"east": {"uv": [2, 3], "uv_size": [2.5, 0.5]},
								"south": {"uv": [7, 8], "uv_size": [1.5, 0.5]},
								"west": {"uv": [4, 0], "uv_size": [2.5, 0.5]},
								"down": {"uv": [0, 2.5], "uv_size": [1.5, -2.5]}
							}
						},
						{
							"origin": [-0.825, -0.25, -1.375],
							"size": [1.65, 0.575, 0.6],
							"uv": {
								"north": {"uv": [8, 7], "uv_size": [1.5, 0.5]},
								"east": {"uv": [3, 13], "uv_size": [0.5, 0.5]},
								"south": {"uv": [9, 0], "uv_size": [1.5, 0.5]},
								"west": {"uv": [13, 3], "uv_size": [0.5, 0.5]},
								"up": {"uv": [9, 1], "uv_size": [1.5, 0.5]},
								"down": {"uv": [2, 9.5], "uv_size": [1.5, -0.5]}
							}
						},
						{
							"origin": [-0.825, -0.25, 0.525],
							"size": [1.65, 0.575, 0.6],
							"uv": {
								"north": {"uv": [9, 2], "uv_size": [1.5, 0.5]},
								"east": {"uv": [4, 13], "uv_size": [0.5, 0.5]},
								"south": {"uv": [9, 3], "uv_size": [1.5, 0.5]},
								"west": {"uv": [13, 4], "uv_size": [0.5, 0.5]},
								"up": {"uv": [9, 4], "uv_size": [1.5, 0.5]},
								"down": {"uv": [5, 9.5], "uv_size": [1.5, -0.5]}
							}
						},
						{
							"origin": [-0.7, 0, 1.225],
							"size": [1.4, 0.375, 0.3],
							"uv": {
								"east": {"uv": [5, 13], "uv_size": [0.5, 0.5]},
								"west": {"uv": [13, 5], "uv_size": [0.5, 0.5]},
								"down": {"uv": [9, 5.5], "uv_size": [1.5, -0.5]}
							}
						},
						{
							"origin": [-0.75, 0.025, 1.225],
							"size": [1.5, 0.3, 0.3],
							"uv": {
								"east": {"uv": [6, 13], "uv_size": [0.5, 0.5]},
								"south": {"uv": [7, 9], "uv_size": [1.5, 0.5]},
								"west": {"uv": [13, 6], "uv_size": [0.5, 0.5]},
								"up": {"uv": [9, 8], "uv_size": [1.5, 0.5]},
								"down": {"uv": [9, 9.5], "uv_size": [1.5, -0.5]}
							}
						},
						{
							"origin": [-0.45607, 0.375, 1.225],
							"size": [0.91214, 0.12698, 0.3],
							"uv": {
								"south": {"uv": [7, 4], "uv_size": [1, 0.5]},
								"up": {"uv": [0, 11], "uv_size": [1, 0.5]}
							}
						},
						{
							"origin": [0.40744, 0.30324, 1.225],
							"size": [0.275, 0.125, 0.3],
							"pivot": [0.58244, 0.36574, 1.375],
							"rotation": [0, 0, 27.5],
							"uv": {
								"north": {"uv": [7, 13], "uv_size": [0.5, 0.5]},
								"south": {"uv": [13, 7], "uv_size": [0.5, 0.5]},
								"up": {"uv": [8, 13], "uv_size": [0.5, 0.5]}
							}
						},
						{
							"origin": [-0.68244, 0.30324, 1.225],
							"size": [0.275, 0.125, 0.3],
							"pivot": [-0.58244, 0.36574, 1.375],
							"rotation": [0, 0, -27.5],
							"uv": {
								"north": {"uv": [13, 8], "uv_size": [0.5, 0.5]},
								"south": {"uv": [9, 13], "uv_size": [0.5, 0.5]},
								"up": {"uv": [13, 9], "uv_size": [0.5, 0.5]}
							}
						},
						{
							"origin": [-0.47019, 0, 1.525],
							"size": [0.94038, 0.375, 0.22981],
							"uv": {
								"south": {"uv": [11, 0], "uv_size": [1, 0.5]},
								"up": {"uv": [1, 11], "uv_size": [1, 0.5]},
								"down": {"uv": [11, 1.5], "uv_size": [1, -0.5]}
							}
						},
						{
							"origin": [0.4409, 0, 1.41768],
							"size": [0.2, 0.375, 0.325],
							"pivot": [0.5409, 0.1875, 1.54268],
							"rotation": [0, -45, 0],
							"uv": {
								"west": {"uv": [10, 13], "uv_size": [0.5, 0.5]},
								"up": {"uv": [13, 10], "uv_size": [0.5, 0.5]},
								"down": {"uv": [11, 13.5], "uv_size": [0.5, -0.5]}
							}
						},
						{
							"origin": [-0.6409, 0, 1.41768],
							"size": [0.2, 0.375, 0.325],
							"pivot": [-0.5409, 0.1875, 1.54268],
							"rotation": [0, 45, 0],
							"uv": {
								"east": {"uv": [13, 11], "uv_size": [0.5, 0.5]},
								"up": {"uv": [12, 13], "uv_size": [0.5, 0.5]},
								"down": {"uv": [13, 12.5], "uv_size": [0.5, -0.5]}
							}
						},
						{
							"origin": [-0.625, -0.375, -1.425],
							"size": [1.25, 0.375, 2.65],
							"uv": {
								"north": {"uv": [0, 10], "uv_size": [1.5, 0.5]},
								"east": {"uv": [4, 1], "uv_size": [2.5, 0.5]},
								"south": {"uv": [2, 10], "uv_size": [1.5, 0.5]},
								"west": {"uv": [2, 4], "uv_size": [2.5, 0.5]},
								"down": {"uv": [2, 2.5], "uv_size": [1.5, -2.5]}
							}
						},
						{
							"origin": [-0.775, -0.325, -1.425],
							"size": [1.55, 0.325, 0.725],
							"uv": {
								"north": {"uv": [4, 10], "uv_size": [1.5, 0.5]},
								"east": {"uv": [13, 13], "uv_size": [0.5, 0.5]},
								"south": {"uv": [6, 10], "uv_size": [1.5, 0.5]},
								"west": {"uv": [0, 14], "uv_size": [0.5, 0.5]},
								"down": {"uv": [10, 6.5], "uv_size": [1.5, -0.5]}
							}
						},
						{
							"origin": [0.69723, -0.40492, -1.425],
							"size": [0.05, 0.125, 2.65],
							"pivot": [0.72223, -0.24242, -1.0625],
							"rotation": [0, 0, 45],
							"uv": {
								"north": {"uv": [14, 1], "uv_size": [0.5, 0.5]},
								"south": {"uv": [2, 14], "uv_size": [0.5, 0.5]},
								"west": {"uv": [1, 5], "uv_size": [2.5, 0.5]},
								"up": {"uv": [18, 1], "uv_size": [0.5, 2.5]}
							}
						},
						{
							"origin": [-0.74723, -0.40492, -1.425],
							"size": [0.05, 0.125, 2.65],
							"pivot": [-0.72223, -0.24242, -1.0625],
							"rotation": [0, 0, -45],
							"uv": {
								"north": {"uv": [18, 0], "uv_size": [0.5, 0.5]},
								"east": {"uv": [17, 17], "uv_size": [2.5, 0.5]},
								"south": {"uv": [1, 18], "uv_size": [0.5, 0.5]},
								"up": {"uv": [0, 18], "uv_size": [0.5, 2.5]}
							}
						},
						{
							"origin": [-0.775, -0.325, 0.5],
							"size": [1.55, 0.325, 0.725],
							"uv": {
								"north": {"uv": [10, 7], "uv_size": [1.5, 0.5]},
								"east": {"uv": [14, 2], "uv_size": [0.5, 0.5]},
								"south": {"uv": [8, 10], "uv_size": [1.5, 0.5]},
								"west": {"uv": [3, 14], "uv_size": [0.5, 0.5]},
								"down": {"uv": [10, 10.5], "uv_size": [1.5, -0.5]}
							}
						},
						{
							"origin": [-0.58921, 0.4, -1.425],
							"size": [1.17842, 0.20275, 2.65],
							"uv": {
								"north": {"uv": [2, 11], "uv_size": [1, 0.5]},
								"south": {"uv": [11, 2], "uv_size": [1, 0.5]},
								"up": {"uv": [0, 3], "uv_size": [1, 2.5]}
							}
						},
						{
							"origin": [-0.46421, 0.60275, -1.225],
							"size": [0.92842, 0.18186, 2.11476],
							"uv": {
								"north": {"uv": [3, 11], "uv_size": [1, 0.5]},
								"east": {"uv": [0, 6], "uv_size": [2, 0.5]},
								"south": {"uv": [11, 3], "uv_size": [1, 0.5]},
								"west": {"uv": [2, 6], "uv_size": [2, 0.5]}
							}
						},
						{
							"origin": [-0.46421, 2.27775, -0.175],
							"size": [0.92842, 0.07775, 1.025],
							"uv": {
								"north": {"uv": [4, 11], "uv_size": [1, 0.5]},
								"south": {"uv": [11, 4], "uv_size": [1, 0.5]},
								"up": {"uv": [6, 3], "uv_size": [1, 1]},
								"down": {"uv": [6, 5], "uv_size": [1, -1]}
							}
						},
						{
							"origin": [-0.46421, 0.78461, -1.225],
							"size": [0.92842, 0.12089, 1.925],
							"uv": {
								"north": {"uv": [5, 11], "uv_size": [1, 0.5]},
								"east": {"uv": [5, 6], "uv_size": [2, 0.5]},
								"west": {"uv": [6, 5], "uv_size": [2, 0.5]},
								"up": {"uv": [1, 3], "uv_size": [1, 2]}
							}
						},
						{
							"origin": [-0.46421, 0.67339, 0.66149],
							"size": [0.92842, 0.17775, 0.225],
							"pivot": [0, 0.81227, 0.77399],
							"rotation": [-32.5, 0, 0],
							"uv": {
								"east": {"uv": [14, 3], "uv_size": [0.5, 0.5]},
								"west": {"uv": [4, 14], "uv_size": [0.5, 0.5]},
								"up": {"uv": [11, 5], "uv_size": [1, 0.5]}
							}
						},
						{
							"origin": [-0.46421, 0.5025, 0.85126],
							"size": [0.92842, 0.17775, 0.2],
							"pivot": [0, 0.64138, 0.96376],
							"rotation": [-32.5, 0, 0],
							"uv": {
								"east": {"uv": [14, 4], "uv_size": [0.5, 0.5]},
								"west": {"uv": [5, 14], "uv_size": [0.5, 0.5]},
								"up": {"uv": [6, 11], "uv_size": [1, 0.5]}
							}
						},
						{
							"origin": [-0.46421, 0.4461, 0.9822],
							"size": [0.92842, 0.17775, 0.225],
							"pivot": [0, 0.58498, 1.0697],
							"rotation": [-15, 0, 0],
							"uv": {
								"east": {"uv": [14, 5], "uv_size": [0.5, 0.5]},
								"west": {"uv": [6, 14], "uv_size": [0.5, 0.5]},
								"up": {"uv": [7, 11], "uv_size": [1, 0.5]}
							}
						},
						{
							"origin": [-0.56421, 0.4525, -1.2885],
							"size": [0.12842, 0.40275, 0.25],
							"pivot": [0, 0.69138, -1.151],
							"rotation": [-32.5, 0, 0],
							"uv": {
								"north": {"uv": [14, 6], "uv_size": [0.5, 0.5]},
								"east": {"uv": [7, 14], "uv_size": [0.5, 0.5]},
								"west": {"uv": [14, 7], "uv_size": [0.5, 0.5]}
							}
						},
						{
							"origin": [0.43579, 0.4525, -1.2885],
							"size": [0.12842, 0.40275, 0.25],
							"pivot": [0, 0.69138, -1.151],
							"rotation": [-32.5, 0, 0],
							"uv": {
								"north": {"uv": [8, 14], "uv_size": [0.5, 0.5]},
								"east": {"uv": [14, 8], "uv_size": [0.5, 0.5]},
								"west": {"uv": [9, 14], "uv_size": [0.5, 0.5]}
							}
						},
						{
							"origin": [-0.56421, 0.50072, -1.17892],
							"size": [1.12842, 0.40275, 0.275],
							"uv": {
								"east": {"uv": [14, 9], "uv_size": [0.5, 0.5]},
								"south": {"uv": [8, 11], "uv_size": [1, 0.5]},
								"west": {"uv": [10, 14], "uv_size": [0.5, 0.5]}
							}
						},
						{
							"origin": [-0.56421, 0.82572, -1.02892],
							"size": [1.12842, 0.05275, 0.2],
							"pivot": [0, 0.83959, -0.89142],
							"rotation": [45, 0, 0],
							"uv": {
								"east": {"uv": [14, 10], "uv_size": [0.5, 0.5]},
								"west": {"uv": [11, 14], "uv_size": [0.5, 0.5]},
								"down": {"uv": [11, 8.5], "uv_size": [1, -0.5]}
							}
						},
						{
							"origin": [-0.56421, 0.50072, -1.02892],
							"size": [1.12842, 0.12775, 0.15],
							"pivot": [0, 0.56459, -0.89142],
							"rotation": [-45, 0, 0],
							"uv": {
								"east": {"uv": [14, 11], "uv_size": [0.5, 0.5]},
								"west": {"uv": [12, 14], "uv_size": [0.5, 0.5]},
								"up": {"uv": [9, 11], "uv_size": [1, 0.5]}
							}
						},
						{
							"origin": [-0.46421, 2.27775, -0.35887],
							"size": [0.92842, 0.07776, 1.05887],
							"inflate": 0.0001,
							"pivot": [0, 1.59163, 0.3375],
							"rotation": [0, 0, -90],
							"uv": {
								"south": {"uv": [11, 9], "uv_size": [1, 0.5]},
								"up": {"uv": [0, 7], "uv_size": [1, 1]},
								"down": {"uv": [7, 1], "uv_size": [1, -1]}
							}
						},
						{
							"origin": [-0.45912, 2.27267, -1.225],
							"size": [0.0655, 0.07774, 0.86613],
							"pivot": [0, 1.58654, -0.44637],
							"rotation": [0, 0, -90],
							"uv": {
								"north": {"uv": [14, 12], "uv_size": [0.5, 0.5]},
								"west": {"uv": [0, 12], "uv_size": [1, 0.5]},
								"up": {"uv": [12, 0], "uv_size": [0.5, 1]},
								"down": {"uv": [1, 13], "uv_size": [0.5, -1]}
							}
						},
						{
							"origin": [-1.0353, 1.44375, -0.88809],
							"size": [0.0956, 0.07775, 0.42922],
							"pivot": [-0.725, 1.48263, -0.36098],
							"rotation": [0, 0, -90],
							"uv": {
								"up": {"uv": [13, 14], "uv_size": [0.5, 0.5]},
								"down": {"uv": [14, 13.5], "uv_size": [0.5, -0.5]}
							}
						},
						{
							"origin": [-0.8728, 1.28125, -0.78809],
							"size": [0.2706, 0.07775, 0.22922],
							"pivot": [-0.725, 1.32013, -0.67348],
							"rotation": [0, -35, -90],
							"uv": {
								"up": {"uv": [14, 14], "uv_size": [0.5, 0.5]},
								"down": {"uv": [0, 15.5], "uv_size": [0.5, -0.5]}
							}
						},
						{
							"origin": [-1.3853, 1.74375, -0.43809],
							"size": [0.6956, 0.07775, 0.45422],
							"pivot": [-0.725, 1.78263, -0.16098],
							"rotation": [0, -35, -90],
							"uv": {
								"up": {"uv": [15, 0], "uv_size": [0.5, 0.5]},
								"down": {"uv": [1, 15.5], "uv_size": [0.5, -0.5]}
							}
						},
						{
							"origin": [-1.31421, 1.55784, -0.65],
							"size": [1.05342, 0.07775, 0.075],
							"pivot": [-0.725, 1.59671, -0.5125],
							"rotation": [0, -35, -90],
							"uv": {
								"north": {"uv": [12, 1], "uv_size": [1, 0.5]},
								"up": {"uv": [2, 12], "uv_size": [1, 0.5]},
								"down": {"uv": [12, 2.5], "uv_size": [1, -0.5]}
							}
						},
						{
							"origin": [-0.46421, 2.27775, -0.35887],
							"size": [0.92842, 0.07774, 1.05887],
							"inflate": 0.0001,
							"pivot": [0, 1.59163, 0.3375],
							"rotation": [0, 0, 90],
							"uv": {
								"south": {"uv": [3, 12], "uv_size": [1, 0.5]},
								"up": {"uv": [1, 7], "uv_size": [1, 1]},
								"down": {"uv": [7, 2], "uv_size": [1, -1]}
							}
						},
						{
							"origin": [1.03579, 1.55276, 0.7],
							"size": [0.15342, 0.07775, 0.15],
							"pivot": [0.72499, 1.59163, 0.7875],
							"rotation": [0, 0, 90],
							"uv": {
								"south": {"uv": [15, 1], "uv_size": [0.5, 0.5]},
								"up": {"uv": [2, 15], "uv_size": [0.5, 0.5]},
								"down": {"uv": [15, 2.5], "uv_size": [0.5, -0.5]}
							}
						},
						{
							"origin": [-1.18921, 1.55276, 0.7],
							"size": [0.15342, 0.07775, 0.15],
							"pivot": [-0.725, 1.59163, 0.7875],
							"rotation": [0, 0, -90],
							"uv": {
								"south": {"uv": [3, 15], "uv_size": [0.5, 0.5]},
								"up": {"uv": [15, 3], "uv_size": [0.5, 0.5]},
								"down": {"uv": [4, 15.5], "uv_size": [0.5, -0.5]}
							}
						},
						{
							"origin": [1.03578, 2.32775, 0.7],
							"size": [0.15343, 0.07775, 0.15],
							"pivot": [0.72499, 2.36662, 0.7875],
							"rotation": [0, 0, 90],
							"uv": {
								"south": {"uv": [15, 4], "uv_size": [0.5, 0.5]},
								"up": {"uv": [5, 15], "uv_size": [0.5, 0.5]},
								"down": {"uv": [15, 5.5], "uv_size": [0.5, -0.5]}
							}
						},
						{
							"origin": [-1.18921, 2.32775, 0.7],
							"size": [0.15342, 0.07775, 0.15],
							"pivot": [-0.725, 2.36662, 0.7875],
							"rotation": [0, 0, -90],
							"uv": {
								"south": {"uv": [6, 15], "uv_size": [0.5, 0.5]},
								"up": {"uv": [15, 6], "uv_size": [0.5, 0.5]},
								"down": {"uv": [7, 15.5], "uv_size": [0.5, -0.5]}
							}
						},
						{
							"origin": [-0.07671, 1.96107, 0.56788],
							"size": [0.15342, 0.07775, 0.25],
							"pivot": [0, 1.27495, 0.74288],
							"rotation": [0, -42.5, -90],
							"uv": {
								"west": {"uv": [15, 7], "uv_size": [0.5, 0.5]},
								"up": {"uv": [8, 15], "uv_size": [0.5, 0.5]},
								"down": {"uv": [15, 8.5], "uv_size": [0.5, -0.5]}
							}
						},
						{
							"origin": [-0.07671, 1.96107, 0.56788],
							"size": [0.15342, 0.07775, 0.25],
							"pivot": [0, 1.27495, 0.74288],
							"rotation": [0, 42.5, 90],
							"uv": {
								"east": {"uv": [9, 15], "uv_size": [0.5, 0.5]},
								"up": {"uv": [15, 9], "uv_size": [0.5, 0.5]},
								"down": {"uv": [10, 15.5], "uv_size": [0.5, -0.5]}
							}
						},
						{
							"origin": [-0.07671, 2.61513, 0.64607],
							"size": [0.25342, 0.07775, 0.175],
							"pivot": [0, 1.92901, 0.74607],
							"rotation": [0, 60, 90],
							"uv": {
								"south": {"uv": [15, 10], "uv_size": [0.5, 0.5]},
								"up": {"uv": [11, 15], "uv_size": [0.5, 0.5]},
								"down": {"uv": [15, 11.5], "uv_size": [0.5, -0.5]}
							}
						},
						{
							"origin": [-0.17671, 2.61513, 0.64607],
							"size": [0.25342, 0.07775, 0.175],
							"pivot": [0, 1.92901, 0.74607],
							"rotation": [0, -60, -90],
							"uv": {
								"south": {"uv": [12, 15], "uv_size": [0.5, 0.5]},
								"up": {"uv": [15, 12], "uv_size": [0.5, 0.5]},
								"down": {"uv": [13, 15.5], "uv_size": [0.5, -0.5]}
							}
						},
						{
							"origin": [0.6897, 1.74375, -0.43809],
							"size": [0.6956, 0.07775, 0.45422],
							"pivot": [0.725, 1.78263, -0.16098],
							"rotation": [0, 35, 90],
							"uv": {
								"up": {"uv": [15, 13], "uv_size": [0.5, 0.5]},
								"down": {"uv": [14, 15.5], "uv_size": [0.5, -0.5]}
							}
						},
						{
							"origin": [0.26079, 1.55784, -0.65],
							"size": [1.05342, 0.07775, 0.075],
							"pivot": [0.725, 1.59671, -0.5125],
							"rotation": [0, 35, 90],
							"uv": {
								"north": {"uv": [12, 4], "uv_size": [1, 0.5]},
								"up": {"uv": [5, 12], "uv_size": [1, 0.5]},
								"down": {"uv": [12, 5.5], "uv_size": [1, -0.5]}
							}
						},
						{
							"origin": [0.6022, 1.28125, -0.78809],
							"size": [0.2706, 0.07775, 0.22922],
							"pivot": [0.725, 1.32013, -0.67348],
							"rotation": [0, 35, 90],
							"uv": {
								"up": {"uv": [15, 14], "uv_size": [0.5, 0.5]},
								"down": {"uv": [15, 15.5], "uv_size": [0.5, -0.5]}
							}
						},
						{
							"origin": [0.9397, 1.44375, -0.88809],
							"size": [0.0956, 0.07775, 0.42922],
							"pivot": [0.725, 1.48263, -0.36098],
							"rotation": [0, 0, 90],
							"uv": {
								"up": {"uv": [0, 16], "uv_size": [0.5, 0.5]},
								"down": {"uv": [16, 0.5], "uv_size": [0.5, -0.5]}
							}
						},
						{
							"origin": [0.38853, 2.27267, -1.225],
							"size": [0.07568, 0.07776, 0.86613],
							"pivot": [0, 1.58654, -0.44637],
							"rotation": [0, 0, 90],
							"uv": {
								"north": {"uv": [1, 16], "uv_size": [0.5, 0.5]},
								"east": {"uv": [6, 12], "uv_size": [1, 0.5]},
								"up": {"uv": [12, 6], "uv_size": [0.5, 1]},
								"down": {"uv": [7, 13], "uv_size": [0.5, -1]}
							}
						},
						{
							"origin": [-1.01453, 2.43096, -0.35887],
							"size": [0.12843, 0.07775, 1.20887],
							"pivot": [-0.55031, 2.46984, 0.2625],
							"rotation": [0, 0, -67.5],
							"uv": {
								"north": {"uv": [16, 1], "uv_size": [0.5, 0.5]},
								"south": {"uv": [2, 16], "uv_size": [0.5, 0.5]},
								"up": {"uv": [12, 7], "uv_size": [0.5, 1]},
								"down": {"uv": [8, 13], "uv_size": [0.5, -1]}
							}
						},
						{
							"origin": [-0.57287, 2.25614, -0.175],
							"size": [0.12842, 0.07775, 1.025],
							"pivot": [-0.50866, 2.29501, 0.2625],
							"rotation": [0, 0, -22.5],
							"uv": {
								"north": {"uv": [16, 2], "uv_size": [0.5, 0.5]},
								"south": {"uv": [3, 16], "uv_size": [0.5, 0.5]},
								"up": {"uv": [12, 8], "uv_size": [0.5, 1]},
								"down": {"uv": [9, 13], "uv_size": [0.5, -1]}
							}
						},
						{
							"origin": [-0.70605, 2.15353, -0.175],
							"size": [0.18649, 0.07775, 1.025],
							"pivot": [-0.64183, 2.19241, 0.2625],
							"rotation": [0, 0, -45],
							"uv": {
								"north": {"uv": [16, 3], "uv_size": [0.5, 0.5]},
								"south": {"uv": [4, 16], "uv_size": [0.5, 0.5]},
								"up": {"uv": [12, 9], "uv_size": [0.5, 1]},
								"down": {"uv": [10, 13], "uv_size": [0.5, -1]}
							}
						},
						{
							"origin": [-0.70605, 2.15353, -0.35887],
							"size": [0.06149, 0.07775, 0.18387],
							"pivot": [-0.64183, 2.19241, 0.07863],
							"rotation": [0, 0, -45],
							"uv": {
								"north": {"uv": [16, 4], "uv_size": [0.5, 0.5]},
								"up": {"uv": [5, 16], "uv_size": [0.5, 0.5]},
								"down": {"uv": [16, 5.5], "uv_size": [0.5, -0.5]}
							}
						},
						{
							"origin": [-0.66149, 2.16461, -0.35401],
							"size": [0.06456, 0.07776, 0.22231],
							"pivot": [-0.63074, 2.20349, -0.27363],
							"rotation": [0, 35, -45],
							"uv": {
								"west": {"uv": [6, 16], "uv_size": [0.5, 0.5]},
								"up": {"uv": [16, 6], "uv_size": [0.5, 0.5]},
								"down": {"uv": [7, 16.5], "uv_size": [0.5, -0.5]}
							}
						},
						{
							"origin": [-0.67388, 2.12722, -0.24198],
							"size": [0.03956, 0.07775, 0.14731],
							"pivot": [-0.66813, 2.1661, -0.2366],
							"rotation": [0, 35, -45],
							"uv": {
								"up": {"uv": [16, 7], "uv_size": [0.5, 0.5]},
								"down": {"uv": [8, 16.5], "uv_size": [0.5, -0.5]}
							}
						},
						{
							"origin": [0.63432, 2.12722, -0.24198],
							"size": [0.03956, 0.07775, 0.14731],
							"pivot": [0.66813, 2.1661, -0.2366],
							"rotation": [0, -35, 45],
							"uv": {
								"up": {"uv": [16, 8], "uv_size": [0.5, 0.5]},
								"down": {"uv": [9, 16.5], "uv_size": [0.5, -0.5]}
							}
						},
						{
							"origin": [0.59693, 2.16461, -0.35401],
							"size": [0.06456, 0.07776, 0.22231],
							"pivot": [0.63074, 2.20349, -0.27363],
							"rotation": [0, -35, 45],
							"uv": {
								"east": {"uv": [16, 9], "uv_size": [0.5, 0.5]},
								"up": {"uv": [10, 16], "uv_size": [0.5, 0.5]},
								"down": {"uv": [16, 10.5], "uv_size": [0.5, -0.5]}
							}
						},
						{
							"origin": [0.64456, 2.15353, -0.35887],
							"size": [0.06149, 0.07775, 0.18387],
							"pivot": [0.64183, 2.19241, 0.07863],
							"rotation": [0, 0, 45],
							"uv": {
								"north": {"uv": [11, 16], "uv_size": [0.5, 0.5]},
								"up": {"uv": [16, 11], "uv_size": [0.5, 0.5]},
								"down": {"uv": [12, 16.5], "uv_size": [0.5, -0.5]}
							}
						},
						{
							"origin": [0.44445, 2.25614, -0.175],
							"size": [0.12842, 0.07775, 1.025],
							"pivot": [0.50866, 2.29501, 0.2625],
							"rotation": [0, 0, 22.5],
							"uv": {
								"north": {"uv": [16, 12], "uv_size": [0.5, 0.5]},
								"south": {"uv": [13, 16], "uv_size": [0.5, 0.5]},
								"up": {"uv": [12, 10], "uv_size": [0.5, 1]},
								"down": {"uv": [11, 13], "uv_size": [0.5, -1]}
							}
						},
						{
							"origin": [0.51956, 2.15353, -0.175],
							"size": [0.18649, 0.07775, 1.025],
							"pivot": [0.64183, 2.19241, 0.2625],
							"rotation": [0, 0, 45],
							"uv": {
								"north": {"uv": [16, 13], "uv_size": [0.5, 0.5]},
								"south": {"uv": [14, 16], "uv_size": [0.5, 0.5]},
								"up": {"uv": [12, 11], "uv_size": [0.5, 1]},
								"down": {"uv": [12, 13], "uv_size": [0.5, -1]}
							}
						},
						{
							"origin": [0.8861, 2.43096, -0.35887],
							"size": [0.12843, 0.07775, 1.20887],
							"pivot": [0.55031, 2.46984, 0.2625],
							"rotation": [0, 0, 67.5],
							"uv": {
								"north": {"uv": [16, 14], "uv_size": [0.5, 0.5]},
								"south": {"uv": [15, 16], "uv_size": [0.5, 0.5]},
								"up": {"uv": [0, 13], "uv_size": [0.5, 1]},
								"down": {"uv": [13, 1], "uv_size": [0.5, -1]}
							}
						},
						{
							"origin": [0.14445, 0.84937, -1.225],
							"size": [0.42842, 0.07775, 2.075],
							"pivot": [0.50866, 0.88824, 0.2625],
							"rotation": [0, 0, -22.5],
							"uv": {
								"north": {"uv": [16, 15], "uv_size": [0.5, 0.5]},
								"south": {"uv": [16, 16], "uv_size": [0.5, 0.5]},
								"up": {"uv": [2, 7], "uv_size": [0.5, 2]},
								"down": {"uv": [7, 4], "uv_size": [0.5, -2]}
							}
						},
						{
							"origin": [0.51956, 0.95197, -1.225],
							"size": [0.18649, 0.07775, 2.075],
							"pivot": [0.64183, 0.99085, 0.2625],
							"rotation": [0, 0, -45],
							"uv": {
								"north": {"uv": [0, 17], "uv_size": [0.5, 0.5]},
								"south": {"uv": [17, 0], "uv_size": [0.5, 0.5]},
								"up": {"uv": [3, 7], "uv_size": [0.5, 2]},
								"down": {"uv": [5, 9], "uv_size": [0.5, -2]}
							}
						},
						{
							"origin": [0.8861, 0.67454, -1.225],
							"size": [0.12843, 0.07775, 2.075],
							"pivot": [0.55031, 0.71341, 0.2625],
							"rotation": [0, 0, -67.5],
							"uv": {
								"north": {"uv": [1, 17], "uv_size": [0.5, 0.5]},
								"south": {"uv": [17, 1], "uv_size": [0.5, 0.5]},
								"up": {"uv": [6, 7], "uv_size": [0.5, 2]},
								"down": {"uv": [7, 8], "uv_size": [0.5, -2]}
							}
						},
						{
							"origin": [-0.57287, 0.84937, -1.225],
							"size": [0.42842, 0.07775, 2.075],
							"pivot": [-0.50866, 0.88824, 0.2625],
							"rotation": [0, 0, 22.5],
							"uv": {
								"north": {"uv": [2, 17], "uv_size": [0.5, 0.5]},
								"south": {"uv": [17, 2], "uv_size": [0.5, 0.5]},
								"up": {"uv": [0, 8], "uv_size": [0.5, 2]},
								"down": {"uv": [8, 2], "uv_size": [0.5, -2]}
							}
						},
						{
							"origin": [-0.70605, 0.95197, -1.225],
							"size": [0.18649, 0.07775, 2.075],
							"pivot": [-0.64183, 0.99085, 0.2625],
							"rotation": [0, 0, 45],
							"uv": {
								"north": {"uv": [3, 17], "uv_size": [0.5, 0.5]},
								"south": {"uv": [17, 3], "uv_size": [0.5, 0.5]},
								"up": {"uv": [1, 8], "uv_size": [0.5, 2]},
								"down": {"uv": [8, 4], "uv_size": [0.5, -2]}
							}
						},
						{
							"origin": [-1.01453, 0.67454, -1.225],
							"size": [0.12843, 0.07775, 2.075],
							"pivot": [-0.55031, 0.71341, 0.2625],
							"rotation": [0, 0, 67.5],
							"uv": {
								"north": {"uv": [4, 17], "uv_size": [0.5, 0.5]},
								"south": {"uv": [17, 4], "uv_size": [0.5, 0.5]},
								"up": {"uv": [4, 8], "uv_size": [0.5, 2]},
								"down": {"uv": [8, 6], "uv_size": [0.5, -2]}
							}
						},
						{
							"origin": [-0.88781, 0.65638, -1.425],
							"size": [0.275, 0.2, 2.65],
							"pivot": [-0.31281, 0.75638, -0.1],
							"rotation": [0, 0, -47.5],
							"uv": {
								"north": {"uv": [5, 17], "uv_size": [0.5, 0.5]},
								"south": {"uv": [17, 5], "uv_size": [0.5, 0.5]},
								"up": {"uv": [5, 3], "uv_size": [0.5, 2.5]}
							}
						},
						{
							"origin": [0.61281, 0.65638, -1.425],
							"size": [0.275, 0.2, 2.65],
							"pivot": [0.31281, 0.75638, -0.1],
							"rotation": [0, 0, 47.5],
							"uv": {
								"north": {"uv": [6, 17], "uv_size": [0.5, 0.5]},
								"south": {"uv": [17, 6], "uv_size": [0.5, 0.5]},
								"up": {"uv": [4, 5], "uv_size": [0.5, 2.5]}
							}
						}
					]
				},
				{
					"name": "bone_illuminated",
					"parent": "scope_body",
					"pivot": [0, 1.59163, 0.6375],
					"cubes": [
						{
							"origin": [-0.441, 2.24344, 0.62562],
							"size": [0.882, 0.07387, 0.02375],
							"uv": {
								"south": {"uv": [1, 13], "uv_size": [1, 0.5]}
							}
						},
						{
							"origin": [0.12973, 2.35697, 0.62562],
							"size": [0.122, 0.07386, 0.02375],
							"pivot": [0, 1.59163, 0.6375],
							"rotation": [0, 0, 22.5],
							"uv": {
								"south": {"uv": [9, 17], "uv_size": [0.5, 0.5]}
							}
						},
						{
							"origin": [-0.08858, 2.38942, 0.62562],
							"size": [0.17716, 0.07386, 0.02375],
							"pivot": [0, 1.59163, 0.6375],
							"rotation": [0, 0, 45],
							"uv": {
								"south": {"uv": [17, 9], "uv_size": [0.5, 0.5]}
							}
						},
						{
							"origin": [-0.25172, 2.35696, 0.62563],
							"size": [0.122, 0.07387, 0.02374],
							"pivot": [0, 1.59163, 0.6375],
							"rotation": [0, 0, 67.5],
							"uv": {
								"south": {"uv": [10, 17], "uv_size": [0.5, 0.5]}
							}
						},
						{
							"origin": [-0.01599, 2.14458, 0.62563],
							"size": [0.03199, 0.09886, 0.02375],
							"uv": {
								"south": {"uv": [17, 10], "uv_size": [0.5, 0.5]}
							}
						},
						{
							"origin": [-0.25173, 2.35697, 0.62562],
							"size": [0.122, 0.07387, 0.02375],
							"pivot": [0, 1.59163, 0.6375],
							"rotation": [0, 0, -22.5],
							"uv": {
								"south": {"uv": [11, 17], "uv_size": [0.5, 0.5]}
							}
						},
						{
							"origin": [-0.08858, 2.38942, 0.62562],
							"size": [0.17716, 0.07386, 0.02375],
							"pivot": [0, 1.59163, 0.6375],
							"rotation": [0, 0, -45],
							"uv": {
								"south": {"uv": [17, 11], "uv_size": [0.5, 0.5]}
							}
						},
						{
							"origin": [0.12972, 2.35697, 0.62563],
							"size": [0.12201, 0.07386, 0.02374],
							"pivot": [0, 1.59163, 0.6375],
							"rotation": [0, 0, -67.5],
							"uv": {
								"south": {"uv": [12, 17], "uv_size": [0.5, 0.5]}
							}
						},
						{
							"origin": [-0.441, 2.24344, 0.62562],
							"size": [0.882, 0.07386, 0.02375],
							"pivot": [0, 1.59163, 0.6375],
							"rotation": [0, 0, -90],
							"uv": {
								"south": {"uv": [13, 1], "uv_size": [1, 0.5]}
							}
						},
						{
							"origin": [0.05787, 2.21844, 0.62562],
							"size": [0.03199, 0.09887, 0.02375],
							"pivot": [0.07386, 1.59163, 0.6375],
							"rotation": [0, 0, -90],
							"uv": {
								"south": {"uv": [17, 12], "uv_size": [0.5, 0.5]}
							}
						},
						{
							"origin": [0.12973, 0.75243, 0.62562],
							"size": [0.122, 0.07386, 0.02375],
							"pivot": [0, 1.59163, 0.6375],
							"rotation": [0, 0, 67.5],
							"uv": {
								"south": {"uv": [13, 17], "uv_size": [0.5, 0.5]}
							}
						},
						{
							"origin": [-0.08858, 0.71997, 0.62562],
							"size": [0.17716, 0.07386, 0.02375],
							"pivot": [0, 1.59163, 0.6375],
							"rotation": [0, 0, 45],
							"uv": {
								"south": {"uv": [17, 13], "uv_size": [0.5, 0.5]}
							}
						},
						{
							"origin": [-0.25173, 0.75242, 0.62562],
							"size": [0.122, 0.07387, 0.02375],
							"pivot": [0, 1.59163, 0.6375],
							"rotation": [0, 0, 22.5],
							"uv": {
								"south": {"uv": [14, 17], "uv_size": [0.5, 0.5]}
							}
						},
						{
							"origin": [-0.441, 0.86595, 0.62562],
							"size": [0.882, 0.07387, 0.02375],
							"uv": {
								"south": {"uv": [2, 13], "uv_size": [1, 0.5]}
							}
						},
						{
							"origin": [-0.016, 0.93982, 0.62563],
							"size": [0.03199, 0.09886, 0.02375],
							"uv": {
								"south": {"uv": [17, 14], "uv_size": [0.5, 0.5]}
							}
						},
						{
							"origin": [0.12973, 0.75242, 0.62562],
							"size": [0.122, 0.07387, 0.02375],
							"pivot": [0, 1.59163, 0.6375],
							"rotation": [0, 0, -22.5],
							"uv": {
								"south": {"uv": [15, 17], "uv_size": [0.5, 0.5]}
							}
						},
						{
							"origin": [-0.08858, 0.71997, 0.62562],
							"size": [0.17717, 0.07386, 0.02375],
							"pivot": [0, 1.59163, 0.6375],
							"rotation": [0, 0, -45],
							"uv": {
								"south": {"uv": [17, 15], "uv_size": [0.5, 0.5]}
							}
						},
						{
							"origin": [-0.25173, 0.75243, 0.62562],
							"size": [0.12201, 0.07386, 0.02375],
							"pivot": [0, 1.59163, 0.6375],
							"rotation": [0, 0, -67.5],
							"uv": {
								"south": {"uv": [16, 17], "uv_size": [0.5, 0.5]}
							}
						},
						{
							"origin": [-0.44099, 2.24344, 0.62562],
							"size": [0.88199, 0.07387, 0.02375],
							"pivot": [0, 1.59163, 0.6375],
							"rotation": [0, 0, 90],
							"uv": {
								"south": {"uv": [13, 2], "uv_size": [1, 0.5]}
							}
						},
						{
							"origin": [-0.08986, 2.21844, 0.62562],
							"size": [0.032, 0.09887, 0.02375],
							"pivot": [-0.07386, 1.59163, 0.6375],
							"rotation": [0, 0, 90],
							"uv": {
								"south": {"uv": [17, 16], "uv_size": [0.5, 0.5]}
							}
						}
					]
				},
				{
					"name": "scope_view",
					"pivot": [0, 1.5916, 8]
				},
				{
					"name": "ocular",
					"pivot": [0, 1.59163, 0.5375],
					"cubes": [
						{
							"origin": [-0.441, 0.86595, 0.52562],
							"size": [0.882, 1.45136, 0.02375],
							"uv": {
								"south": {"uv": [2, 18], "uv_size": [1, 1.5]}
							}
						},
						{
							"origin": [0.12973, 2.25697, 0.52562],
							"size": [0.122, 0.17386, 0.02375],
							"pivot": [0, 1.59163, 0.5375],
							"rotation": [0, 0, 22.5],
							"uv": {
								"south": {"uv": [5, 2], "uv_size": [0.5, 0.5]}
							}
						},
						{
							"origin": [-0.08858, 0.71997, 0.52562],
							"size": [0.17716, 1.74331, 0.02375],
							"pivot": [0, 1.59163, 0.5375],
							"rotation": [0, 0, 45],
							"uv": {
								"south": {"uv": [4, 18], "uv_size": [0.5, 1.5]}
							}
						},
						{
							"origin": [-0.25172, 2.25696, 0.52563],
							"size": [0.122, 0.17387, 0.02374],
							"pivot": [0, 1.59163, 0.5375],
							"rotation": [0, 0, 67.5],
							"uv": {
								"south": {"uv": [6, 2], "uv_size": [0.5, 0.5]}
							}
						},
						{
							"origin": [-0.25173, 2.25697, 0.52562],
							"size": [0.122, 0.17387, 0.02375],
							"pivot": [0, 1.59163, 0.5375],
							"rotation": [0, 0, -22.5],
							"uv": {
								"south": {"uv": [10, 11], "uv_size": [0.5, 0.5]}
							}
						},
						{
							"origin": [-0.08858, 0.71997, 0.52562],
							"size": [0.17717, 1.74331, 0.02375],
							"pivot": [0, 1.59163, 0.5375],
							"rotation": [0, 0, -45],
							"uv": {
								"south": {"uv": [18, 4], "uv_size": [0.5, 1.5]}
							}
						},
						{
							"origin": [0.12972, 2.25697, 0.52563],
							"size": [0.12201, 0.17386, 0.02374],
							"pivot": [0, 1.59163, 0.5375],
							"rotation": [0, 0, -67.5],
							"uv": {
								"south": {"uv": [4, 2], "uv_size": [0.5, 0.5]}
							}
						},
						{
							"origin": [0.12973, 0.75243, 0.52562],
							"size": [0.122, 0.17386, 0.02375],
							"pivot": [0, 1.59163, 0.5375],
							"rotation": [0, 0, 67.5],
							"uv": {
								"south": {"uv": [11, 11], "uv_size": [0.5, 0.5]}
							}
						},
						{
							"origin": [-0.25173, 0.75242, 0.52562],
							"size": [0.122, 0.17387, 0.02375],
							"pivot": [0, 1.59163, 0.5375],
							"rotation": [0, 0, 22.5],
							"uv": {
								"south": {"uv": [12, 3], "uv_size": [0.5, 0.5]}
							}
						},
						{
							"origin": [0.12973, 0.75242, 0.52562],
							"size": [0.122, 0.17387, 0.02375],
							"pivot": [0, 1.59163, 0.5375],
							"rotation": [0, 0, -22.5],
							"uv": {
								"south": {"uv": [4, 12], "uv_size": [0.5, 0.5]}
							}
						},
						{
							"origin": [-0.25173, 0.75243, 0.52562],
							"size": [0.12201, 0.27386, 0.02375],
							"pivot": [0, 1.59163, 0.5375],
							"rotation": [0, 0, -67.5],
							"uv": {
								"south": {"uv": [14, 0], "uv_size": [0.5, 0.5]}
							}
						},
						{
							"origin": [-0.441, 0.86596, 0.52562],
							"size": [0.882, 1.45135, 0.02375],
							"pivot": [0, 1.59163, 0.5375],
							"rotation": [0, 0, 90],
							"uv": {
								"south": {"uv": [3, 18], "uv_size": [1, 1.5]}
							}
						}
					]
				}
			]
		}
	]
}