{"type":"create:compacting","ingredients":[{"tag":"forge:ingots/iron"},{"tag":"forge:ingots/iron"},{"tag":"forge:ingots/iron"},{"tag":"forge:ingots/iron"},{"tag":"forge:ingots/iron"},{"tag":"forge:ingots/iron"},{"tag":"forge:ingots/iron"},{"tag":"forge:ingots/iron"},{"tag":"forge:ingots/iron"},{"tag":"forge:ingots/iron"},{"tag":"forge:ingots/iron"},{"tag":"forge:ingots/iron"},{"tag":"forge:ingots/iron"},{"tag":"forge:ingots/iron"},{"tag":"forge:ingots/iron"},{"tag":"forge:ingots/iron"},{"tag":"forge:plates/copper"},{"tag":"forge:plates/copper"},{"tag":"forge:plates/copper"},{"tag":"forge:plates/copper"},{"tag":"forge:plates/copper"},{"tag":"forge:plates/copper"},{"tag":"forge:plates/copper"},{"tag":"forge:plates/copper"},{"tag":"forge:plates/copper"},{"tag":"forge:plates/copper"},{"tag":"forge:plates/copper"},{"tag":"forge:plates/copper"},{"tag":"forge:plates/copper"},{"tag":"forge:plates/copper"},{"tag":"forge:plates/copper"},{"tag":"forge:plates/copper"},{"tag":"forge:plates/copper"},{"tag":"forge:plates/copper"},{"tag":"forge:plates/copper"},{"tag":"forge:plates/copper"},{"tag":"forge:rods/blaze"},{"tag":"forge:gunpowder"},{"tag":"forge:gunpowder"},{"tag":"forge:gunpowder"},{"tag":"forge:gunpowder"},{"tag":"forge:gunpowder"},{"tag":"forge:gunpowder"},{"tag":"forge:gunpowder"},{"tag":"forge:gunpowder"},{"tag":"forge:gunpowder"},{"tag":"forge:gunpowder"},{"tag":"forge:ingots/netherite"}],"results":[{"item":"tacz:ammo","count":2,"nbt":{"AmmoId":"zeta:heavy_ammo"}}]}