{
	"format_version": "1.12.0",
	"minecraft:geometry": [
		{
			"description": {
				"identifier": "geometry.bayonet_6kh2",
				"texture_width": 32,
				"texture_height": 32,
				"visible_bounds_width": 3,
				"visible_bounds_height": 2.5,
				"visible_bounds_offset": [0, 0.75, 0]
			},
			"bones": [
				{
					"name": "6Kh2",
					"pivot": [0.25, 5, -19],
					"cubes": [
						{
							"origin": [-0.325, -1.56391, 3.51109],
							"size": [0.65, 0.77782, 0.77782],
							"pivot": [-0.125, -1.175, 3.9],
							"rotation": [45, 0, 0],
							"uv": {
								"east": {"uv": [5, 9], "uv_size": [0.75, 0.75]},
								"south": {"uv": [9, 5], "uv_size": [0.75, 0.75]},
								"west": {"uv": [6, 9], "uv_size": [0.75, 0.75]},
								"down": {"uv": [7, 9.75], "uv_size": [0.75, -0.75]}
							}
						},
						{
							"origin": [-0.325, -1.725, 0.75],
							"size": [0.65, 1.1, 3.15],
							"uv": {
								"north": {"uv": [1, 8], "uv_size": [0.75, 1]},
								"east": {"uv": [0, 0], "uv_size": [3.25, 1]},
								"west": {"uv": [0, 1], "uv_size": [3.25, 1]},
								"up": {"uv": [0, 4], "uv_size": [0.75, 3.25]},
								"down": {"uv": [1, 7.25], "uv_size": [0.75, -3.25]}
							}
						},
						{
							"origin": [-0.3, -1.7, 3.925],
							"size": [0.6, 1.05, 0.4],
							"uv": {
								"east": {"uv": [8, 9], "uv_size": [0.5, 1]},
								"west": {"uv": [9, 8], "uv_size": [0.5, 1]},
								"up": {"uv": [5, 11], "uv_size": [0.5, 0.5]},
								"down": {"uv": [11, 5.5], "uv_size": [0.5, -0.5]}
							}
						},
						{
							"origin": [-0.3, -1.05252, 4.52691],
							"size": [0.6, 0.5, 0.3843],
							"pivot": [-0.125, -1.07752, 4.52372],
							"rotation": [22.5, 0, 0],
							"uv": {
								"east": {"uv": [6, 11], "uv_size": [0.5, 0.5]},
								"west": {"uv": [11, 6], "uv_size": [0.5, 0.5]},
								"up": {"uv": [7, 11], "uv_size": [0.5, 0.5]}
							}
						},
						{
							"origin": [-0.3, -1.66821, 4.10982],
							"size": [0.6, 1.02405, 0.425],
							"pivot": [-0.125, -1.14321, 4.29732],
							"rotation": [22.5, 0, 0],
							"uv": {
								"east": {"uv": [9, 9], "uv_size": [0.5, 1]},
								"west": {"uv": [10, 0], "uv_size": [0.5, 1]},
								"up": {"uv": [11, 7], "uv_size": [0.5, 0.5]},
								"down": {"uv": [8, 11.5], "uv_size": [0.5, -0.5]}
							}
						},
						{
							"origin": [-0.3, -1.55855, 4.2915],
							"size": [0.6, 0.5, 0.425],
							"pivot": [-0.125, -1.03355, 4.479],
							"rotation": [45, 0, 0],
							"uv": {
								"east": {"uv": [11, 8], "uv_size": [0.5, 0.5]},
								"west": {"uv": [9, 11], "uv_size": [0.5, 0.5]},
								"down": {"uv": [11, 9.5], "uv_size": [0.5, -0.5]}
							}
						},
						{
							"origin": [-0.3, -1.3877, 4.41739],
							"size": [0.6, 0.375, 0.425],
							"pivot": [-0.125, -0.8627, 4.60489],
							"rotation": [67.5, 0, 0],
							"uv": {
								"east": {"uv": [10, 11], "uv_size": [0.5, 0.5]},
								"west": {"uv": [11, 11], "uv_size": [0.5, 0.5]},
								"down": {"uv": [12, 2.5], "uv_size": [0.5, -0.5]}
							}
						},
						{
							"origin": [-0.3, -1.18169, 4.46831],
							"size": [0.6, 0.5, 0.4],
							"pivot": [-0.125, -0.65669, 4.65581],
							"rotation": [90, 0, 0],
							"uv": {
								"east": {"uv": [3, 12], "uv_size": [0.5, 0.5]},
								"south": {"uv": [12, 3], "uv_size": [0.5, 0.5]},
								"west": {"uv": [4, 12], "uv_size": [0.5, 0.5]},
								"down": {"uv": [5, 12.5], "uv_size": [0.5, -0.5]}
							}
						},
						{
							"origin": [0.425, -0.2, 4.76331],
							"size": [0.1, 0.5, 0.435],
							"pivot": [0, 0, 4.98081],
							"rotation": [90, 0, 0],
							"uv": {
								"east": {"uv": [12, 5], "uv_size": [0.5, 0.5]},
								"west": {"uv": [6, 12], "uv_size": [0.5, 0.5]},
								"up": {"uv": [10, 13], "uv_size": [0.25, 0.5]},
								"down": {"uv": [13, 10.5], "uv_size": [0.25, -0.5]}
							}
						},
						{
							"origin": [0.425, -0.2, 4.76331],
							"size": [0.1, 0.5, 0.435],
							"pivot": [0, 0, 4.98081],
							"rotation": [90, 0, 45],
							"uv": {
								"east": {"uv": [12, 6], "uv_size": [0.5, 0.5]},
								"west": {"uv": [7, 12], "uv_size": [0.5, 0.5]},
								"up": {"uv": [11, 13], "uv_size": [0.25, 0.5]},
								"down": {"uv": [13, 11.5], "uv_size": [0.25, -0.5]}
							}
						},
						{
							"origin": [0.425, -0.2, 4.76331],
							"size": [0.1, 0.5, 0.435],
							"pivot": [0, 0, 4.98081],
							"rotation": [90, 0, -45],
							"uv": {
								"east": {"uv": [12, 7], "uv_size": [0.5, 0.5]},
								"south": {"uv": [12, 13], "uv_size": [0.25, 0.5]},
								"west": {"uv": [8, 12], "uv_size": [0.5, 0.5]},
								"up": {"uv": [13, 12], "uv_size": [0.25, 0.5]},
								"down": {"uv": [13, 13.5], "uv_size": [0.25, -0.5]}
							}
						},
						{
							"origin": [-0.525, -0.2, 4.76331],
							"size": [0.1, 0.5, 0.435],
							"pivot": [0, 0, 4.98081],
							"rotation": [90, 0, 0],
							"uv": {
								"east": {"uv": [12, 8], "uv_size": [0.5, 0.5]},
								"west": {"uv": [9, 12], "uv_size": [0.5, 0.5]},
								"up": {"uv": [0, 14], "uv_size": [0.25, 0.5]},
								"down": {"uv": [14, 0.5], "uv_size": [0.25, -0.5]}
							}
						},
						{
							"origin": [-0.525, -0.2, 4.76331],
							"size": [0.1, 0.5, 0.435],
							"pivot": [0, 0, 4.98081],
							"rotation": [90, 0, -45],
							"uv": {
								"east": {"uv": [12, 9], "uv_size": [0.5, 0.5]},
								"west": {"uv": [10, 12], "uv_size": [0.5, 0.5]},
								"up": {"uv": [1, 14], "uv_size": [0.25, 0.5]},
								"down": {"uv": [14, 1.5], "uv_size": [0.25, -0.5]}
							}
						},
						{
							"origin": [-0.525, -0.2, 4.76331],
							"size": [0.1, 0.5, 0.435],
							"pivot": [0, 0, 4.98081],
							"rotation": [90, 0, 45],
							"uv": {
								"east": {"uv": [12, 10], "uv_size": [0.5, 0.5]},
								"south": {"uv": [2, 14], "uv_size": [0.25, 0.5]},
								"west": {"uv": [11, 12], "uv_size": [0.5, 0.5]},
								"up": {"uv": [14, 2], "uv_size": [0.25, 0.5]},
								"down": {"uv": [3, 14.5], "uv_size": [0.25, -0.5]}
							}
						},
						{
							"origin": [-0.3, -1.525, -0.1],
							"size": [0.6, 0.9, 0.85],
							"uv": {
								"north": {"uv": [1, 10], "uv_size": [0.5, 1]},
								"east": {"uv": [1, 9], "uv_size": [0.75, 1]},
								"west": {"uv": [9, 4], "uv_size": [0.75, 1]},
								"up": {"uv": [10, 1], "uv_size": [0.5, 0.75]}
							}
						},
						{
							"origin": [-0.3, -1.825, -0.1],
							"size": [0.6, 0.3, 0.4],
							"uv": {
								"north": {"uv": [14, 3], "uv_size": [0.5, 0.25]},
								"east": {"uv": [4, 14], "uv_size": [0.5, 0.25]},
								"west": {"uv": [14, 4], "uv_size": [0.5, 0.25]},
								"down": {"uv": [12, 11.5], "uv_size": [0.5, -0.5]}
							}
						},
						{
							"origin": [-0.3125, -1.875, 0.3],
							"size": [0.625, 0.35, 0.45],
							"uv": {
								"north": {"uv": [8, 13], "uv_size": [0.75, 0.25]},
								"east": {"uv": [5, 14], "uv_size": [0.5, 0.25]},
								"south": {"uv": [13, 8], "uv_size": [0.75, 0.25]},
								"west": {"uv": [14, 5], "uv_size": [0.5, 0.25]},
								"up": {"uv": [2, 10], "uv_size": [0.75, 0.5]},
								"down": {"uv": [10, 4.5], "uv_size": [0.75, -0.5]}
							}
						},
						{
							"origin": [-0.375, -1.38263, 1.19844],
							"size": [0.75, 0.45, 0.45],
							"pivot": [-0.525, -1.15763, 1.42344],
							"rotation": [45, 0, 0],
							"uv": {
								"north": {"uv": [5, 10], "uv_size": [0.75, 0.5]},
								"east": {"uv": [12, 12], "uv_size": [0.5, 0.5]},
								"south": {"uv": [10, 5], "uv_size": [0.75, 0.5]},
								"west": {"uv": [13, 0], "uv_size": [0.5, 0.5]},
								"up": {"uv": [6, 10], "uv_size": [0.75, 0.5]},
								"down": {"uv": [7, 10.5], "uv_size": [0.75, -0.5]}
							}
						},
						{
							"origin": [-0.375, -1.38263, 2.94844],
							"size": [0.75, 0.45, 0.45],
							"pivot": [-0.525, -1.15763, 3.17344],
							"rotation": [45, 0, 0],
							"uv": {
								"north": {"uv": [8, 10], "uv_size": [0.75, 0.5]},
								"east": {"uv": [1, 13], "uv_size": [0.5, 0.5]},
								"south": {"uv": [10, 8], "uv_size": [0.75, 0.5]},
								"west": {"uv": [13, 1], "uv_size": [0.5, 0.5]},
								"up": {"uv": [9, 10], "uv_size": [0.75, 0.5]},
								"down": {"uv": [10, 9.5], "uv_size": [0.75, -0.5]}
							}
						},
						{
							"origin": [-0.18122, 0.3375, -0.1],
							"size": [0.36244, 0.1, 0.35],
							"uv": {
								"north": {"uv": [9, 14], "uv_size": [0.25, 0.25]},
								"south": {"uv": [14, 9], "uv_size": [0.25, 0.25]},
								"up": {"uv": [10, 14], "uv_size": [0.25, 0.25]},
								"down": {"uv": [14, 10.25], "uv_size": [0.25, -0.25]}
							}
						},
						{
							"origin": [0.3375, -0.18122, -0.1],
							"size": [0.1, 0.36244, 0.35],
							"pivot": [0, 0, 0.075],
							"rotation": [0, 0, 45],
							"uv": {
								"north": {"uv": [11, 14], "uv_size": [0.25, 0.25]},
								"east": {"uv": [14, 11], "uv_size": [0.25, 0.25]},
								"south": {"uv": [12, 14], "uv_size": [0.25, 0.25]},
								"west": {"uv": [14, 12], "uv_size": [0.25, 0.25]}
							}
						},
						{
							"origin": [0.3375, -0.18122, -0.1],
							"size": [0.1, 0.36244, 0.35],
							"uv": {
								"north": {"uv": [13, 14], "uv_size": [0.25, 0.25]},
								"east": {"uv": [14, 13], "uv_size": [0.25, 0.25]},
								"south": {"uv": [14, 14], "uv_size": [0.25, 0.25]},
								"west": {"uv": [0, 15], "uv_size": [0.25, 0.25]}
							}
						},
						{
							"origin": [-0.18122, 0.3375, -0.1],
							"size": [0.36244, 0.1, 0.35],
							"pivot": [0, 0, 0.075],
							"rotation": [0, 0, 45],
							"uv": {
								"north": {"uv": [15, 0], "uv_size": [0.25, 0.25]},
								"south": {"uv": [1, 15], "uv_size": [0.25, 0.25]},
								"up": {"uv": [15, 1], "uv_size": [0.25, 0.25]},
								"down": {"uv": [2, 15.25], "uv_size": [0.25, -0.25]}
							}
						},
						{
							"origin": [0.3375, -0.18122, -0.1],
							"size": [0.1, 0.36244, 0.35],
							"pivot": [0, 0, 0.075],
							"rotation": [0, 0, -135],
							"uv": {
								"north": {"uv": [15, 2], "uv_size": [0.25, 0.25]},
								"east": {"uv": [3, 15], "uv_size": [0.25, 0.25]},
								"south": {"uv": [15, 3], "uv_size": [0.25, 0.25]},
								"west": {"uv": [4, 15], "uv_size": [0.25, 0.25]}
							}
						},
						{
							"origin": [0.3375, -0.18122, -0.1],
							"size": [0.1, 0.36244, 0.35],
							"pivot": [0, 0, 0.075],
							"rotation": [0, 0, -180],
							"uv": {
								"north": {"uv": [15, 4], "uv_size": [0.25, 0.25]},
								"east": {"uv": [5, 15], "uv_size": [0.25, 0.25]},
								"south": {"uv": [15, 5], "uv_size": [0.25, 0.25]},
								"west": {"uv": [6, 15], "uv_size": [0.25, 0.25]}
							}
						},
						{
							"origin": [-0.18122, 0.3375, -0.1],
							"size": [0.36244, 0.1, 0.35],
							"pivot": [0, 0, 0.075],
							"rotation": [0, 0, -135],
							"uv": {
								"north": {"uv": [15, 6], "uv_size": [0.25, 0.25]},
								"south": {"uv": [7, 15], "uv_size": [0.25, 0.25]},
								"up": {"uv": [15, 7], "uv_size": [0.25, 0.25]},
								"down": {"uv": [8, 15.25], "uv_size": [0.25, -0.25]}
							}
						},
						{
							"origin": [-0.18122, 0.3375, -0.1],
							"size": [0.36244, 0.2875, 0.35],
							"pivot": [0, 0, 0.075],
							"rotation": [0, 0, -180],
							"uv": {
								"north": {"uv": [15, 8], "uv_size": [0.25, 0.25]},
								"east": {"uv": [9, 15], "uv_size": [0.25, 0.25]},
								"south": {"uv": [15, 9], "uv_size": [0.25, 0.25]},
								"west": {"uv": [10, 15], "uv_size": [0.25, 0.25]},
								"down": {"uv": [15, 10.25], "uv_size": [0.25, -0.25]}
							}
						}
					]
				},
				{
					"name": "blade",
					"parent": "6Kh2",
					"pivot": [-0.3, -1.825, -0.1],
					"rotation": [-0.5, 0, 0],
					"cubes": [
						{
							"origin": [-0.05, -1.7, -0.45],
							"size": [0.1, 1, 0.35],
							"uv": {
								"north": {"uv": [2, 13], "uv_size": [0.25, 1]},
								"east": {"uv": [13, 2], "uv_size": [0.25, 1]},
								"west": {"uv": [3, 13], "uv_size": [0.25, 1]},
								"up": {"uv": [11, 15], "uv_size": [0.25, 0.25]},
								"down": {"uv": [15, 11.25], "uv_size": [0.25, -0.25]}
							}
						},
						{
							"origin": [-0.05, -7.84669, -6.97906],
							"size": [0.1, 0.08514, 0.08514],
							"pivot": [-0.3, -1.825, -0.1],
							"rotation": [-45, 0, 0],
							"uv": {
								"north": {"uv": [12, 15], "uv_size": [0.25, 0.25]},
								"east": {"uv": [15, 12], "uv_size": [0.25, 0.25]},
								"west": {"uv": [13, 15], "uv_size": [0.25, 0.25]},
								"down": {"uv": [15, 13.25], "uv_size": [0.25, -0.25]}
							}
						},
						{
							"origin": [-0.05, -0.73751, -1.34782],
							"size": [0.1, 0.0375, 0.9],
							"uv": {
								"east": {"uv": [13, 3], "uv_size": [1, 0.25]},
								"west": {"uv": [4, 13], "uv_size": [1, 0.25]},
								"up": {"uv": [13, 4], "uv_size": [0.25, 1]}
							}
						},
						{
							"origin": [-0.05, -0.34562, -0.92232],
							"size": [0.1, 0.0375, 0.1],
							"pivot": [-0.3, -1.825, -0.1],
							"rotation": [22.5, 0, 0],
							"uv": {
								"east": {"uv": [14, 15], "uv_size": [0.25, 0.25]},
								"west": {"uv": [15, 14], "uv_size": [0.25, 0.25]},
								"up": {"uv": [15, 15], "uv_size": [0.25, 0.25]}
							}
						},
						{
							"origin": [-0.05, -3.75925, -8.96999],
							"size": [0.1, 0.1, 0.5],
							"pivot": [-0.3, -1.825, -0.1],
							"rotation": [-15.75, 0, 0],
							"uv": {
								"east": {"uv": [6, 14], "uv_size": [0.5, 0.25]},
								"west": {"uv": [14, 6], "uv_size": [0.5, 0.25]},
								"down": {"uv": [7, 14.5], "uv_size": [0.25, -0.5]}
							}
						},
						{
							"origin": [-0.05, -2.76205, -8.63932],
							"size": [0.1, 0.1875, 1.15],
							"pivot": [-0.3, -1.825, -0.1],
							"rotation": [-9, 0, 0],
							"uv": {
								"east": {"uv": [10, 10], "uv_size": [1.25, 0.25]},
								"west": {"uv": [11, 0], "uv_size": [1.25, 0.25]},
								"down": {"uv": [1, 12.25], "uv_size": [0.25, -1.25]}
							}
						},
						{
							"origin": [-0.05, -2.3092, -7.53275],
							"size": [0.1, 0.3, 1.1],
							"pivot": [-0.3, -1.825, -0.1],
							"rotation": [-5.5, 0, 0],
							"uv": {
								"east": {"uv": [5, 13], "uv_size": [1, 0.25]},
								"west": {"uv": [13, 5], "uv_size": [1, 0.25]},
								"down": {"uv": [6, 14], "uv_size": [0.25, -1]}
							}
						},
						{
							"origin": [-0.05, -1.40099, -0.57615],
							"size": [0.1, 0.125, 0.325],
							"pivot": [-0.3, -1.825, -0.1],
							"rotation": [22.5, 0, 0],
							"uv": {
								"east": {"uv": [0, 16], "uv_size": [0.25, 0.25]},
								"west": {"uv": [16, 0], "uv_size": [0.25, 0.25]},
								"up": {"uv": [1, 16], "uv_size": [0.25, 0.25]}
							}
						},
						{
							"origin": [-0.05, -1.7, -6.45],
							"size": [0.1, 0.2, 6],
							"uv": {
								"east": {"uv": [4, 0], "uv_size": [6, 0.25]},
								"west": {"uv": [4, 1], "uv_size": [6, 0.25]},
								"down": {"uv": [2, 10], "uv_size": [0.25, -6]}
							}
						},
						{
							"origin": [-0.05, -1.63113, -6.45213],
							"size": [0.1, 0.125, 6],
							"pivot": [-0.3, -1.825, -0.1],
							"rotation": [-1, 0, 0],
							"uv": {
								"east": {"uv": [3, 4], "uv_size": [6, 0.25]},
								"west": {"uv": [3, 5], "uv_size": [6, 0.25]},
								"up": {"uv": [3, 6], "uv_size": [0.25, 6]}
							}
						},
						{
							"origin": [-0.05, 1.17622, -8.64087],
							"size": [0.1, 0.1, 0.5],
							"pivot": [-0.3, -1.825, -0.1],
							"rotation": [15.75, 0, 0],
							"uv": {
								"east": {"uv": [14, 7], "uv_size": [0.5, 0.25]},
								"west": {"uv": [8, 14], "uv_size": [0.5, 0.25]},
								"up": {"uv": [14, 8], "uv_size": [0.25, 0.5]}
							}
						},
						{
							"origin": [-0.05, -1.31875, -8.85181],
							"size": [0.1, 0.2, 0.75],
							"uv": {
								"east": {"uv": [9, 13], "uv_size": [0.75, 0.25]},
								"west": {"uv": [13, 9], "uv_size": [0.75, 0.25]}
							}
						},
						{
							"origin": [-0.05, 6.01414, -9.57768],
							"size": [0.1, 0.05, 0.15],
							"pivot": [-0.3, 5.40789, -1.57587],
							"rotation": [60, 0, 0],
							"uv": {
								"east": {"uv": [16, 1], "uv_size": [0.25, 0.25]},
								"west": {"uv": [2, 16], "uv_size": [0.25, 0.25]},
								"down": {"uv": [16, 2.25], "uv_size": [0.25, -0.25]}
							}
						},
						{
							"origin": [-0.05, 2.92007, -6.86892],
							"size": [0.1, 0.2, 0.2625],
							"pivot": [-0.3, 2.31382, 1.13288],
							"rotation": [30, 0, 0],
							"uv": {
								"east": {"uv": [3, 16], "uv_size": [0.25, 0.25]},
								"west": {"uv": [16, 3], "uv_size": [0.25, 0.25]},
								"down": {"uv": [4, 16.25], "uv_size": [0.25, -0.25]}
							}
						},
						{
							"origin": [-0.05, -8.50164, -9.57768],
							"size": [0.1, 0.05, 0.15],
							"pivot": [-0.3, -7.84539, -1.57587],
							"rotation": [-60, 0, 0],
							"uv": {
								"east": {"uv": [16, 4], "uv_size": [0.25, 0.25]},
								"west": {"uv": [5, 16], "uv_size": [0.25, 0.25]},
								"up": {"uv": [16, 5], "uv_size": [0.25, 0.25]}
							}
						},
						{
							"origin": [-0.05, -5.55757, -6.86892],
							"size": [0.1, 0.2, 0.2625],
							"pivot": [-0.3, -4.75132, 1.13288],
							"rotation": [-30, 0, 0],
							"uv": {
								"east": {"uv": [6, 16], "uv_size": [0.25, 0.25]},
								"west": {"uv": [16, 6], "uv_size": [0.25, 0.25]},
								"up": {"uv": [7, 16], "uv_size": [0.25, 0.25]}
							}
						},
						{
							"origin": [-0.05, -1.26875, -9.01431],
							"size": [0.1, 0.1, 0.1625],
							"uv": {
								"east": {"uv": [16, 7], "uv_size": [0.25, 0.25]},
								"west": {"uv": [8, 16], "uv_size": [0.25, 0.25]}
							}
						},
						{
							"origin": [-0.05, -1.41875, -8.10181],
							"size": [0.1, 0.4, 2],
							"uv": {
								"east": {"uv": [5, 8], "uv_size": [2, 0.5]},
								"west": {"uv": [7, 8], "uv_size": [2, 0.5]}
							}
						},
						{
							"origin": [-0.05, 0.12212, -8.44965],
							"size": [0.1, 0.1875, 1.15],
							"pivot": [-0.3, -1.825, -0.1],
							"rotation": [9, 0, 0],
							"uv": {
								"east": {"uv": [11, 1], "uv_size": [1.25, 0.25]},
								"west": {"uv": [11, 4], "uv_size": [1.25, 0.25]},
								"up": {"uv": [2, 11], "uv_size": [0.25, 1.25]}
							}
						},
						{
							"origin": [-0.05, -0.43389, -7.41653],
							"size": [0.1, 0.3, 1.1],
							"pivot": [-0.3, -1.825, -0.1],
							"rotation": [5.5, 0, 0],
							"uv": {
								"east": {"uv": [13, 6], "uv_size": [1, 0.25]},
								"west": {"uv": [7, 13], "uv_size": [1, 0.25]},
								"up": {"uv": [13, 7], "uv_size": [0.25, 1]}
							}
						},
						{
							"origin": [-0.05, -1.2538, -1.04015],
							"size": [0.1, 0.125, 0.325],
							"pivot": [-0.3, -1.825, -0.1],
							"rotation": [-22.5, 0, 0],
							"uv": {
								"east": {"uv": [16, 8], "uv_size": [0.25, 0.25]},
								"west": {"uv": [9, 16], "uv_size": [0.25, 0.25]},
								"down": {"uv": [16, 9.25], "uv_size": [0.25, -0.25]}
							}
						},
						{
							"origin": [-0.05, -0.9375, -6.45],
							"size": [0.1, 0.2, 6],
							"uv": {
								"east": {"uv": [6, 2], "uv_size": [6, 0.25]},
								"west": {"uv": [6, 3], "uv_size": [6, 0.25]},
								"up": {"uv": [4, 6], "uv_size": [0.25, 6]}
							}
						},
						{
							"origin": [-0.03, -1.525, -6.45],
							"size": [0.06, 0.6, 6],
							"uv": {
								"east": {"uv": [0, 2], "uv_size": [6, 0.5]},
								"west": {"uv": [0, 3], "uv_size": [6, 0.5]}
							}
						},
						{
							"origin": [-0.05, -0.93156, -6.43097],
							"size": [0.1, 0.125, 6],
							"pivot": [-0.3, -1.825, -0.1],
							"rotation": [1, 0, 0],
							"uv": {
								"east": {"uv": [5, 6], "uv_size": [6, 0.25]},
								"west": {"uv": [5, 7], "uv_size": [6, 0.25]},
								"down": {"uv": [0, 14], "uv_size": [0.25, -6]}
							}
						}
					]
				}
			]
		}
	]
}