{
  "materials": [
    {
      "item": {
        "tag": "forge:ingots/iron"
      },
      "count": 128
    },
    {
      "item": {
        "item": "minecraft:brown_dye"
      },
      "count": 5
    },
    {
      "item": {
        "item": "blue_archivescraft:cyanoaugite"
      },
      "count": 800
    },
    {
      "item": {
        "tag": "forge:ingots/netherite"
      },
      "count": 1
    },
    {
      "item": {
        "item": "minecraft:diamond"
      },
      "count": 28
    },
    {
      "item": {
        "type": "forge:partial_nbt",
        "item": "tacz:modern_kinetic_gun",
        "nbt": {
          "GunId": "tacz:m107"
        }
      },
      "count": 1
    }
  ],
  "result": {
    "type": "gun",
    "id": "bluearchive:otogi"
  },
  "type": "tacz:gun_smith_table_crafting"
}