{
  "materials": [
    {
      "item": {
        "tag": "forge:ingots/netherite"
      },
      "count": 8
    },
    {
      "item": {
        "item": "minecraft:dragon_breath"
      },
      "count": 8
    },
    {
      "item": {
        "tag": "minecraft:music_discs"
      },
      "count": 8
    },
    {
      "item": {
        "item": "minecraft:conduit"
      },
      "count": 2
    },
    {
      "item": {
        "tag": "forge:nether_stars"
      },
      "count": 1
    }
  ],
  "result": {
    "type": "attachment",
    "id": "arip:arip_vicissitude"
  },
  "type": "tacz:gun_smith_table_crafting"
}