{
  "materials": [
    {
      "item": {
        "tag": "forge:ingots/iron"
      },
      "count": 64
    },
    {
      "item": {
        "tag": "forge:ingots/gold"
      },
      "count": 16
    },
    {
      "item": {
        "tag": "forge:gems/diamond"
      },
      "count": 16
    },
    {
      "item": {
        "tag": "forge:dusts/redstone"
      },
      "count": 4
    }
  ],
  "result": {
    "type": "attachment",
    "id": "arip:shield_vantvm"
  },
  "type": "tacz:gun_smith_table_crafting"
}