{
  "materials": [
    {
      "item": {
        "tag": "forge:ingots/iron"
      },
      "count": 20
    },
    {
      "item": {
        "tag": "forge:gems/amethyst"
      },
      "count": 10
    },
    {
      "item": {
        "tag": "forge:dusts/glowstone"
      },
      "count": 6
    },
    {
      "item": {
        "tag": "forge:dusts/redstone"
      },
      "count": 6
    }
  ],
  "result": {
    "type": "attachment",
    "id": "arip:sight_vortex_razorhdg3_1t10x24"
  },
  "type": "tacz:gun_smith_table_crafting"
}