{
  "materials": [
    {
      "item": {
        "tag": "forge:ingots/iron"
      },
      "count": 38
    },
    {
      "item": {
        "tag": "forge:ingots/gold"
      },
      "count": 6
    },
    {
      "item": {
        "tag": "forge:dusts/redstone"
      },
      "count": 8
    },
    {
      "item": {
        "tag": "forge:gems/amethyst"
      },
      "count": 12
    }
  ],
  "result": {
    "type": "attachment",
    "id": "arip:sight_eotech_hhs5_ogl_ftc_nozoom"
  },
  "type": "tacz:gun_smith_table_crafting"
}