{
  "ammo": "zeta:ac7_ammo",
  "ammo_amount": 10,
  "extended_mag_ammo_amount": [
    15,
    20,
    30
  ],
  "bolt": "open_bolt",
  "rpm": 300,
  "bullet": {
    "life": 1.1,
    "bullet_amount": 1,
    "damage": 90,
    "tracer_count_interval": 0,
    "extra_damage": {
      "armor_ignore": 0.60,
      "head_shot_multiplier": 3.0,
      "damage_adjust": [
        {"distance": 75, "damage": 90},
        {"distance": 150, "damage": 75},
        {"distance": "infinite", "damage": 50}
      ]
    },
    "speed": 400,
    "gravity": 0.15,
    "knockback": 0,
    "friction": 0.03,
    "ignite": false,
    "pierce": 8,
    "explosion": {
      "explode": true,
      "damage": 50,
      "radius": 2,
      "knockback": true,
      "delay": 30
    }
  },
  "reload": {
    "type": "fuel",
    "feed": {
      "empty": 4.93,
      "tactical": 2.8
    },
    "cooldown": {
      "empty": 5.23,
      "tactical": 4.00
    }
  },
  "draw_time": 1.03,
  "put_away_time": 0.87,
  "aim_time": 0.27,
  "sprint_time": 0.2,
  "bolt_action_time": 1.43,
  "weight": 25.0,
  "movement_speed": {
    // 默认修正
    "base": 0.0,
    // 瞄准时
    "aim": -0.1,
    // 换弹时
    "reload": -1
  },
  "fire_mode": [
    "semi",
    "auto"
  ],
  "recoil": {
    "pitch": [
      {"time": 0, "value": [4.5, 4.5]},
      {"time": 0.32, "value": [4.5, 4.5]},
      {"time": 0.57, "value": [-0.5, -0.5]},
      {"time": 0.82, "value": [0.25, 0.25]},
      {"time": 1.17, "value": [0, 0]},
      {"time": 1.47, "value": [0, 0]}
    ],
    "yaw": [
      {"time": 0, "value": [-1.2, -0.9]},
      {"time": 0.32, "value": [-1.2, -0.9]},
      {"time": 0.57, "value": [0, 0]}
    ]
  },
  "inaccuracy": {
    "stand": 5,
    "move": 8,
    "sneak": 3,
    "lie": 1,
    "aim": 0.05
  },
  // 近战相关
  "melee": {
    // 枪械距离参数，用来延升近战攻击范围
    // 会与刺刀等配件的距离做加和
    "distance": 1,
    // 使用时的冷却时间
    "cooldown": 1.2,
    // 默认近战数据，会被配件的数据替换掉
    "default": {
      // 动画类型：没有枪托的为 melee_push，有枪托的为 melee_stock
      "animation_type": "melee_stock",
      // 刺刀距离参数，枪械里还有个刺刀攻击距离参数，两者做加和
      "distance": 1.25,
      // 刺刀范围角度
      "range_angle": 30,
      // 伤害值
      "damage": 7,
      // 击退效果
      "knockback": 0.85,
      // 前摇时长，单位：秒
      "prep": 0.1
    }
  },
  "allow_attachment_types": [
    "scope",
    "extended_mag"
  ]
}