{
  "ammo": "zeta:plas_1_ammo",
  "ammo_amount": 20,
  "extended_mag_ammo_amount": [
    25,
    35,
    45
  ],
  "rpm": 350,
  "bullet": {
    "life": 0.75,
    "bullet_amount": 1,
    "damage": 16,
    "tracer_count_interval": 0,
    "extra_damage": {
      "armor_ignore": 0.4,
      "head_shot_multiplier": 2.0,
      "damage_adjust": [
        {"distance": 24, "damage": 16},
        {"distance": 50, "damage": 12},
        {"distance": "infinite", "damage": 10}
      ]
    },
    "speed": 280,
    "gravity": 0,
    "knockback": 0,
    "friction": 0.025,
   "ignite": {
    
      // 点燃实体
      "entity": true,
      // 点燃方块
      "block": false
    },
    "ignite_entity_time": 2,
    "pierce": 1,

    "explosion": {
      "explode": true,
      "damage": 16,
      "radius": 1.5,
      "knockback": false,
      "delay": 30
    }

   
  },
 
  "bolt": "open_bolt",
  "reload": {
    "type": "fuel",
    "feed": {
      "empty": 2.04,
      "tactical": 2.03
    },
    "cooldown": {
      "empty": 3.01,
      "tactical": 3.00
    }
  },
  "draw_time": 0.75,
  "put_away_time": 0.46,
  "aim_time": 0.12,
  "sprint_time": 0.15,
  "weight": 2.0,
  "fire_mode": [
    "auto",
    "semi"
  ],



  "allow_attachment_types": [
    "scope",
    "extended_mag",
    "laser",
    "grip"
  ],
  "recoil": {
    "pitch": [
      {"time": 0, "value": [0.45, 0.45]},
      {"time": 0.3, "value": [0.45, 0.45]},
      {"time": 0.55, "value": [-0.125, -0.125]},
      {"time": 0.7, "value": [0, 0]}
    ],
    "yaw": [
      {"time": 0, "value": [-0.275, 0.275]},
      {"time": 0.3, "value": [-0.275, 0.275]},
      {"time": 0.55, "value": [0, 0]}
    ]
  },
 "inaccuracy": {
    "stand": 1.1,
    "move": 1.5,
    "sneak": 0.7,
    "lie": 0.5,
    "aim": 0.1
  },
  // 近战相关
  "melee": {
    // 枪械距离参数，用来延升近战攻击范围
    // 会与刺刀等配件的距离做加和
    "distance": 1,
    // 使用时的冷却时间
    // 会与刺刀等配件的冷却时间做加和
    "cooldown": 0.6,
    // 默认近战数据，会被配件的数据替换掉
    "default": {
      // 动画类型：没有枪托的为 melee_push，有枪托的为 melee_stock
      "animation_type": "melee_stock",
      // 刺刀距离参数，枪械里还有个刺刀攻击距离参数，两者做加和
      "distance": 2,
      // 刺刀范围角度
      "range_angle": 40,
      // 刺刀冷却时间，枪械里还有个刺刀冷却时间参数，两者做加和
      "cooldown": 0.2,
      // 伤害值
      "damage": 1,
      // 击退效果
      "knockback": 0.4,
      // 前摇时长，单位：秒
      "prep": 0.1
    }
  }
}