{
	"format_version": "1.12.0",
	"minecraft:geometry": [
		{
			"description": {
				"identifier": "geometry.unknown",
				"texture_width": 32,
				"texture_height": 32,
				"visible_bounds_width": 4,
				"visible_bounds_height": 4,
				"visible_bounds_offset": [0, 0, 0]
			},
			"bones": [
				{
					"name": "positioning",
					"pivot": [0, 0, 0]
				},
				{
					"name": "thirdperson_hand",
					"parent": "positioning",
					"pivot": [0, 3.275, 1.15]
				},
				{
					"name": "ground",
					"parent": "positioning",
					"pivot": [0, -0.9, -2.35]
				},
				{
					"name": "fixed",
					"parent": "positioning",
					"pivot": [0, 3.1, -1.775],
					"rotation": [0, -90, 0]
				},
				{
					"name": "base",
					"pivot": [0, 0, 0]
				},
				{
					"name": "gun2",
					"parent": "base",
					"pivot": [-3, 0, 0]
				},
				{
					"name": "gun_positioning2",
					"parent": "gun2",
					"pivot": [-3, 0, 0]
				},
				{
					"name": "muzzle_flash",
					"parent": "gun_positioning2",
					"pivot": [0.00625, 4.9125, -7.3]
				},
				{
					"name": "scope_pos",
					"parent": "gun_positioning2",
					"pivot": [0, 6.139, 0.75]
				},
				{
					"name": "main2",
					"parent": "gun2",
					"pivot": [-3, 0, 0],
					"cubes": [
						{
							"origin": [-0.499, -0.25, 1.75],
							"size": [0.998, 3.5, 2],
							"pivot": [0.5, 1, 2.75],
							"rotation": [22.5, 0, 0],
							"uv": {
								"north": {"uv": [6, 15], "uv_size": [1, 3.5]},
								"east": {"uv": [8, 10], "uv_size": [2, 3.5]},
								"south": {"uv": [7, 15], "uv_size": [1, 3.5]},
								"west": {"uv": [10, 9], "uv_size": [2, 3.5]},
								"up": {"uv": [16, 19], "uv_size": [1, 2]},
								"down": {"uv": [17, 21], "uv_size": [1, -2]}
							}
						},
						{
							"origin": [-0.5, -0.77217, 2.15223],
							"size": [1, 1, 2],
							"uv": {
								"north": {"uv": [13, 21], "uv_size": [1, 1]},
								"east": {"uv": [17, 14], "uv_size": [2, 1]},
								"south": {"uv": [14, 21], "uv_size": [1, 1]},
								"west": {"uv": [19, 0], "uv_size": [2, 1]},
								"up": {"uv": [18, 19], "uv_size": [1, 2]},
								"down": {"uv": [19, 21], "uv_size": [1, -2]}
							}
						},
						{
							"origin": [-0.25, 5.63896, -9.57193],
							"size": [0.5, 0.25, 12.5],
							"uv": {
								"north": {"uv": [13, 23], "uv_size": [0.5, 0.25]},
								"east": {"uv": [14, 12], "uv_size": [12.5, 0.25]},
								"south": {"uv": [14, 23], "uv_size": [0.5, 0.25]},
								"west": {"uv": [10, 15], "uv_size": [12.5, 0.25]},
								"up": {"uv": [12, 0], "uv_size": [0.5, 12.5]},
								"down": {"uv": [13, 12.5], "uv_size": [0.5, -12.5]}
							}
						},
						{
							"origin": [-0.375, 5.88896, -9.57193],
							"size": [0.75, 0.25, 12.5],
							"uv": {
								"north": {"uv": [23, 6], "uv_size": [0.75, 0.25]},
								"east": {"uv": [15, 13], "uv_size": [12.5, 0.25]},
								"south": {"uv": [7, 23], "uv_size": [0.75, 0.25]},
								"west": {"uv": [10, 16], "uv_size": [12.5, 0.25]},
								"up": {"uv": [4, 0], "uv_size": [0.75, 12.5]},
								"down": {"uv": [5, 12.5], "uv_size": [0.75, -12.5]}
							}
						},
						{
							"origin": [-0.5, -0.77217, -0.84777],
							"size": [1, 0.5, 3],
							"uv": {
								"north": {"uv": [22, 22], "uv_size": [1, 0.5]},
								"east": {"uv": [19, 14], "uv_size": [3, 0.5]},
								"south": {"uv": [0, 23], "uv_size": [1, 0.5]},
								"west": {"uv": [21, 0], "uv_size": [3, 0.5]},
								"up": {"uv": [0, 18], "uv_size": [1, 3]},
								"down": {"uv": [1, 21], "uv_size": [1, -3]}
							}
						},
						{
							"origin": [-0.75, -1.77217, -0.84777],
							"size": [1.5, 1, 5],
							"uv": {
								"north": {"uv": [6, 21], "uv_size": [1.5, 1]},
								"east": {"uv": [10, 13], "uv_size": [5, 1]},
								"south": {"uv": [10, 21], "uv_size": [1.5, 1]},
								"west": {"uv": [14, 0], "uv_size": [5, 1]},
								"up": {"uv": [10, 4], "uv_size": [1.5, 5]},
								"down": {"uv": [6, 15], "uv_size": [1.5, -5]}
							}
						},
						{
							"origin": [-0.5, 2.69605, 0.96508],
							"size": [1, 1.5, 2],
							"uv": {
								"north": {"uv": [0, 21], "uv_size": [1, 1.5]},
								"east": {"uv": [14, 17], "uv_size": [2, 1.5]},
								"south": {"uv": [1, 21], "uv_size": [1, 1.5]},
								"west": {"uv": [16, 17], "uv_size": [2, 1.5]},
								"up": {"uv": [2, 20], "uv_size": [1, 2]},
								"down": {"uv": [3, 22], "uv_size": [1, -2]}
							}
						},
						{
							"origin": [-0.375, 2.69605, -1.53492],
							"size": [0.75, 0.25, 2.5],
							"uv": {
								"north": {"uv": [23, 7], "uv_size": [0.75, 0.25]},
								"east": {"uv": [22, 10], "uv_size": [2.5, 0.25]},
								"south": {"uv": [8, 23], "uv_size": [0.75, 0.25]},
								"west": {"uv": [22, 11], "uv_size": [2.5, 0.25]},
								"up": {"uv": [20, 17], "uv_size": [0.75, 2.5]},
								"down": {"uv": [20, 22.5], "uv_size": [0.75, -2.5]}
							}
						},
						{
							"origin": [-0.375, 2.69605, -1.78492],
							"size": [0.75, 1.5, 0.25],
							"uv": {
								"north": {"uv": [21, 10], "uv_size": [0.75, 1.5]},
								"east": {"uv": [1, 23], "uv_size": [0.25, 1.5]},
								"south": {"uv": [12, 21], "uv_size": [0.75, 1.5]},
								"west": {"uv": [23, 1], "uv_size": [0.25, 1.5]},
								"up": {"uv": [23, 8], "uv_size": [0.75, 0.25]},
								"down": {"uv": [9, 23.25], "uv_size": [0.75, -0.25]}
							}
						},
						{
							"origin": [-0.25, 3.44605, -0.03492],
							"size": [0.5, 0.75, 0.25],
							"uv": {
								"north": {"uv": [2, 23], "uv_size": [0.5, 0.75]},
								"east": {"uv": [23, 9], "uv_size": [0.25, 0.75]},
								"south": {"uv": [3, 23], "uv_size": [0.5, 0.75]},
								"west": {"uv": [10, 23], "uv_size": [0.25, 0.75]},
								"up": {"uv": [23, 15], "uv_size": [0.5, 0.25]},
								"down": {"uv": [16, 23.25], "uv_size": [0.5, -0.25]}
							}
						},
						{
							"origin": [-0.25, 3.03595, -0.09814],
							"size": [0.5, 0.4375, 0.25],
							"pivot": [0, 3.09845, 0.02686],
							"rotation": [-10, 0, 0],
							"uv": {
								"north": {"uv": [23, 4], "uv_size": [0.5, 0.5]},
								"east": {"uv": [23, 16], "uv_size": [0.25, 0.5]},
								"south": {"uv": [5, 23], "uv_size": [0.5, 0.5]},
								"west": {"uv": [17, 23], "uv_size": [0.25, 0.5]},
								"up": {"uv": [23, 17], "uv_size": [0.5, 0.25]},
								"down": {"uv": [18, 23.25], "uv_size": [0.5, -0.25]}
							}
						},
						{
							"origin": [-0.75, 4.19605, -2.03492],
							"size": [1.5, 1.5, 5.5],
							"uv": {
								"north": {"uv": [12, 19], "uv_size": [1.5, 1.5]},
								"east": {"uv": [6, 0], "uv_size": [5.5, 1.5]},
								"south": {"uv": [14, 19], "uv_size": [1.5, 1.5]},
								"west": {"uv": [6, 2], "uv_size": [5.5, 1.5]},
								"up": {"uv": [6, 4], "uv_size": [1.5, 5.5]},
								"down": {"uv": [8, 9.5], "uv_size": [1.5, -5.5]}
							}
						},
						{
							"origin": [-0.5, 5.00855, -10.28492],
							"size": [1, 0.5, 8.25],
							"uv": {
								"north": {"uv": [16, 22], "uv_size": [1, 0.5]},
								"east": {"uv": [14, 7], "uv_size": [8.25, 0.5]},
								"south": {"uv": [17, 22], "uv_size": [1, 0.5]},
								"west": {"uv": [8, 14], "uv_size": [8.25, 0.5]},
								"up": {"uv": [0, 9], "uv_size": [1, 8.25]},
								"down": {"uv": [1, 17.25], "uv_size": [1, -8.25]}
							}
						},
						{
							"origin": [0.25, 4.69605, -9.28492],
							"size": [0.5, 0.5, 7],
							"pivot": [0.5, 4.94605, -8.15992],
							"rotation": [0, 0, 45],
							"uv": {
								"west": {"uv": [14, 10], "uv_size": [7, 0.5]},
								"up": {"uv": [8, 15], "uv_size": [0.5, 7]}
							}
						},
						{
							"origin": [-0.75, 4.69605, -9.28492],
							"size": [0.5, 0.5, 7],
							"pivot": [-0.5, 4.94605, -8.15992],
							"rotation": [0, 0, -45],
							"uv": {
								"east": {"uv": [14, 11], "uv_size": [7, 0.5]},
								"up": {"uv": [9, 15], "uv_size": [0.5, 7]}
							}
						},
						{
							"origin": [-0.25, 4.69605, -10.53492],
							"size": [0.5, 0.5, 8.5],
							"pivot": [0, 4.94605, -8.28492],
							"rotation": [0, 0, -45],
							"uv": {
								"north": {"uv": [23, 5], "uv_size": [0.5, 0.5]},
								"east": {"uv": [14, 5], "uv_size": [8.5, 0.5]},
								"south": {"uv": [6, 23], "uv_size": [0.5, 0.5]},
								"west": {"uv": [14, 6], "uv_size": [8.5, 0.5]},
								"up": {"uv": [4, 13], "uv_size": [0.5, 8.5]},
								"down": {"uv": [5, 21.5], "uv_size": [0.5, -8.5]}
							}
						},
						{
							"origin": [-0.5, 4.38355, -10.28492],
							"size": [1, 0.5, 8.25],
							"uv": {
								"north": {"uv": [18, 22], "uv_size": [1, 0.5]},
								"east": {"uv": [14, 8], "uv_size": [8.25, 0.5]},
								"south": {"uv": [22, 21], "uv_size": [1, 0.5]},
								"west": {"uv": [14, 9], "uv_size": [8.25, 0.5]},
								"up": {"uv": [2, 9], "uv_size": [1, 8.25]},
								"down": {"uv": [3, 17.25], "uv_size": [1, -8.25]}
							}
						},
						{
							"origin": [-0.625, 5.19605, -11.03492],
							"size": [1.25, 0.5, 9],
							"uv": {
								"north": {"uv": [10, 22], "uv_size": [1.25, 0.5]},
								"east": {"uv": [14, 1], "uv_size": [9, 0.5]},
								"west": {"uv": [14, 2], "uv_size": [9, 0.5]},
								"up": {"uv": [0, 0], "uv_size": [1.25, 9]}
							}
						},
						{
							"origin": [-0.75, 4.07105, -10.76929],
							"size": [1.5, 1.75, 0.5],
							"uv": {
								"north": {"uv": [6, 19], "uv_size": [1.5, 1.75]},
								"east": {"uv": [19, 21], "uv_size": [0.5, 1.75]},
								"south": {"uv": [10, 19], "uv_size": [1.5, 1.75]},
								"west": {"uv": [21, 21], "uv_size": [0.5, 1.75]},
								"up": {"uv": [6, 22], "uv_size": [1.5, 0.5]},
								"down": {"uv": [8, 22.5], "uv_size": [1.5, -0.5]}
							}
						},
						{
							"origin": [-0.625, 4.19605, -11.03492],
							"size": [1.25, 0.5, 9],
							"uv": {
								"north": {"uv": [13, 22], "uv_size": [1.25, 0.5]},
								"east": {"uv": [14, 3], "uv_size": [9, 0.5]},
								"west": {"uv": [14, 4], "uv_size": [9, 0.5]},
								"down": {"uv": [2, 9], "uv_size": [1.25, -9]}
							}
						},
						{
							"origin": [0.75, 4.69605, -1.78492],
							"size": [1.75, 0.5, 1.5],
							"uv": {
								"north": {"uv": [21, 19], "uv_size": [1.75, 0.5]},
								"east": {"uv": [2, 22], "uv_size": [1.5, 0.5]},
								"south": {"uv": [21, 20], "uv_size": [1.75, 0.5]},
								"west": {"uv": [4, 22], "uv_size": [1.5, 0.5]},
								"up": {"uv": [2, 18], "uv_size": [1.75, 1.5]},
								"down": {"uv": [18, 18.5], "uv_size": [1.75, -1.5]}
							}
						},
						{
							"origin": [0.75, 5.19605, -1.53492],
							"size": [0.25, 0.25, 0.75],
							"uv": {
								"west": {"uv": [11, 23], "uv_size": [0.75, 0.25]},
								"up": {"uv": [12, 23], "uv_size": [0.25, 0.75]}
							}
						},
						{
							"origin": [-0.875, 4.69605, 1.96508],
							"size": [1.75, 0.5, 1.75],
							"uv": {
								"north": {"uv": [15, 21], "uv_size": [1.75, 0.5]},
								"east": {"uv": [17, 21], "uv_size": [1.75, 0.5]},
								"south": {"uv": [21, 17], "uv_size": [1.75, 0.5]},
								"west": {"uv": [21, 18], "uv_size": [1.75, 0.5]},
								"up": {"uv": [10, 17], "uv_size": [1.75, 1.75]},
								"down": {"uv": [12, 18.75], "uv_size": [1.75, -1.75]}
							}
						},
						{
							"origin": [-0.25, 4.44605, 3.34008],
							"size": [0.5, 1, 0.25],
							"uv": {
								"north": {"uv": [22, 14], "uv_size": [0.5, 1]},
								"east": {"uv": [23, 3], "uv_size": [0.25, 1]},
								"south": {"uv": [15, 22], "uv_size": [0.5, 1]},
								"west": {"uv": [4, 23], "uv_size": [0.25, 1]},
								"up": {"uv": [23, 14], "uv_size": [0.5, 0.25]},
								"down": {"uv": [15, 23.25], "uv_size": [0.5, -0.25]}
							}
						}
					]
				}
			]
		}
	]
}