{
    "ammo": "nitrogen:127x55",
    "ammo_amount": 5,
    "bolt": "open_bolt",
    "bolt_action_time": 0.63,
    "rpm": 80,
    "bullet": {
      "life": 0.7,
      "bullet_amount": 1,
      "damage": 38,
      "tracer_count_interval": 0,
      "extra_damage": {
        "armor_ignore": 0.75,
        "head_shot_multiplier": 1.75,
        "damage_adjust": [
          {"distance": 0.5, "damage": 41.5},
          {"distance": 14.5, "damage": 38},
          {"distance": 29.5, "damage": 34.5},
          {"distance": 49.5, "damage": 25.5},
          {"distance": "infinite", "damage": 22.5}
        ]
      },
      "speed": 190,
      "gravity": 0.07,
      "knockback": 0.1,
      "friction": 0.012,
      "ignite": false,
      "ignite_entity_time": 2,
      "pierce": 3
    },
    "reload": {
      "type": "magazine",
      "feed": {
        "empty": 2.1,
        "tactical": 2.1
      },
      "cooldown": {
        "empty": 3.63,
        "tactical": 3.63
      }
    },
    "draw_time": 0.35,
    "put_away_time": 0.4,
    "aim_time": 0.4,
    "sprint_time": 0.2,
    "fire_mode": [
      "semi"
    ],
    "recoil": {
      "pitch": [
        {"time": 0, "value": [8, 8]},
        {"time": 0.4, "value": [4.5, 4.5]},
        {"time": 0.65, "value": [-0.1, -0.1]},
        {"time": 0.85, "value": [1, 1]},
        {"time": 1.1, "value": [0.3, 0.3]},
        {"time": 1.2, "value": [0, 0]}
      ],
      "yaw": [
        {"time": 0, "value": [-1.5, 1.5]},
        {"time": 0.5, "value": [0, 0]}
      ]
    },
    "hurt_bob_tweak_multiplier": 0.05,
    "inaccuracy": {
        "stand": 13,
        "move": 12,
        "sneak": 7.5,
        "lie": 5.5,
        "aim": 0.15
    },
    "allow_attachment_types": [
      "scope",
      "muzzle"
    ],
    "exclusive_attachments": {
      "tacz:scope_standard_8x": {
        "weight": 2.0,
        "ads_addend": 0.04,
        "inaccuracy_addend": -0.4,
        "recoil_modifier": {
          "pitch": -0.2,
          "yaw": -0.1
        }
      }
    }
  }