{
	"format_version": "1.8.0",
	"animations": {
		"static_idle": {
			"loop": true,
			"bones": {
				"lefthand": {
					"rotation": [93.76994, -22.23409, -154.79577],
					"position": [8.5, -10, -11.3125],
					"scale": [1, 1.2, 1]
				},
				"righthand": {
					"rotation": [97.51892, 16.58747, -170.41486],
					"position": [-7.25, -14, 0.25],
					"scale": [1, 1.2, 1]
				},
				"mag_and_lefthand": {
					"rotation": [0, 0, 0],
					"position": [0, 0, 0]
				},
				"root": {
					"rotation": [0, 0, 0],
					"position": [0, 0, 0]
				},
				"constraint": {
					"rotation": [0.2, 0.2, 0.2],
					"position": [0.2, 0.2, 0.2]
				}
			}
		},
		"reload_empty": {
			"animation_length": 2.9,
			"bones": {
				"lefthand": {
					"rotation": {
						"0.0": {
							"post": [93.76994, -22.23409, -154.79577],
							"lerp_mode": "catmullrom"
						},
						"0.3": {
							"post": [121.01686, 19.83938, -262.52672],
							"lerp_mode": "catmullrom"
						},
						"0.4333": {
							"post": [121.01686, 19.83938, -262.52672],
							"lerp_mode": "catmullrom"
						},
						"0.4667": {
							"post": [109.02853, 25.88498, -280.37668],
							"lerp_mode": "catmullrom"
						},
						"0.5": {
							"post": [94.61085, 4.46545, -287.56608],
							"lerp_mode": "catmullrom"
						},
						"0.5667": {
							"post": [93.76994, -22.23409, -154.79577],
							"lerp_mode": "catmullrom"
						},
						"0.8333": {
							"post": [98.21429, -8.50076, -166.26707],
							"lerp_mode": "catmullrom"
						},
						"0.9667": {
							"post": [100.74, -17.37, -180.19],
							"lerp_mode": "catmullrom"
						},
						"1.1333": {
							"post": [102.6312, -24.02397, -190.63756],
							"lerp_mode": "catmullrom"
						},
						"1.2333": {
							"post": [133.1752, -3.2873, -194.07148],
							"lerp_mode": "catmullrom"
						},
						"1.3667": {
							"post": [133.1752, -3.2873, -194.07148],
							"lerp_mode": "catmullrom"
						},
						"1.4": {
							"post": [102.03583, -16.69649, -188.92994],
							"lerp_mode": "catmullrom"
						},
						"1.5667": {
							"post": [96.52259, -10.29397, -200.52958],
							"lerp_mode": "catmullrom"
						},
						"1.8667": {
							"post": [92.98442, -30.53577, -228.71797],
							"lerp_mode": "catmullrom"
						},
						"2.2333": {
							"post": [92.98442, -30.53577, -228.71797],
							"lerp_mode": "catmullrom"
						},
						"2.5": {
							"post": [93.15347, -16.40107, -191.1459],
							"lerp_mode": "catmullrom"
						},
						"2.6333": {
							"post": [93.76994, -22.23409, -154.79577],
							"lerp_mode": "catmullrom"
						}
					},
					"position": {
						"0.0": {
							"post": [8.5, -10, -11.3125],
							"lerp_mode": "catmullrom"
						},
						"0.1667": {
							"post": [13.5, -11.58, -7.23],
							"lerp_mode": "catmullrom"
						},
						"0.3333": {
							"post": [8.5, -13.25, -4.31],
							"lerp_mode": "catmullrom"
						},
						"0.4667": {
							"post": [8.5, -13.4375, -4.31],
							"lerp_mode": "catmullrom"
						},
						"0.5": {
							"post": [8.5, -13.0625, -5.7475],
							"lerp_mode": "catmullrom"
						},
						"0.5333": {
							"post": [11.5, -14, -7.75],
							"lerp_mode": "catmullrom"
						},
						"0.5667": {
							"post": [13, -19.5, -2.53],
							"lerp_mode": "catmullrom"
						},
						"0.6": {
							"post": [8.5, -25, 2.6875],
							"lerp_mode": "catmullrom"
						},
						"0.8667": {
							"post": [8.5, -25.38, 1.38],
							"lerp_mode": "catmullrom"
						},
						"1.0": {
							"post": [10.93, -16.28, -2.63],
							"lerp_mode": "catmullrom"
						},
						"1.1333": {
							"post": [8.02, -15.7, -6.59],
							"lerp_mode": "catmullrom"
						},
						"1.1667": {
							"post": [7.5, -14.71, -7.38],
							"lerp_mode": "catmullrom"
						},
						"1.2667": {
							"post": [8.06, -16.38, -9.37],
							"lerp_mode": "catmullrom"
						},
						"1.4": {
							"post": [8.06, -16.38, -9.37],
							"lerp_mode": "catmullrom"
						},
						"1.4333": {
							"post": [7.5, -14.71, -7.38],
							"lerp_mode": "catmullrom"
						},
						"1.6333": {
							"post": [9.93, -12.69, -9.07],
							"lerp_mode": "catmullrom"
						},
						"1.7667": {
							"post": [10.84, -8.97, -10.97],
							"lerp_mode": "catmullrom"
						},
						"1.9": {
							"post": [7.75, -7.25, -12.875],
							"lerp_mode": "catmullrom"
						},
						"2.2667": {
							"post": [7.75, -7.25, -12.875],
							"lerp_mode": "catmullrom"
						},
						"2.4667": {
							"post": [9.99, -10.11, -12.39],
							"lerp_mode": "catmullrom"
						},
						"2.6667": {
							"post": [8.5, -10, -11.3125],
							"lerp_mode": "catmullrom"
						}
					},
					"scale": {
						"0.0": [1, 1.2, 1],
						"0.8667": [1, 1.2, 1],
						"1.1333": [1, 1.4, 1],
						"1.4667": [1, 1.5, 1],
						"1.7667": [1, 1.7, 1],
						"2.8667": [1, 1.2, 1]
					}
				},
				"righthand": {
					"rotation": {
						"0.0": [97.51892, 16.58747, -170.41486],
						"1.8333": [97.52, 16.59, -170.41],
						"1.9667": [108.12837, 7.59436, -148.7076],
						"2.1333": [108.12837, 7.59436, -148.7076],
						"2.2": [108.5185, -13.79619, -155.75326],
						"2.3667": [108.5185, -13.79619, -155.75326],
						"2.4667": [97.51892, 16.58747, -170.41486]
					},
					"position": {
						"0.0": [-7.25, -14, 0.25],
						"1.8333": [-7.25, -14, -1.75],
						"1.9667": [-10.25, -10, -8.75],
						"2.1333": [-10.25, -10, -8.75],
						"2.1667": [-10.25, -10, -3.75],
						"2.2667": [-10.25, -10, -3.75],
						"2.3": [-10.25, -10, 0.25],
						"2.3667": [-11.25, -14, 0.25],
						"2.4667": [-7.25, -14, 0.25]
					},
					"scale": {
						"0.0": [1, 1.2, 1],
						"2.4667": [1, 1.2, 1]
					}
				},
				"root": {
					"rotation": {
						"0.0": {
							"post": [0, 0, 0],
							"lerp_mode": "catmullrom"
						},
						"0.1333": {
							"post": [0.5, -3.53, -14.4],
							"lerp_mode": "catmullrom"
						},
						"0.3333": {
							"post": [-27.07733, -7.96317, -32.48159],
							"lerp_mode": "catmullrom"
						},
						"0.4333": {
							"post": [-27.08, -7.96, -32.48],
							"lerp_mode": "catmullrom"
						},
						"0.4667": {
							"post": [-27.74755, -0.55761, -16.49562],
							"lerp_mode": "catmullrom"
						},
						"0.5": {
							"post": [-23.1469, 0.79093, -14.46285],
							"lerp_mode": "catmullrom"
						},
						"0.5333": {
							"post": [-23.99453, 3.52649, -13.2488],
							"lerp_mode": "catmullrom"
						},
						"0.5667": {
							"post": [-25.09147, 3.3646, -17.3608],
							"lerp_mode": "catmullrom"
						},
						"0.7333": {
							"post": [-23.06, -2.16, -21.36],
							"lerp_mode": "catmullrom"
						},
						"0.9667": {
							"post": [-19.38839, -12.15696, -46.82091],
							"lerp_mode": "catmullrom"
						},
						"1.1667": {
							"post": [-16.3896, -11.04185, -49.04898],
							"lerp_mode": "catmullrom"
						},
						"1.4": {
							"post": [-19.39, -12.16, -46.82],
							"lerp_mode": "catmullrom"
						},
						"1.4333": [-21.70952, -9.83873, -47.76572],
						"1.5333": [-19.38839, -12.15696, -46.82091],
						"1.8667": [-8.8525, 28.6087, 82.84582],
						"2.1": {
							"pre": [-8.85, 28.61, 82.85],
							"post": [-8.85, 28.61, 82.85],
							"lerp_mode": "catmullrom"
						},
						"2.1333": {
							"post": [-9.86904, 23.2717, 81.02123],
							"lerp_mode": "catmullrom"
						},
						"2.2333": {
							"post": [-8.85, 28.61, 82.85],
							"lerp_mode": "catmullrom"
						},
						"2.4333": {
							"post": [10.64, 14.64, 41.54],
							"lerp_mode": "catmullrom"
						},
						"2.6333": {
							"post": [0, 0, 0],
							"lerp_mode": "catmullrom"
						},
						"2.7333": {
							"post": [1.73, -1.05, -2.99],
							"lerp_mode": "catmullrom"
						},
						"2.8667": {
							"post": [0, 0, 0],
							"lerp_mode": "catmullrom"
						}
					},
					"position": {
						"0.0": {
							"post": [0, 0, 0],
							"lerp_mode": "catmullrom"
						},
						"0.1667": {
							"post": [-0.89, 0.89, -2.4575],
							"lerp_mode": "catmullrom"
						},
						"0.3667": {
							"post": [-2, 2, -0.6875],
							"lerp_mode": "catmullrom"
						},
						"0.4667": {
							"post": [-2, 2, -0.6875],
							"lerp_mode": "catmullrom"
						},
						"0.5": {
							"post": [-1.75, 1.96, -0.6875],
							"lerp_mode": "catmullrom"
						},
						"0.5333": {
							"post": [-2, 2, -0.6875],
							"lerp_mode": "catmullrom"
						},
						"0.6": {
							"post": [-2, 2.625, -0.6875],
							"lerp_mode": "catmullrom"
						},
						"0.7667": {
							"post": [-2, 2, -0.6875],
							"lerp_mode": "catmullrom"
						},
						"1.4333": {
							"post": [-2, 2, -0.6875],
							"lerp_mode": "catmullrom"
						},
						"1.5667": {
							"post": [-2, 2, -0.6875],
							"lerp_mode": "catmullrom"
						},
						"1.9": [-2, 2, -0.6875],
						"2.1333": {
							"pre": [-2, 2, -0.6875],
							"post": [-2, 2, -0.6875],
							"lerp_mode": "catmullrom"
						},
						"2.1667": {
							"post": [-2, 2, 0.3125],
							"lerp_mode": "catmullrom"
						},
						"2.2667": {
							"post": [-2, 2, -0.6875],
							"lerp_mode": "catmullrom"
						},
						"2.3667": {
							"post": [-1, 2, 2.3775],
							"lerp_mode": "catmullrom"
						},
						"2.6667": {
							"post": [0, 0, 0.75],
							"lerp_mode": "catmullrom"
						},
						"2.9": {
							"post": [0, 0, 0],
							"lerp_mode": "catmullrom"
						}
					}
				},
				"magazine": {
					"rotation": {
						"0.4667": {
							"pre": [0, 0, 0],
							"post": [0, 0, 0],
							"lerp_mode": "catmullrom"
						},
						"0.5333": {
							"post": [-59.42, 4.28, -27.09],
							"lerp_mode": "catmullrom"
						},
						"0.6": {
							"post": [-218.28904, -32.20579, -18.57197],
							"lerp_mode": "catmullrom"
						},
						"0.6667": {
							"post": [-314.91333, -16.00085, 8.98108],
							"lerp_mode": "catmullrom"
						},
						"0.7333": {
							"post": [-349.38678, -9.4, 18.04844],
							"lerp_mode": "catmullrom"
						},
						"0.8333": {
							"post": [-130, 0, 22.5],
							"lerp_mode": "catmullrom"
						},
						"0.9667": {
							"post": [17.09473, 12.1573, -19.13976],
							"lerp_mode": "catmullrom"
						},
						"1.1333": {
							"post": [0, 0, 0],
							"lerp_mode": "catmullrom"
						},
						"1.2333": {
							"post": [-32.5, 0, 0],
							"lerp_mode": "catmullrom"
						},
						"1.3667": {
							"post": [-32.5, 0, 0],
							"lerp_mode": "catmullrom"
						},
						"1.4": {
							"post": [0, 0, 0],
							"lerp_mode": "catmullrom"
						}
					},
					"position": {
						"0.4667": {
							"pre": [0, 0, 0],
							"post": [0, 0, 0],
							"lerp_mode": "catmullrom"
						},
						"0.5333": {
							"post": [0, -5, -6],
							"lerp_mode": "catmullrom"
						},
						"0.5667": {
							"post": [9.69, -0.25, -6.19],
							"lerp_mode": "catmullrom"
						},
						"0.6": {
							"post": [13, 4, -11],
							"lerp_mode": "catmullrom"
						},
						"0.6667": {
							"post": [18, -5, -18],
							"lerp_mode": "catmullrom"
						},
						"0.7333": {
							"post": [30, -36, -45],
							"lerp_mode": "catmullrom"
						},
						"0.7667": {
							"post": [36.04, -56.51, -52.93],
							"lerp_mode": "catmullrom"
						},
						"0.8": {
							"post": [74, -177, -121],
							"lerp_mode": "catmullrom"
						},
						"0.8667": {
							"post": [2.375, -9.875, 9.8125],
							"lerp_mode": "catmullrom"
						},
						"0.9333": {
							"post": [2.84, -5, 8.69],
							"lerp_mode": "catmullrom"
						},
						"1.0": {
							"post": [3.84, -2.86, 4.9],
							"lerp_mode": "catmullrom"
						},
						"1.0667": {
							"post": [3.5, -1.56, 2.38],
							"lerp_mode": "catmullrom"
						},
						"1.1333": {
							"post": [1.02, -1.97, -0.02],
							"lerp_mode": "catmullrom"
						},
						"1.1667": {
							"post": [0, -1, -1],
							"lerp_mode": "catmullrom"
						},
						"1.2667": {
							"post": [0, -3, -2],
							"lerp_mode": "catmullrom"
						},
						"1.4": {
							"post": [0, -3, -2],
							"lerp_mode": "catmullrom"
						},
						"1.4333": {
							"post": [0, 0, 0],
							"lerp_mode": "catmullrom"
						}
					},
					"scale": {
						"0.7667": {
							"pre": [1, 1, 1],
							"post": [1, 1, 1],
							"lerp_mode": "catmullrom"
						},
						"0.8": {
							"post": [0, 0, 0],
							"lerp_mode": "catmullrom"
						},
						"0.8333": {
							"post": [0, 0, 0],
							"lerp_mode": "catmullrom"
						},
						"0.9": {
							"post": [1, 1, 1],
							"lerp_mode": "catmullrom"
						}
					}
				},
				"qiangshuan": {
					"rotation": {
						"2.1333": {
							"pre": [0, 0, 0],
							"post": [0, 0, 0],
							"lerp_mode": "catmullrom"
						},
						"2.2333": {
							"post": [0, 0, 0],
							"lerp_mode": "catmullrom"
						},
						"2.2667": {
							"post": [0, 0, 0],
							"lerp_mode": "catmullrom"
						}
					},
					"position": {
						"2.1333": {
							"pre": [0, 0, 0],
							"post": [0, 0, 0],
							"lerp_mode": "catmullrom"
						},
						"2.1667": {
							"post": [0, 0, 3],
							"lerp_mode": "catmullrom"
						},
						"2.2333": {
							"post": [0, 0, 3],
							"lerp_mode": "catmullrom"
						},
						"2.2667": {
							"post": [0, 0, 0],
							"lerp_mode": "catmullrom"
						}
					}
				},
				"camera": {
					"rotation": {
						"0.0": {
							"post": [0, 0, 0],
							"lerp_mode": "catmullrom"
						},
						"0.1667": {
							"post": [1, -1, 1],
							"lerp_mode": "catmullrom"
						},
						"0.5": {
							"post": [-0.08, 0.08, -0.08],
							"lerp_mode": "catmullrom"
						},
						"0.5333": {
							"post": [-1.07, 1.07, -1.07],
							"lerp_mode": "catmullrom"
						},
						"0.7": {
							"post": [0.2575, -0.5275, 0.32],
							"lerp_mode": "catmullrom"
						},
						"0.9": {
							"post": [0, 0, 0],
							"lerp_mode": "catmullrom"
						},
						"1.1": {
							"post": [0, 0.25, 0],
							"lerp_mode": "catmullrom"
						},
						"1.4": {
							"post": [0, 0, 0],
							"lerp_mode": "catmullrom"
						},
						"1.4333": {
							"post": [-1.5625, -1.6875, 2],
							"lerp_mode": "catmullrom"
						},
						"1.5333": {
							"post": [0.375, 0.8125, -0.87],
							"lerp_mode": "catmullrom"
						},
						"1.7667": {
							"post": [0, 0, 0],
							"lerp_mode": "catmullrom"
						},
						"1.9": {
							"post": [0, -0.3125, 0],
							"lerp_mode": "catmullrom"
						},
						"2.1333": {
							"post": [0, 0, 0],
							"lerp_mode": "catmullrom"
						},
						"2.1667": {
							"post": [1.75, -0.875, 1.4375],
							"lerp_mode": "catmullrom"
						},
						"2.2667": {
							"post": [0, 0, 0],
							"lerp_mode": "catmullrom"
						},
						"2.4667": {
							"post": [-0.11, 0.05, 0.225],
							"lerp_mode": "catmullrom"
						},
						"2.6667": {
							"post": [0, 0, 0],
							"lerp_mode": "catmullrom"
						},
						"2.7333": {
							"post": [0, 0, 1],
							"lerp_mode": "catmullrom"
						},
						"2.8": {
							"post": [0, 0, -0.3],
							"lerp_mode": "catmullrom"
						},
						"2.9": {
							"post": [0, 0, 0],
							"lerp_mode": "catmullrom"
						}
					}
				}
			}
		},
		"reload_tactical": {
			"animation_length": 2.4333,
			"bones": {
				"lefthand": {
					"rotation": {
						"0.0": [93.76994, -22.23409, -154.79577],
						"0.4333": [98.03798, -12.09731, -211.15487],
						"1.9": [98.03798, -12.09731, -211.15487],
						"2.0": [102.52426, -10.57767, -221.04701],
						"2.1667": [93.76994, -22.23409, -154.79577]
					},
					"position": {
						"0.0": [8.5, -10, -11.3125],
						"0.4667": [9, -15.625, -8.1225],
						"1.9333": [9, -15.625, -8.1225],
						"2.0333": [12.86, -13.09, -8.99],
						"2.2": [8.5, -10, -11.3125]
					},
					"scale": {
						"0.0": [1, 1.2, 1],
						"2.2": [1, 1.2, 1]
					}
				},
				"righthand": {
					"rotation": [97.51892, 16.58747, -170.41486],
					"position": [-7.25, -14, 0.25],
					"scale": [1, 1.2, 1]
				},
				"root": {
					"rotation": {
						"0.0": {
							"post": [0, 0, 0],
							"lerp_mode": "catmullrom"
						},
						"0.1": {
							"post": [12.31594, -2.15393, 7.26758],
							"lerp_mode": "catmullrom"
						},
						"0.2667": {
							"post": [3.79291, -4.52855, -18.21545],
							"lerp_mode": "catmullrom"
						},
						"0.4333": {
							"post": [-7.41418, -9.05711, -33.9309],
							"lerp_mode": "catmullrom"
						},
						"0.5333": {
							"post": [-7.41, -9.06, -33.93],
							"lerp_mode": "catmullrom"
						},
						"0.6667": {
							"post": [-7.41, -9.06, -33.93],
							"lerp_mode": "catmullrom"
						},
						"0.7": {
							"post": [3.57515, -10.39587, -54.17634],
							"lerp_mode": "catmullrom"
						},
						"0.8": {
							"post": [-8.17039, -8.38183, -28.91819],
							"lerp_mode": "catmullrom"
						},
						"1.0": {
							"post": [-8.6375, -8.98, -33.11],
							"lerp_mode": "catmullrom"
						},
						"1.2333": {
							"post": [-7.55, -9.04, -33.6],
							"lerp_mode": "catmullrom"
						},
						"1.5": {
							"post": [-2.75303, -10.412, -46.27541],
							"lerp_mode": "catmullrom"
						},
						"1.6667": {
							"post": [-9.4725, -9.06, -33.93],
							"lerp_mode": "catmullrom"
						},
						"1.7": {
							"post": [-8.08912, -9.31241, -35.93979],
							"lerp_mode": "catmullrom"
						},
						"1.7333": {
							"post": [-10.88728, -9.42484, -36.12613],
							"lerp_mode": "catmullrom"
						},
						"1.8": {
							"post": [-7.41, -9.06, -33.93],
							"lerp_mode": "catmullrom"
						},
						"1.9667": {
							"post": [8.84, -4.51, -16.84],
							"lerp_mode": "catmullrom"
						},
						"2.1667": {
							"post": [0, 0, 0],
							"lerp_mode": "catmullrom"
						},
						"2.2667": {
							"post": [1.95, 0.28, 1.05],
							"lerp_mode": "catmullrom"
						},
						"2.3667": {
							"post": [0, 0, 0],
							"lerp_mode": "catmullrom"
						}
					},
					"position": {
						"0.0": {
							"post": [0, 0, 0],
							"lerp_mode": "catmullrom"
						},
						"0.1333": {
							"post": [0, 0, 0],
							"lerp_mode": "catmullrom"
						},
						"0.3": {
							"post": [0, 1.1875, -1.125],
							"lerp_mode": "catmullrom"
						},
						"0.4667": {
							"post": [0, 1, -1],
							"lerp_mode": "catmullrom"
						},
						"0.5667": {
							"post": [0, 1, -1],
							"lerp_mode": "catmullrom"
						},
						"0.6667": {
							"post": [0, 1, -1],
							"lerp_mode": "catmullrom"
						},
						"0.7": {
							"post": [0.125, 0.875, -1],
							"lerp_mode": "catmullrom"
						},
						"0.8333": {
							"post": [0, 1, -1],
							"lerp_mode": "catmullrom"
						},
						"1.0333": {
							"post": [0.01, 0.99, -1],
							"lerp_mode": "catmullrom"
						},
						"1.2333": {
							"post": [0.1975, 0.8025, -1],
							"lerp_mode": "catmullrom"
						},
						"1.5333": {
							"post": [0.03, 0.97, -1],
							"lerp_mode": "catmullrom"
						},
						"1.7": {
							"post": [0, 1, -1],
							"lerp_mode": "catmullrom"
						},
						"1.7333": {
							"post": [-0.5, 1.5, -1],
							"lerp_mode": "catmullrom"
						},
						"1.8333": {
							"post": [0, 1, -1],
							"lerp_mode": "catmullrom"
						},
						"2.0": {
							"post": [0.02, 0.48, -2.5],
							"lerp_mode": "catmullrom"
						},
						"2.2": {
							"post": [0, 0, 0],
							"lerp_mode": "catmullrom"
						},
						"2.4": {
							"post": [0, 0, 0],
							"lerp_mode": "catmullrom"
						}
					}
				},
				"mag_and_lefthand": {
					"rotation": {
						"0.5667": [0, 0, 0],
						"0.6667": [0, 0, 0],
						"0.7": [-29.92346, -2.24826, -3.89912],
						"0.8": [-20.36024, -24.15495, -23.28968],
						"0.8667": [6.89664, -24.51925, -28.76293],
						"0.9333": [9.63976, -24.15495, -23.28968],
						"1.2333": [9.63976, -24.15495, -23.28968],
						"1.4667": [-16.63787, -10.24324, -16.64523],
						"1.5667": [-30, 0, 0],
						"1.6333": [-36, 0, 0],
						"1.7": [-30, 0, 0],
						"1.7333": [0, 0, 0]
					},
					"position": {
						"0.5667": [0, 0, 0],
						"0.6667": [0, 0, 0],
						"0.7": [0.5, -1, -6],
						"0.8": [5.5, -1.75, -5],
						"0.9333": [4.5, -13.75, 0.3125],
						"1.2333": [4.5, -13.75, 0.3125],
						"1.4667": [2.35, -2.12, -4.11],
						"1.5667": [0, 0, -6],
						"1.6333": [0, 0, -6.3125],
						"1.7": [0, 0, -6],
						"1.7333": [0, 0, 0]
					}
				},
				"camera": {
					"rotation": {
						"0.0": {
							"post": [0, 0, 0],
							"lerp_mode": "catmullrom"
						},
						"0.1": {
							"post": [1, 0, 0],
							"lerp_mode": "catmullrom"
						},
						"0.2667": {
							"post": [-0.26, 0, 0],
							"lerp_mode": "catmullrom"
						},
						"0.4667": {
							"post": [0.1225, 0, 0],
							"lerp_mode": "catmullrom"
						},
						"0.6333": {
							"post": [0, 0, 0],
							"lerp_mode": "catmullrom"
						},
						"0.6667": {
							"post": [0, 0, 0],
							"lerp_mode": "catmullrom"
						},
						"0.7": {
							"post": [-0.6875, -0.25, -0.9375],
							"lerp_mode": "catmullrom"
						},
						"0.8333": {
							"post": [0, 0, 0],
							"lerp_mode": "catmullrom"
						},
						"0.9333": {
							"post": [0.2275, 0.145, 0.31],
							"lerp_mode": "catmullrom"
						},
						"1.1667": {
							"post": [0, 0, 0],
							"lerp_mode": "catmullrom"
						},
						"1.7": {
							"post": [0, 0, 0],
							"lerp_mode": "catmullrom"
						},
						"1.7333": {
							"post": [0.6875, 0.375, 1],
							"lerp_mode": "catmullrom"
						},
						"1.9333": {
							"post": [-0.27, -0.115, -0.4875],
							"lerp_mode": "catmullrom"
						},
						"2.1333": {
							"post": [0, 0, 0],
							"lerp_mode": "catmullrom"
						},
						"2.2667": {
							"post": [0.02, 0.01, 0.4675],
							"lerp_mode": "catmullrom"
						},
						"2.4333": {
							"post": [0, 0, 0],
							"lerp_mode": "catmullrom"
						}
					}
				}
			}
		},
		"inspect_empty": {
			"animation_length": 6.5333,
			"bones": {
				"lefthand": {
					"rotation": {
						"0.0": [93.76994, -22.23409, -154.79577],
						"0.5333": [30.11037, -45.06796, -179.71341],
						"1.1": [30.11, -45.07, -179.71],
						"1.2": [61.91659, -50.50541, -192.23864],
						"2.0333": [61.91659, -50.50541, -192.23864],
						"2.4333": [66.49744, -15.93694, -88.97654],
						"5.8": [66.5, -15.94, -88.98],
						"6.1333": [93.76994, -22.23409, -154.79577]
					},
					"position": {
						"0.0": [8.5, -10, -11.3125],
						"0.5": [8, -11, -15],
						"1.0667": [8, -11, -15],
						"1.2": [8, -11, -15],
						"2.0": [8, -11, -15],
						"2.4": [13, -15, -1],
						"5.8333": [13, -15, -1],
						"6.1667": [8.5, -10, -11.3125]
					},
					"scale": {
						"0.0": [1, 1.2, 1],
						"0.5": [1, 1.4, 1],
						"1.0667": [1, 1.5, 1],
						"2.7333": [1, 1.2, 1]
					}
				},
				"righthand": {
					"rotation": [97.51892, 16.58747, -170.41486],
					"position": [-7.25, -14, 0.25],
					"scale": [1, 1.2, 1]
				},
				"additional_magazine": {
					"rotation": [0, 0, 0]
				},
				"root": {
					"rotation": {
						"0.0": [0, 0, 0],
						"0.5": [-5.44, 62.26, 125.53],
						"1.0667": {
							"pre": [0.05052, 60.63963, 122.25028],
							"post": [0.05052, 60.63963, 122.25028],
							"lerp_mode": "catmullrom"
						},
						"1.2": {
							"post": [-51.76747, 37.8791, 63.73962],
							"lerp_mode": "catmullrom"
						},
						"2.0": {
							"post": [-51.77, 37.88, 63.74],
							"lerp_mode": "catmullrom"
						},
						"2.3333": {
							"post": [-46.3, -3.37, 24.32],
							"lerp_mode": "catmullrom"
						},
						"2.6333": {
							"post": [-65.18944, -40.87033, -11.51069],
							"lerp_mode": "catmullrom"
						},
						"2.9": {
							"post": [-65.18944, -40.87033, -11.51069],
							"lerp_mode": "catmullrom"
						},
						"3.3": {
							"post": [-64.45, -41.98, -11.82],
							"lerp_mode": "catmullrom"
						},
						"3.8": {
							"post": [-64.45, -41.98, -11.82],
							"lerp_mode": "catmullrom"
						},
						"3.8667": {
							"post": [-53.05381, -58.5982, -27.19181],
							"lerp_mode": "catmullrom"
						},
						"5.7": [-65.19, -40.87, -11.51],
						"5.9667": {
							"pre": [10.06489, -15.87044, -3.90856],
							"post": [10.06489, -15.87044, -3.90856],
							"lerp_mode": "catmullrom"
						},
						"6.1667": {
							"post": [0, 0, 0],
							"lerp_mode": "catmullrom"
						},
						"6.5333": [0, 0, 0]
					},
					"position": {
						"0.0": [0, 0, 0],
						"0.5333": [0, -1.35, -0.42],
						"1.1": {
							"pre": [0, -1.3125, -0.375],
							"post": [0, -1.3125, -0.375],
							"lerp_mode": "catmullrom"
						},
						"1.2333": {
							"post": [0, -1.31, -0.37],
							"lerp_mode": "catmullrom"
						},
						"2.0333": {
							"post": [0, -1.31, -0.37],
							"lerp_mode": "catmullrom"
						},
						"2.2667": {
							"post": [-0.62, 1.04, -1.33],
							"lerp_mode": "catmullrom"
						},
						"2.6667": {
							"post": [-1.875, -3.2475, -3.245],
							"lerp_mode": "catmullrom"
						},
						"2.9333": {
							"post": [-1.875, -3.2475, -3.245],
							"lerp_mode": "catmullrom"
						},
						"3.5": {
							"post": [-1.92, -3.33, -3.32],
							"lerp_mode": "catmullrom"
						},
						"4.2333": {
							"post": [-1.92, -3.33, -3.32],
							"lerp_mode": "catmullrom"
						},
						"5.6333": [-1.87, -3.25, -3.24],
						"5.8": [-0.93, -1.62, -4.62],
						"6.0": {
							"pre": [0, 0, 1.5],
							"post": [0, 0, 1.5],
							"lerp_mode": "catmullrom"
						},
						"6.5333": [0, 0, 0]
					}
				},
				"magazine": {
					"rotation": [0, 0, 0]
				},
				"camera": {
					"rotation": {
						"0.0": {
							"post": [0, 0, 0],
							"lerp_mode": "catmullrom"
						},
						"0.2333": {
							"post": [1, 1, -0.06],
							"lerp_mode": "catmullrom"
						},
						"0.5": {
							"post": [0, 0, 0],
							"lerp_mode": "catmullrom"
						},
						"0.6333": {
							"post": [0, 0, 1],
							"lerp_mode": "catmullrom"
						},
						"0.8333": {
							"post": [0, 0, -0.39],
							"lerp_mode": "catmullrom"
						},
						"1.0667": {
							"post": [0, 0, 0],
							"lerp_mode": "catmullrom"
						},
						"1.2": {
							"post": [0, 0, 0],
							"lerp_mode": "catmullrom"
						},
						"1.3333": {
							"post": [0, 0, 1],
							"lerp_mode": "catmullrom"
						},
						"1.5333": {
							"post": [0, 0, -0.39],
							"lerp_mode": "catmullrom"
						},
						"1.7667": {
							"post": [0, 0, 0],
							"lerp_mode": "catmullrom"
						},
						"2.0": {
							"post": [0, 0, 0],
							"lerp_mode": "catmullrom"
						},
						"2.3": {
							"post": [2, 0, 0],
							"lerp_mode": "catmullrom"
						},
						"2.6333": {
							"post": [0, 0, 0],
							"lerp_mode": "catmullrom"
						},
						"2.8333": {
							"post": [-0.14, 0, 1],
							"lerp_mode": "catmullrom"
						},
						"3.0333": {
							"post": [-0.09, 0, -0.39],
							"lerp_mode": "catmullrom"
						},
						"3.3": {
							"post": [0, 0, 0],
							"lerp_mode": "catmullrom"
						},
						"3.7333": {
							"post": [4, 0, 0],
							"lerp_mode": "catmullrom"
						},
						"4.3333": {
							"post": [0, 0, 0],
							"lerp_mode": "catmullrom"
						},
						"5.0": {
							"post": [-7.13, 0, 0],
							"lerp_mode": "catmullrom"
						},
						"5.7": {
							"post": [0, 0, 0],
							"lerp_mode": "catmullrom"
						},
						"6.1667": {
							"post": [0.33, 0, 0],
							"lerp_mode": "catmullrom"
						},
						"6.3333": {
							"post": [0.19, 0, -1],
							"lerp_mode": "catmullrom"
						},
						"6.5": {
							"post": [0, 0, 0],
							"lerp_mode": "catmullrom"
						}
					}
				}
			}
		},
		"inspect": {
			"animation_length": 6.5333,
			"bones": {
				"lefthand": {
					"rotation": {
						"0.0": [93.76994, -22.23409, -154.79577],
						"0.5333": [30.11037, -45.06796, -179.71341],
						"1.1": [30.11, -45.07, -179.71],
						"1.2": [61.91659, -50.50541, -192.23864],
						"2.0333": [61.91659, -50.50541, -192.23864],
						"2.4333": [66.49744, -15.93694, -88.97654],
						"5.8": [66.5, -15.94, -88.98],
						"6.1333": [93.76994, -22.23409, -154.79577]
					},
					"position": {
						"0.0": [8.5, -10, -11.3125],
						"0.5": [8, -11, -15],
						"1.0667": [8, -11, -15],
						"1.2": [8, -11, -15],
						"2.0": [8, -11, -15],
						"2.4": [13, -15, -1],
						"5.8333": [13, -15, -1],
						"6.1667": [8.5, -10, -11.3125]
					},
					"scale": {
						"0.0": [1, 1.2, 1],
						"0.5": [1, 1.4, 1],
						"1.0667": [1, 1.5, 1],
						"2.7333": [1, 1.2, 1]
					}
				},
				"righthand": {
					"rotation": [97.51892, 16.58747, -170.41486],
					"position": [-7.25, -14, 0.25],
					"scale": [1, 1.2, 1]
				},
				"additional_magazine": {
					"rotation": [0, 0, 0]
				},
				"root": {
					"rotation": {
						"0.0": [0, 0, 0],
						"0.5": [-5.44, 62.26, 125.53],
						"1.0667": [0.05052, 60.63963, 122.25028],
						"1.2": [-51.76747, 37.8791, 63.73962],
						"2.0": {
							"pre": [-51.77, 37.88, 63.74],
							"post": [-51.77, 37.88, 63.74],
							"lerp_mode": "catmullrom"
						},
						"2.3333": {
							"post": [-46.3, -3.37, 24.32],
							"lerp_mode": "catmullrom"
						},
						"2.6333": {
							"post": [-65.18944, -40.87033, -11.51069],
							"lerp_mode": "catmullrom"
						},
						"2.9": {
							"post": [-65.18944, -40.87033, -11.51069],
							"lerp_mode": "catmullrom"
						},
						"3.3": {
							"post": [-64.45, -41.98, -11.82],
							"lerp_mode": "catmullrom"
						},
						"3.8": {
							"post": [-64.45, -41.98, -11.82],
							"lerp_mode": "catmullrom"
						},
						"3.8667": {
							"post": [-53.05381, -58.5982, -27.19181],
							"lerp_mode": "catmullrom"
						},
						"5.7": [-65.19, -40.87, -11.51],
						"5.9667": {
							"pre": [10.06489, -15.87044, -3.90856],
							"post": [10.06489, -15.87044, -3.90856],
							"lerp_mode": "catmullrom"
						},
						"6.1667": {
							"post": [0, 0, 0],
							"lerp_mode": "catmullrom"
						},
						"6.5333": [0, 0, 0]
					},
					"position": {
						"0.0": [0, 0, 0],
						"0.5333": [0, -1.35, -0.42],
						"1.1": [0, -1.3125, -0.375],
						"1.2333": [0, -1.31, -0.37],
						"2.0333": {
							"pre": [0, -1.31, -0.37],
							"post": [0, -1.31, -0.37],
							"lerp_mode": "catmullrom"
						},
						"2.2667": {
							"post": [-0.62, 1.04, -1.33],
							"lerp_mode": "catmullrom"
						},
						"2.6667": {
							"post": [-1.875, -3.2475, -3.245],
							"lerp_mode": "catmullrom"
						},
						"2.9333": {
							"post": [-1.875, -3.2475, -3.245],
							"lerp_mode": "catmullrom"
						},
						"3.5": {
							"post": [-1.92, -3.33, -3.32],
							"lerp_mode": "catmullrom"
						},
						"4.2333": {
							"post": [-1.92, -3.33, -3.32],
							"lerp_mode": "catmullrom"
						},
						"5.6333": [-1.87, -3.25, -3.24],
						"5.8": [-0.93, -1.62, -4.62],
						"6.0": {
							"pre": [0, 0, 1.5],
							"post": [0, 0, 1.5],
							"lerp_mode": "catmullrom"
						},
						"6.5333": [0, 0, 0]
					}
				},
				"magazine": {
					"rotation": [0, 0, 0]
				},
				"camera": {
					"rotation": {
						"0.0": {
							"post": [0, 0, 0],
							"lerp_mode": "catmullrom"
						},
						"0.2333": {
							"post": [1, 1, -0.06],
							"lerp_mode": "catmullrom"
						},
						"0.5": {
							"post": [0, 0, 0],
							"lerp_mode": "catmullrom"
						},
						"0.6333": {
							"post": [0, 0, 1],
							"lerp_mode": "catmullrom"
						},
						"0.8333": {
							"post": [0, 0, -0.39],
							"lerp_mode": "catmullrom"
						},
						"1.0667": {
							"post": [0, 0, 0],
							"lerp_mode": "catmullrom"
						},
						"1.2": {
							"post": [0, 0, 0],
							"lerp_mode": "catmullrom"
						},
						"1.3333": {
							"post": [0, 0, 1],
							"lerp_mode": "catmullrom"
						},
						"1.5333": {
							"post": [0, 0, -0.39],
							"lerp_mode": "catmullrom"
						},
						"1.7667": {
							"post": [0, 0, 0],
							"lerp_mode": "catmullrom"
						},
						"2.0": {
							"post": [0, 0, 0],
							"lerp_mode": "catmullrom"
						},
						"2.3": {
							"post": [2, 0, 0],
							"lerp_mode": "catmullrom"
						},
						"2.6333": {
							"post": [0, 0, 0],
							"lerp_mode": "catmullrom"
						},
						"2.8333": {
							"post": [-0.14, 0, 1],
							"lerp_mode": "catmullrom"
						},
						"3.0333": {
							"post": [-0.09, 0, -0.39],
							"lerp_mode": "catmullrom"
						},
						"3.3": {
							"post": [0, 0, 0],
							"lerp_mode": "catmullrom"
						},
						"3.7333": {
							"post": [4, 0, 0],
							"lerp_mode": "catmullrom"
						},
						"4.3333": {
							"post": [0, 0, 0],
							"lerp_mode": "catmullrom"
						},
						"5.0": {
							"post": [-7.13, 0, 0],
							"lerp_mode": "catmullrom"
						},
						"5.7": {
							"post": [0, 0, 0],
							"lerp_mode": "catmullrom"
						},
						"6.1667": {
							"post": [0.33, 0, 0],
							"lerp_mode": "catmullrom"
						},
						"6.3333": {
							"post": [0.19, 0, -1],
							"lerp_mode": "catmullrom"
						},
						"6.5": {
							"post": [0, 0, 0],
							"lerp_mode": "catmullrom"
						}
					}
				}
			}
		},
		"shoot": {
			"animation_length": 0.6333,
			"bones": {
				"m4a1_bolt": {
					"position": {
						"0.0": [0, 0, 0],
						"0.0333": [0, 0, 5],
						"0.0667": [0, 0, 0]
					}
				},
				"root": {
					"rotation": {
						"0.0": [0, 0, 0],
						"0.0333": [1.23, 0, 0.73],
						"0.0667": [-1.87, 0, -1.17],
						"0.1": [-1.99, 0, -1.23],
						"0.1333": [-0.91, 0, -0.35],
						"0.1667": [0.18, 0, 0.53],
						"0.2": [0.27, 0, 0.27],
						"0.2333": [0.36, 0, 0.01],
						"0.2667": [0.45, 0, -0.25],
						"0.3": [0.38, -0.07, -0.08],
						"0.3333": [0.3, -0.13, 0.08],
						"0.3667": [0.23, -0.2, 0.25],
						"0.4": [0.18, -0.17, 0.17],
						"0.4333": [0.14, -0.14, 0.09],
						"0.4667": [0.1, -0.11, 0.01],
						"0.5": [0.06, -0.07, -0.07],
						"0.5333": [0.04, -0.06, -0.06],
						"0.5667": [0.03, -0.04, -0.04],
						"0.6": [0.01, -0.02, -0.02],
						"0.6333": [0, 0, 0]
					},
					"position": {
						"0.0": [0, 0, 0],
						"0.0333": [0, -0.02, 1.73],
						"0.0667": [0, -0.05, 1.38],
						"0.1": [0, -0.05, 0.67],
						"0.1333": [0, -0.05, -0.04],
						"0.1667": [0, -0.04, -0.01],
						"0.2": [0, -0.04, 0.03],
						"0.2333": [0, -0.03, 0.06],
						"0.2667": [0, -0.02, 0.1],
						"0.3": [0, -0.02, 0.07],
						"0.3333": [0, -0.01, 0.03],
						"0.3667": [0, 0, 0]
					}
				},
				"bullet_in_barrel": {
					"scale": {
						"0.0": [0, 0, 0],
						"0.1667": [0, 0, 0],
						"0.2": [1, 1, 1]
					}
				},
				"qiangshuan": {
					"rotation": [0, 0, 0],
					"position": {
						"0.0": [0, 0, 0],
						"0.0333": [0, 0, 4],
						"0.1": [0, 0, 0]
					}
				},
				"constraint": {
					"rotation": {
						"0.0": [0.2, 0.2, 0.2],
						"0.0667": [0.1, 0.1, 0.1],
						"0.1667": [0, 0, 0]
					},
					"position": {
						"0.0": [0.15, 0.05, 0.25],
						"0.0667": [0.1, 0, 0.1],
						"0.1667": [0, 0, 0]
					}
				},
				"camera": {
					"rotation": {
						"0.0": [0, 0, 0],
						"0.0333": [0, 0, 0.6],
						"0.0667": [0, 0, -0.4],
						"0.1": [0, 0, -0.07],
						"0.1333": [0, 0, 0.33],
						"0.1667": [0, 0, 0.08],
						"0.2": [0, 0, -0.22],
						"0.2333": [0, 0, -0.15],
						"0.2667": [0, 0, 0],
						"0.3": [0, 0, 0.02],
						"0.3333": [0, 0, 0.01],
						"0.3667": [0, 0, 0]
					}
				}
			},
			"sound_effects": {
				"0.0": {
					"effect": "weap_iw9_mike4_fire_plr_02"
				}
			}
		}
	}
}