{
	"format_version": "1.8.0",
	"animations": {
		"static_idle": {
			"animation_length": 2.7,
			"bones": {
				"lefthand": {
					"rotation": [90.52936, 325.25133, -137.27977],
					"position": [8.25, -11.375, -18.3125],
					"scale": [1.3, 1.4, 1]
				},
				"righthand": {
					"rotation": [95.46536, 24.87192, -177.0413],
					"position": [-7, -13.25, -10],
					"scale": [1.3, 1.4, 1]
				}
			}
		},
		"reload_tactical": {
			"animation_length": 2.7,
			"bones": {
				"lefthand": {
					"rotation": {
						"0.0": [90.52936, 325.25133, -137.27977],
						"0.5333": [119.0751, 340.06449, -194.83296],
						"1.5": [119.08, 340.06, -194.83],
						"1.5333": [79.99082, 344.81521, -89.562],
						"2.1333": [79.99082, 344.81521, -89.562],
						"2.5333": [90.52936, 325.25133, -137.27977],
						"2.7": [90.52936, 325.25133, -137.27977]
					},
					"position": {
						"0.0": [8.25, -11.375, -18.3125],
						"0.1667": [11.81, -13.04, -12.98],
						"0.3667": [14.69, -15.04, -4.58],
						"0.5": [9.9375, -16.37, -2.31],
						"1.4667": [9.94, -16.37, -2.31],
						"1.5": [6.3775, -21.37, -4.31],
						"2.1": [6.3775, -21.37, -4.31],
						"2.2667": [13.16, -17.21, -10.14],
						"2.5": [8.25, -11.375, -18.3125],
						"2.6667": [8.25, -11.375, -18.3125]
					},
					"scale": {
						"0.0": [1.3, 1.4, 1],
						"0.2667": [1.3, 1.4, 1],
						"0.5": [1.65, 1.4, 1.2],
						"2.5": [1.3, 1.4, 1],
						"2.6667": [1.3, 1.4, 1]
					}
				},
				"righthand": {
					"rotation": [95.46536, 24.87192, -177.0413],
					"position": [-7, -13.25, -10],
					"scale": [1.3, 1.4, 1]
				},
				"root": {
					"rotation": {
						"0.0": {
							"post": [0, 0, 0],
							"lerp_mode": "catmullrom"
						},
						"0.5333": {
							"post": [-20.25997, -26.80586, -32.57434],
							"lerp_mode": "catmullrom"
						},
						"0.7667": {
							"post": [-21.52, -28.48, -34.6],
							"lerp_mode": "catmullrom"
						},
						"0.8": {
							"post": [-25.62976, -29.07041, -31.03676],
							"lerp_mode": "catmullrom"
						},
						"0.9333": {
							"post": [-18.5825, -29.48, -36.9125],
							"lerp_mode": "catmullrom"
						},
						"1.0333": {
							"post": [-21.11, -28.49, -34.18],
							"lerp_mode": "catmullrom"
						},
						"1.3": {
							"post": [-18.92527, -28.26853, -34.08042],
							"lerp_mode": "catmullrom"
						},
						"1.6333": {
							"post": [-21.18, -29.17, -37.56],
							"lerp_mode": "catmullrom"
						},
						"2.0": {
							"post": [-21.35, -28.51, -43.345],
							"lerp_mode": "catmullrom"
						},
						"2.0333": {
							"post": [-18.5555, -34.11688, -44.31521],
							"lerp_mode": "catmullrom"
						},
						"2.1667": {
							"post": [-22.525, -27.295, -44.565],
							"lerp_mode": "catmullrom"
						},
						"2.2333": {
							"post": [-20.26, -26.81, -41.195],
							"lerp_mode": "catmullrom"
						},
						"2.4": {
							"post": [17.44971, -4.55069, -17.96643],
							"lerp_mode": "catmullrom"
						},
						"2.5333": {
							"post": [0, 0, 0],
							"lerp_mode": "catmullrom"
						},
						"2.6": {
							"post": [1.24, 0.33, 1.29],
							"lerp_mode": "catmullrom"
						},
						"2.7": {
							"post": [0, 0, 0],
							"lerp_mode": "catmullrom"
						}
					},
					"position": {
						"0.0": {
							"post": [0, 0, 0],
							"lerp_mode": "catmullrom"
						},
						"0.5": {
							"post": [-1, 4, -3],
							"lerp_mode": "catmullrom"
						},
						"0.7333": {
							"post": [-1.06, 4.25, -3.19],
							"lerp_mode": "catmullrom"
						},
						"0.7667": {
							"post": [-0.56, 3.7075, -3.2],
							"lerp_mode": "catmullrom"
						},
						"0.9": {
							"post": [-1.315, 4.4125, -3.2],
							"lerp_mode": "catmullrom"
						},
						"1.1": {
							"post": [-1.07, 4.26, -3.19],
							"lerp_mode": "catmullrom"
						},
						"1.9667": {
							"post": [-1.06, 4.25, -3.19],
							"lerp_mode": "catmullrom"
						},
						"2.0": {
							"post": [-1.31, 4.51, -3.2],
							"lerp_mode": "catmullrom"
						},
						"2.1333": {
							"post": [-1.18, 4.46, -3.28],
							"lerp_mode": "catmullrom"
						},
						"2.2": {
							"post": [-1, 4, -3],
							"lerp_mode": "catmullrom"
						},
						"2.3667": {
							"post": [-0.69, 1.78, 0.91],
							"lerp_mode": "catmullrom"
						},
						"2.5": {
							"post": [0, 0, 0],
							"lerp_mode": "catmullrom"
						},
						"2.6667": {
							"post": [0, 0, 0],
							"lerp_mode": "catmullrom"
						}
					}
				},
				"mag_and_lefthand": {
					"rotation": {
						"0.5333": [0, 0, 0],
						"0.7667": [0, 0, 0],
						"0.8333": {
							"pre": [0, 0, 0],
							"post": [0, 0, 0],
							"lerp_mode": "catmullrom"
						},
						"0.9": {
							"post": [0, 0, -22.5],
							"lerp_mode": "catmullrom"
						},
						"0.9667": {
							"post": [0, 0, -15],
							"lerp_mode": "catmullrom"
						},
						"1.0333": {
							"post": [0, 0, -17.5],
							"lerp_mode": "catmullrom"
						},
						"1.4667": {
							"post": [0, 0, -117.5],
							"lerp_mode": "catmullrom"
						},
						"1.5333": {
							"post": [0, 0, -117.5],
							"lerp_mode": "catmullrom"
						},
						"1.6333": {
							"post": [0, 0, -97.5],
							"lerp_mode": "catmullrom"
						},
						"1.7333": {
							"post": [0, 0, 0],
							"lerp_mode": "catmullrom"
						},
						"2.0": {
							"post": [0, 0, 0],
							"lerp_mode": "catmullrom"
						},
						"2.0333": [0, 0, 0]
					},
					"position": {
						"0.5": [0, 0, 0],
						"0.7333": [0, 0, 0],
						"0.8": {
							"pre": [0, -4, 0],
							"post": [0, -4, 0],
							"lerp_mode": "catmullrom"
						},
						"0.8667": {
							"post": [3, -5.75, 0],
							"lerp_mode": "catmullrom"
						},
						"0.9333": {
							"post": [4, -11.8125, 0],
							"lerp_mode": "catmullrom"
						},
						"1.0": {
							"post": [4, -19, 0],
							"lerp_mode": "catmullrom"
						},
						"1.4333": {
							"post": [4, -31, 0],
							"lerp_mode": "catmullrom"
						},
						"1.5": {
							"post": [4, -19, 0],
							"lerp_mode": "catmullrom"
						},
						"1.6": {
							"post": [2, -10.5, 0],
							"lerp_mode": "catmullrom"
						},
						"1.7": {
							"post": [0, -4, 0],
							"lerp_mode": "catmullrom"
						},
						"1.9667": {
							"post": [0, -4, 0],
							"lerp_mode": "catmullrom"
						},
						"2.0": [0, 0, 0]
					}
				},
				"camera": {
					"rotation": {
						"0.0": {
							"post": [0, 0, 0],
							"lerp_mode": "catmullrom"
						},
						"0.3333": {
							"post": [2, 0, 0],
							"lerp_mode": "catmullrom"
						},
						"0.5333": {
							"post": [-1.13, 0, 0],
							"lerp_mode": "catmullrom"
						},
						"0.7333": {
							"post": [0, 0, 0],
							"lerp_mode": "catmullrom"
						},
						"0.7667": {
							"post": [-0.875, -1, 2],
							"lerp_mode": "catmullrom"
						},
						"0.9667": {
							"post": [0.375, 0.5, -1.16],
							"lerp_mode": "catmullrom"
						},
						"1.2333": {
							"post": [-0.1875, -0.25, 0.89],
							"lerp_mode": "catmullrom"
						},
						"1.5": {
							"post": [0.25, 0.1875, -0.55],
							"lerp_mode": "catmullrom"
						},
						"1.9667": {
							"post": [0, 0, 0],
							"lerp_mode": "catmullrom"
						},
						"2.0": {
							"post": [0.9375, 0.875, -1.25],
							"lerp_mode": "catmullrom"
						},
						"2.1": {
							"post": [-0.2825, -0.3225, 0.2375],
							"lerp_mode": "catmullrom"
						},
						"2.2": {
							"post": [0, 0, 0],
							"lerp_mode": "catmullrom"
						},
						"2.5": {
							"post": [0.01, 0.01, -0.01],
							"lerp_mode": "catmullrom"
						},
						"2.5667": {
							"post": [0.01, 0.01, 0.99],
							"lerp_mode": "catmullrom"
						},
						"2.6667": {
							"post": [0, 0, 0],
							"lerp_mode": "catmullrom"
						}
					}
				},
				"additional_magazine": {
					"scale": 0
				}
			}
		},
		"reload_empty": {
			"animation_length": 3.0667,
			"bones": {
				"lefthand": {
					"rotation": {
						"0.0": [90.52936, 325.25133, -137.27977],
						"0.3667": [110.16577, 340.86808, -171.14528],
						"2.0": [110.17, 340.87, -171.15],
						"2.2": [105.00207, 361.07609, -214.95331],
						"2.3667": [105, 361.08, -214.95],
						"2.4": [105, 361.08, -214.95],
						"2.4667": [105, 361.08, -214.95],
						"2.5": [105, 361.08, -214.95],
						"2.6": [105, 361.08, -214.95],
						"2.7": [90.52936, 325.25133, -137.27977]
					},
					"position": {
						"0.0": [8.25, -11.375, -18.3125],
						"0.3333": [10, -16.37, -3.31],
						"1.9667": [10, -16.37, -3.31],
						"2.1667": [10.75, -8.37, -17.06],
						"2.3333": [10.75, -8.37, -17.06],
						"2.3667": [10.75, -8.37, -11.06],
						"2.4333": [10.75, -8.37, -11.06],
						"2.4667": [10.75, -8.37, -8.06],
						"2.5667": [13.75, -8.37, -14.06],
						"2.6667": [8.25, -11.375, -18.3125]
					},
					"scale": {
						"0.0": [1.3, 1.4, 1],
						"0.2": [1.9, 1.4, 1.7],
						"1.8667": [1.6, 1.4, 1],
						"2.1": [1.3, 1.4, 1],
						"2.1667": [1.3, 2, 1],
						"2.5667": [1.3, 2, 1],
						"2.6667": [1.3, 1.4, 1]
					}
				},
				"righthand": {
					"rotation": [95.46536, 24.87192, -177.0413],
					"position": [-7, -13.25, -10],
					"scale": [1.3, 1.4, 1]
				},
				"root": {
					"rotation": {
						"0.0": {
							"post": [0, 0, 0],
							"lerp_mode": "catmullrom"
						},
						"0.4333": {
							"post": [-20.25997, -26.80586, -32.57434],
							"lerp_mode": "catmullrom"
						},
						"0.6": {
							"post": [-23.9175, -29.7, -37.995],
							"lerp_mode": "catmullrom"
						},
						"0.8": {
							"post": [-21.7, -28.7, -34.88],
							"lerp_mode": "catmullrom"
						},
						"0.8333": {
							"post": [-31.24422, -24.42752, -24.75779],
							"lerp_mode": "catmullrom"
						},
						"0.9333": {
							"post": [-18.8, -31.14, -40.64],
							"lerp_mode": "catmullrom"
						},
						"1.0667": {
							"post": [-23.5, -28.58, -33.15],
							"lerp_mode": "catmullrom"
						},
						"1.2": {
							"post": [-21.7, -28.7, -34.88],
							"lerp_mode": "catmullrom"
						},
						"1.4": {
							"post": [-17.7675, -27.92, -32.2225],
							"lerp_mode": "catmullrom"
						},
						"1.6333": {
							"post": [-20.62, -27.38, -33.32],
							"lerp_mode": "catmullrom"
						},
						"1.6667": {
							"post": [-16.47793, -30.71757, -35.60545],
							"lerp_mode": "catmullrom"
						},
						"1.7333": {
							"post": [-22.3525, -25.7475, -32.0675],
							"lerp_mode": "catmullrom"
						},
						"1.8": {
							"post": [-19.83, -27.47, -33.18],
							"lerp_mode": "catmullrom"
						},
						"1.8667": {
							"post": [-20.25997, -26.80586, -32.57434],
							"lerp_mode": "catmullrom"
						},
						"2.0": {
							"post": [-20.25997, -26.80586, -32.57434],
							"lerp_mode": "catmullrom"
						},
						"2.1333": {
							"post": [0, 0, -12.5],
							"lerp_mode": "catmullrom"
						},
						"2.3": {
							"post": [1.48, 1.95, -11.61],
							"lerp_mode": "catmullrom"
						},
						"2.3333": {
							"post": [-3.57, -3.12, -7.73],
							"lerp_mode": "catmullrom"
						},
						"2.4": {
							"post": [-0.6475, -0.6275, -13.205],
							"lerp_mode": "catmullrom"
						},
						"2.4667": {
							"post": [-1.46, -1.3, -12.3675],
							"lerp_mode": "catmullrom"
						},
						"2.5667": {
							"post": [0, 0, -12.5],
							"lerp_mode": "catmullrom"
						},
						"2.7": {
							"post": [0, 0, 0],
							"lerp_mode": "catmullrom"
						},
						"2.8": {
							"post": [5, 0, 0.86],
							"lerp_mode": "catmullrom"
						},
						"2.9": {
							"post": [0, 0, 0],
							"lerp_mode": "catmullrom"
						}
					},
					"position": {
						"0.0": {
							"post": [0, 0, 0],
							"lerp_mode": "catmullrom"
						},
						"0.4667": {
							"post": [-1, 4, -3],
							"lerp_mode": "catmullrom"
						},
						"0.8333": {
							"post": [-1.07, 4.28, -3.21],
							"lerp_mode": "catmullrom"
						},
						"0.8667": {
							"post": [-0.57, 3.78, -3.21],
							"lerp_mode": "catmullrom"
						},
						"1.2333": {
							"post": [-1.07, 4.28, -3.21],
							"lerp_mode": "catmullrom"
						},
						"1.6667": {
							"post": [-1.04, 4.11, -3.07],
							"lerp_mode": "catmullrom"
						},
						"1.7": {
							"post": [-1.28, 4.34, -3.06],
							"lerp_mode": "catmullrom"
						},
						"1.9": {
							"post": [-1, 4, -3],
							"lerp_mode": "catmullrom"
						},
						"2.0333": {
							"post": [-1, 4, -3],
							"lerp_mode": "catmullrom"
						},
						"2.1667": {
							"post": [0, 1, 0],
							"lerp_mode": "catmullrom"
						},
						"2.3333": {
							"post": [0.07, 0.83, 0.22],
							"lerp_mode": "catmullrom"
						},
						"2.4": {
							"post": [0.07, 0.84, 2.21],
							"lerp_mode": "catmullrom"
						},
						"2.6": {
							"post": [0, 1, 0],
							"lerp_mode": "catmullrom"
						},
						"2.7333": {
							"post": [0, 0, 0],
							"lerp_mode": "catmullrom"
						},
						"2.9333": {
							"post": [0, 0, 0],
							"lerp_mode": "catmullrom"
						}
					}
				},
				"mag_and_lefthand": {
					"rotation": {
						"0.0": [0, 0, 0],
						"0.3667": [0, 0, 0],
						"0.7333": {
							"pre": [0, 0, 67.5],
							"post": [0, 0, 67.5],
							"lerp_mode": "catmullrom"
						},
						"0.8667": {
							"post": [0, 0, 67.5],
							"lerp_mode": "catmullrom"
						},
						"0.9": [0, 0, 57.5],
						"0.9333": [0, 0, 45],
						"0.9667": [0, 0, 20],
						"1.0": {
							"pre": [0, 0, -12.5],
							"post": [0, 0, -12.5],
							"lerp_mode": "catmullrom"
						},
						"1.0667": {
							"post": [0, 0, -36.5],
							"lerp_mode": "catmullrom"
						},
						"1.1333": {
							"post": [0, 0, -12.5],
							"lerp_mode": "catmullrom"
						},
						"1.2333": {
							"post": [0, 0, -12.5],
							"lerp_mode": "catmullrom"
						},
						"1.3667": {
							"post": [0, 0, -48.45],
							"lerp_mode": "catmullrom"
						},
						"1.5333": {
							"post": [0, 0, 0],
							"lerp_mode": "catmullrom"
						},
						"1.7": {
							"post": [0, 0, 0],
							"lerp_mode": "catmullrom"
						},
						"1.7333": {
							"post": [0, 0, 0],
							"lerp_mode": "catmullrom"
						}
					},
					"position": {
						"0.0": [0, 0, 0],
						"0.3333": [3, -16, 23],
						"0.7": {
							"pre": [12, 1, 0],
							"post": [12, 1, 0],
							"lerp_mode": "catmullrom"
						},
						"0.8333": {
							"post": [12, 1, 0],
							"lerp_mode": "catmullrom"
						},
						"0.8667": [6, 2, 1],
						"0.9": [6, 1, 1],
						"0.9333": [5, -1, 1],
						"0.9667": {
							"pre": [6, -4, -2],
							"post": [6, -4, -2],
							"lerp_mode": "catmullrom"
						},
						"1.0333": {
							"post": [6.56, -8.19, -2.19],
							"lerp_mode": "catmullrom"
						},
						"1.1": {
							"post": [6.53, -6.99, -2.18],
							"lerp_mode": "catmullrom"
						},
						"1.2": {
							"post": [6, -4, -2],
							"lerp_mode": "catmullrom"
						},
						"1.3333": {
							"post": [4.01, -5.48, -1.34],
							"lerp_mode": "catmullrom"
						},
						"1.5": {
							"post": [0, -4, 0],
							"lerp_mode": "catmullrom"
						},
						"1.6667": {
							"post": [0, -4, 0],
							"lerp_mode": "catmullrom"
						},
						"1.7": {
							"post": [0, 0, 0],
							"lerp_mode": "catmullrom"
						}
					}
				},
				"magazine": {
					"scale": {
						"0.4667": [0, 0, 0],
						"0.5": [1, 1, 1]
					}
				},
				"qiangshuan": {
					"position": {
						"2.3333": {
							"pre": [0, 0, 0],
							"post": [0, 0, 0],
							"lerp_mode": "catmullrom"
						},
						"2.3667": {
							"post": [0, 0, 5],
							"lerp_mode": "catmullrom"
						},
						"2.4333": {
							"post": [0, 0, 5],
							"lerp_mode": "catmullrom"
						},
						"2.5": {
							"post": [0, 0, 0],
							"lerp_mode": "catmullrom"
						}
					}
				},
				"additional_magazine": {
					"rotation": [0, 0, 0],
					"position": {
						"0.8333": [0, 0, 0],
						"0.8667": [0, -5, 0],
						"1.0": [0, -23, 0],
						"2.4": [0, -23, 0],
						"2.4667": [0, 0, 0]
					},
					"scale": {
						"1.0": [1, 1, 1],
						"1.7333": [0, 0, 0],
						"2.3333": [0, 0, 0],
						"2.4": [1, 1, 1]
					}
				},
				"camera": {
					"rotation": {
						"0.0": {
							"post": [0, 0, 0],
							"lerp_mode": "catmullrom"
						},
						"0.3333": {
							"post": [2, 0, 0],
							"lerp_mode": "catmullrom"
						},
						"0.5333": {
							"post": [-1.13, 0, 0],
							"lerp_mode": "catmullrom"
						},
						"0.7333": {
							"post": [0, 0, 0],
							"lerp_mode": "catmullrom"
						},
						"0.8333": {
							"post": [0, 0, 0],
							"lerp_mode": "catmullrom"
						},
						"0.8667": {
							"post": [-4, -4, -4],
							"lerp_mode": "catmullrom"
						},
						"1.0": {
							"post": [2.53, 2.53, 2.53],
							"lerp_mode": "catmullrom"
						},
						"1.1667": {
							"post": [-1.01, -1.01, -1.01],
							"lerp_mode": "catmullrom"
						},
						"1.4": {
							"post": [0, 0, 0],
							"lerp_mode": "catmullrom"
						},
						"1.6667": {
							"post": [0, 0, 0],
							"lerp_mode": "catmullrom"
						},
						"1.7": {
							"post": [2, 2, -2],
							"lerp_mode": "catmullrom"
						},
						"1.8": {
							"post": [-1.12, -1.12, 0.87],
							"lerp_mode": "catmullrom"
						},
						"1.9333": {
							"post": [0.99, 0.99, -0.5],
							"lerp_mode": "catmullrom"
						},
						"2.1333": {
							"post": [0, 0, 0],
							"lerp_mode": "catmullrom"
						},
						"2.3333": {
							"post": [0, 0, 0],
							"lerp_mode": "catmullrom"
						},
						"2.3667": {
							"post": [2, 1, 2],
							"lerp_mode": "catmullrom"
						},
						"2.5": {
							"post": [-0.61, -0.3, -0.61],
							"lerp_mode": "catmullrom"
						},
						"2.7": {
							"post": [0, 0, 0],
							"lerp_mode": "catmullrom"
						},
						"2.8": {
							"post": [0.04, 0.02, 1.04],
							"lerp_mode": "catmullrom"
						},
						"2.9": {
							"post": [0.03, 0.01, -0.24],
							"lerp_mode": "catmullrom"
						},
						"3.0667": {
							"post": [0, 0, 0],
							"lerp_mode": "catmullrom"
						}
					}
				}
			}
		},
		"inspect_empty": {
			"animation_length": 6.5333,
			"bones": {
				"lefthand": {
					"rotation": {
						"0.0": [90.52936, 325.25133, -137.27977],
						"6.1667": [90.52936, 325.25133, -137.27977]
					},
					"position": {
						"0.0": [8.25, -11.375, -18.3125],
						"0.5": [8, -11, -15],
						"1.0667": [8, -11, -15],
						"1.2": [8, -11, -15],
						"2.0": [8, -11, -15],
						"2.4": [13, -15, -1],
						"5.8333": [13, -15, -1],
						"6.1667": [8.25, -11.375, -18.3125]
					},
					"scale": {
						"0.0": [1.3, 1.4, 1],
						"0.5": [1, 1.4, 1],
						"1.0667": [1, 1.5, 1],
						"2.7333": [1, 1.2, 1],
						"6.1667": [1.3, 1.4, 1]
					}
				},
				"righthand": {
					"rotation": {
						"0.0": [95.46536, 24.87192, -177.0413],
						"6.5333": [95.46536, 24.87192, -177.0413]
					},
					"position": {
						"0.0": [-7, -13.25, -10],
						"6.5333": [-7, -13.25, -10]
					},
					"scale": {
						"0.0": [1.3, 1.4, 1],
						"6.5333": [1.3, 1.4, 1]
					}
				},
				"root": {
					"rotation": {
						"0.0": [0, 0, 0],
						"0.5": [-5.44, 62.26, 125.53],
						"1.0667": {
							"pre": [0.05052, 60.63963, 122.25028],
							"post": [0.05052, 60.63963, 122.25028],
							"lerp_mode": "catmullrom"
						},
						"1.2": {
							"post": [-51.76747, 37.8791, 63.73962],
							"lerp_mode": "catmullrom"
						},
						"2.0": {
							"post": [-51.77, 37.88, 63.74],
							"lerp_mode": "catmullrom"
						},
						"2.3333": {
							"post": [-46.3, -3.37, 24.32],
							"lerp_mode": "catmullrom"
						},
						"2.6333": {
							"post": [-65.18944, -40.87033, -11.51069],
							"lerp_mode": "catmullrom"
						},
						"2.9": {
							"post": [-65.18944, -40.87033, -11.51069],
							"lerp_mode": "catmullrom"
						},
						"3.3": {
							"post": [-64.45, -41.98, -11.82],
							"lerp_mode": "catmullrom"
						},
						"3.8": {
							"post": [-64.45, -41.98, -11.82],
							"lerp_mode": "catmullrom"
						},
						"3.8667": {
							"post": [-53.05381, -58.5982, -27.19181],
							"lerp_mode": "catmullrom"
						},
						"5.7": [-65.19, -40.87, -11.51],
						"5.9667": {
							"pre": [10.06489, -15.87044, -3.90856],
							"post": [10.06489, -15.87044, -3.90856],
							"lerp_mode": "catmullrom"
						},
						"6.1667": {
							"post": [0, 0, 0],
							"lerp_mode": "catmullrom"
						},
						"6.5333": [0, 0, 0]
					},
					"position": {
						"0.0": [0, 0, 0],
						"0.5333": [0, -1.35, -0.42],
						"1.1": {
							"pre": [0, -1.3125, -0.375],
							"post": [0, -1.3125, -0.375],
							"lerp_mode": "catmullrom"
						},
						"1.2333": {
							"post": [0, -1.31, -0.37],
							"lerp_mode": "catmullrom"
						},
						"2.0333": {
							"post": [0, -1.31, -0.37],
							"lerp_mode": "catmullrom"
						},
						"2.2667": {
							"post": [-0.62, 1.04, -1.33],
							"lerp_mode": "catmullrom"
						},
						"2.6667": {
							"post": [-1.875, -3.2475, -3.245],
							"lerp_mode": "catmullrom"
						},
						"2.9333": {
							"post": [-1.875, -3.2475, -3.245],
							"lerp_mode": "catmullrom"
						},
						"3.5": {
							"post": [-1.92, -3.33, -3.32],
							"lerp_mode": "catmullrom"
						},
						"4.2333": {
							"post": [-1.92, -3.33, -3.32],
							"lerp_mode": "catmullrom"
						},
						"5.6333": [-1.87, -3.25, -3.24],
						"5.8": [-0.93, -1.62, -4.62],
						"6.0": {
							"pre": [0, 0, 1.5],
							"post": [0, 0, 1.5],
							"lerp_mode": "catmullrom"
						},
						"6.5333": [0, 0, 0]
					}
				},
				"magazine": {
					"rotation": [0, 0, 0]
				},
				"additional_magazine": {
					"rotation": [0, 0, 0]
				},
				"camera": {
					"rotation": {
						"0.0": {
							"post": [0, 0, 0],
							"lerp_mode": "catmullrom"
						},
						"0.2333": {
							"post": [1, 1, -0.06],
							"lerp_mode": "catmullrom"
						},
						"0.5": {
							"post": [0, 0, 0],
							"lerp_mode": "catmullrom"
						},
						"0.6333": {
							"post": [0, 0, 1],
							"lerp_mode": "catmullrom"
						},
						"0.8333": {
							"post": [0, 0, -0.39],
							"lerp_mode": "catmullrom"
						},
						"1.0667": {
							"post": [0, 0, 0],
							"lerp_mode": "catmullrom"
						},
						"1.2": {
							"post": [0, 0, 0],
							"lerp_mode": "catmullrom"
						},
						"1.3333": {
							"post": [0, 0, 1],
							"lerp_mode": "catmullrom"
						},
						"1.5333": {
							"post": [0, 0, -0.39],
							"lerp_mode": "catmullrom"
						},
						"1.7667": {
							"post": [0, 0, 0],
							"lerp_mode": "catmullrom"
						},
						"2.0": {
							"post": [0, 0, 0],
							"lerp_mode": "catmullrom"
						},
						"2.3": {
							"post": [2, 0, 0],
							"lerp_mode": "catmullrom"
						},
						"2.6333": {
							"post": [0, 0, 0],
							"lerp_mode": "catmullrom"
						},
						"2.8333": {
							"post": [-0.14, 0, 1],
							"lerp_mode": "catmullrom"
						},
						"3.0333": {
							"post": [-0.09, 0, -0.39],
							"lerp_mode": "catmullrom"
						},
						"3.3": {
							"post": [0, 0, 0],
							"lerp_mode": "catmullrom"
						},
						"3.7333": {
							"post": [4, 0, 0],
							"lerp_mode": "catmullrom"
						},
						"4.3333": {
							"post": [0, 0, 0],
							"lerp_mode": "catmullrom"
						},
						"5.0": {
							"post": [-7.13, 0, 0],
							"lerp_mode": "catmullrom"
						},
						"5.7": {
							"post": [0, 0, 0],
							"lerp_mode": "catmullrom"
						},
						"6.1667": {
							"post": [0.33, 0, 0],
							"lerp_mode": "catmullrom"
						},
						"6.3333": {
							"post": [0.19, 0, -1],
							"lerp_mode": "catmullrom"
						},
						"6.5": {
							"post": [0, 0, 0],
							"lerp_mode": "catmullrom"
						}
					}
				}
			}
		},
		"inspect": {
			"animation_length": 6.5333,
			"bones": {
				"lefthand": {
					"rotation": {
						"0.0": [90.52936, 325.25133, -137.27977],
						"6.1667": [90.52936, 325.25133, -137.27977]
					},
					"position": {
						"0.0": [8.25, -11.375, -18.3125],
						"0.5": [8, -11, -15],
						"1.0667": [8, -11, -15],
						"1.2": [8, -11, -15],
						"2.0": [8, -11, -15],
						"2.4": [13, -15, -1],
						"5.8333": [13, -15, -1],
						"6.1667": [8.25, -11.375, -18.3125]
					},
					"scale": {
						"0.0": [1.3, 1.4, 1],
						"0.5": [1, 1.4, 1],
						"1.0667": [1, 1.5, 1],
						"2.7333": [1, 1.2, 1],
						"6.1667": [1.3, 1.4, 1]
					}
				},
				"righthand": {
					"rotation": {
						"0.0": [95.46536, 24.87192, -177.0413],
						"6.5333": [95.46536, 24.87192, -177.0413]
					},
					"position": {
						"0.0": [-7, -13.25, -10],
						"6.5333": [-7, -13.25, -10]
					},
					"scale": {
						"0.0": [1.3, 1.4, 1],
						"6.5333": [1.3, 1.4, 1]
					}
				},
				"root": {
					"rotation": {
						"0.0": [0, 0, 0],
						"0.5": [-5.44, 62.26, 125.53],
						"1.0667": {
							"pre": [0.05052, 60.63963, 122.25028],
							"post": [0.05052, 60.63963, 122.25028],
							"lerp_mode": "catmullrom"
						},
						"1.2": {
							"post": [-51.76747, 37.8791, 63.73962],
							"lerp_mode": "catmullrom"
						},
						"2.0": {
							"post": [-51.77, 37.88, 63.74],
							"lerp_mode": "catmullrom"
						},
						"2.3333": {
							"post": [-46.3, -3.37, 24.32],
							"lerp_mode": "catmullrom"
						},
						"2.6333": {
							"post": [-65.18944, -40.87033, -11.51069],
							"lerp_mode": "catmullrom"
						},
						"2.9": {
							"post": [-65.18944, -40.87033, -11.51069],
							"lerp_mode": "catmullrom"
						},
						"3.3": {
							"post": [-64.45, -41.98, -11.82],
							"lerp_mode": "catmullrom"
						},
						"3.8": {
							"post": [-64.45, -41.98, -11.82],
							"lerp_mode": "catmullrom"
						},
						"3.8667": {
							"post": [-53.05381, -58.5982, -27.19181],
							"lerp_mode": "catmullrom"
						},
						"5.7": [-65.19, -40.87, -11.51],
						"5.9667": {
							"pre": [10.06489, -15.87044, -3.90856],
							"post": [10.06489, -15.87044, -3.90856],
							"lerp_mode": "catmullrom"
						},
						"6.1667": {
							"post": [0, 0, 0],
							"lerp_mode": "catmullrom"
						},
						"6.5333": [0, 0, 0]
					},
					"position": {
						"0.0": [0, 0, 0],
						"0.5333": [0, -1.35, -0.42],
						"1.1": {
							"pre": [0, -1.3125, -0.375],
							"post": [0, -1.3125, -0.375],
							"lerp_mode": "catmullrom"
						},
						"1.2333": {
							"post": [0, -1.31, -0.37],
							"lerp_mode": "catmullrom"
						},
						"2.0333": {
							"post": [0, -1.31, -0.37],
							"lerp_mode": "catmullrom"
						},
						"2.2667": {
							"post": [-0.62, 1.04, -1.33],
							"lerp_mode": "catmullrom"
						},
						"2.6667": {
							"post": [-1.875, -3.2475, -3.245],
							"lerp_mode": "catmullrom"
						},
						"2.9333": {
							"post": [-1.875, -3.2475, -3.245],
							"lerp_mode": "catmullrom"
						},
						"3.5": {
							"post": [-1.92, -3.33, -3.32],
							"lerp_mode": "catmullrom"
						},
						"4.2333": {
							"post": [-1.92, -3.33, -3.32],
							"lerp_mode": "catmullrom"
						},
						"5.6333": [-1.87, -3.25, -3.24],
						"5.8": [-0.93, -1.62, -4.62],
						"6.0": {
							"pre": [0, 0, 1.5],
							"post": [0, 0, 1.5],
							"lerp_mode": "catmullrom"
						},
						"6.5333": [0, 0, 0]
					}
				},
				"magazine": {
					"rotation": [0, 0, 0]
				},
				"additional_magazine": {
					"rotation": [0, 0, 0]
				},
				"camera": {
					"rotation": {
						"0.0": {
							"post": [0, 0, 0],
							"lerp_mode": "catmullrom"
						},
						"0.2333": {
							"post": [1, 1, -0.06],
							"lerp_mode": "catmullrom"
						},
						"0.5": {
							"post": [0, 0, 0],
							"lerp_mode": "catmullrom"
						},
						"0.6333": {
							"post": [0, 0, 1],
							"lerp_mode": "catmullrom"
						},
						"0.8333": {
							"post": [0, 0, -0.39],
							"lerp_mode": "catmullrom"
						},
						"1.0667": {
							"post": [0, 0, 0],
							"lerp_mode": "catmullrom"
						},
						"1.2": {
							"post": [0, 0, 0],
							"lerp_mode": "catmullrom"
						},
						"1.3333": {
							"post": [0, 0, 1],
							"lerp_mode": "catmullrom"
						},
						"1.5333": {
							"post": [0, 0, -0.39],
							"lerp_mode": "catmullrom"
						},
						"1.7667": {
							"post": [0, 0, 0],
							"lerp_mode": "catmullrom"
						},
						"2.0": {
							"post": [0, 0, 0],
							"lerp_mode": "catmullrom"
						},
						"2.3": {
							"post": [2, 0, 0],
							"lerp_mode": "catmullrom"
						},
						"2.6333": {
							"post": [0, 0, 0],
							"lerp_mode": "catmullrom"
						},
						"2.8333": {
							"post": [-0.14, 0, 1],
							"lerp_mode": "catmullrom"
						},
						"3.0333": {
							"post": [-0.09, 0, -0.39],
							"lerp_mode": "catmullrom"
						},
						"3.3": {
							"post": [0, 0, 0],
							"lerp_mode": "catmullrom"
						},
						"3.7333": {
							"post": [4, 0, 0],
							"lerp_mode": "catmullrom"
						},
						"4.3333": {
							"post": [0, 0, 0],
							"lerp_mode": "catmullrom"
						},
						"5.0": {
							"post": [-7.13, 0, 0],
							"lerp_mode": "catmullrom"
						},
						"5.7": {
							"post": [0, 0, 0],
							"lerp_mode": "catmullrom"
						},
						"6.1667": {
							"post": [0.33, 0, 0],
							"lerp_mode": "catmullrom"
						},
						"6.3333": {
							"post": [0.19, 0, -1],
							"lerp_mode": "catmullrom"
						},
						"6.5": {
							"post": [0, 0, 0],
							"lerp_mode": "catmullrom"
						}
					}
				}
			}
		},
		"shoot": {
			"animation_length": 0.6667,
			"bones": {
				"bolt": {
					"position": {
						"0.0": [0, 0, 0],
						"0.0333": [0, 0, 6],
						"0.1": [0, 0, 0],
						"0.1667": [0, 0, 0.45],
						"0.2333": [0, 0, 0],
						"0.3": [0, 0, 0.175],
						"0.3667": [0, 0, 0]
					}
				},
				"bullet_in_barrel": {
					"scale": {
						"0.0": [0, 0, 0],
						"0.1667": [0, 0, 0],
						"0.2": [1, 1, 1]
					}
				},
				"root": {
					"rotation": {
						"0.0": {
							"post": [0, 0, 0],
							"lerp_mode": "catmullrom"
						},
						"0.0333": {
							"post": [0.16986, -0.11208, 2.14881],
							"lerp_mode": "catmullrom"
						},
						"0.0667": {
							"post": [-0.96137, -0.23295, -1.21862],
							"lerp_mode": "catmullrom"
						},
						"0.1": {
							"post": [-0.99135, 0.12866, 1.12246],
							"lerp_mode": "catmullrom"
						},
						"0.1667": {
							"post": [0.77838, 0.0674, -0.52417],
							"lerp_mode": "catmullrom"
						},
						"0.2333": {
							"post": [0.27498, -0.0036, 0.17499],
							"lerp_mode": "catmullrom"
						},
						"0.3667": {
							"post": [0.425, -0.2, 0.525],
							"lerp_mode": "catmullrom"
						},
						"0.5": {
							"post": [-0.07, -0.075, -0.05],
							"lerp_mode": "catmullrom"
						},
						"0.6333": {
							"post": [0, 0, 0],
							"lerp_mode": "catmullrom"
						}
					},
					"position": {
						"0.0": {
							"post": [0, 0, 0],
							"lerp_mode": "catmullrom"
						},
						"0.0333": {
							"post": [0, -0.025, 1.7],
							"lerp_mode": "catmullrom"
						},
						"0.0667": {
							"post": [0, -0.075, 1.555],
							"lerp_mode": "catmullrom"
						},
						"0.1667": {
							"post": [0, -0.175, -0.12],
							"lerp_mode": "catmullrom"
						},
						"0.2667": {
							"post": [0, -0.025, 0.1],
							"lerp_mode": "catmullrom"
						},
						"0.3667": {
							"post": [0, 0, 0],
							"lerp_mode": "catmullrom"
						}
					}
				},
				"constraint": {
					"rotation": {
						"0.1667": [0.002, 0.05, 0.006],
						"0.3333": [0, 0, 0]
					},
					"position": {
						"0.1667": [0.01, 0.01, 0.25],
						"0.3333": [0, 0, 0]
					}
				},
				"camera": {
					"rotation": {
						"0.0": {
							"post": [0, 0, 0],
							"lerp_mode": "catmullrom"
						},
						"0.0333": {
							"post": [0, 0, 0.6],
							"lerp_mode": "catmullrom"
						},
						"0.0667": {
							"post": [0, 0, -0.4],
							"lerp_mode": "catmullrom"
						},
						"0.1333": {
							"post": [0, 0, 0.325],
							"lerp_mode": "catmullrom"
						},
						"0.2": {
							"post": [0, 0, -0.225],
							"lerp_mode": "catmullrom"
						},
						"0.2667": {
							"post": [0, 0, 0],
							"lerp_mode": "catmullrom"
						},
						"0.3667": {
							"post": [0, 0, 0],
							"lerp_mode": "catmullrom"
						}
					}
				}
			}
		}
	}
}