{
	"format_version": "1.8.0",
	"animations": {
		"static_idle": {
			"loop": true,
			"bones": {
				"righthand": {
					"rotation": [95, 50, -180],
					"position": [-6, -17.75, -6],
					"scale": [1, 1.5, 1]
				},
				"lefthand": {
					"rotation": [97.5, -7.5, 135],
					"position": [10.65, -17.25, -14],
					"scale": [1, 1.5, 1]
				}
			}
		},
		"shoot": {
			"loop": "hold_on_last_frame",
			"animation_length": 0.7667,
			"bones": {
				"Reciever_move_part": {
					"rotation": {
						"0.0": [0, 0, 0],
						"0.0167": [0, 0, 0],
						"0.0333": [0, 0, 0],
						"0.05": [0, 0, 0],
						"0.2333": [0, 0, 0]
					},
					"position": {
						"0.0": [0, 0, 0],
						"0.0167": [0, 0, 3],
						"0.0333": [0, 0, 7],
						"0.05": [0, 0, 9],
						"0.2333": [0, 0, 0]
					}
				},
				"Reciever_move_part2": {
					"rotation": {
						"0.0": [0, 0, 0],
						"0.1833": [0, 0, 0],
						"0.2": {
							"pre": [0, 0, 0],
							"post": [0, 0, 0],
							"lerp_mode": "catmullrom"
						},
						"0.2333": {
							"post": [0, 0, 0],
							"lerp_mode": "catmullrom"
						}
					},
					"position": {
						"0.0": [0, 1.6, 0],
						"0.1833": [0, 1.6, 0],
						"0.2": {
							"pre": [0, 0, 0],
							"post": [0, 0, 0],
							"lerp_mode": "catmullrom"
						},
						"0.2333": {
							"post": [0, 1.6, 0],
							"lerp_mode": "catmullrom"
						}
					}
				},
				"bone50": {
					"rotation": [0, 0, 0],
					"position": [0, 0, 0],
					"scale": {
						"0.0": {
							"pre": [1, 1, 1],
							"post": [0, 0, 0]
						}
					}
				},
				"root": {
					"rotation": {
						"0.0": {
							"post": [0, 0, 0],
							"lerp_mode": "catmullrom"
						},
						"0.0833": {
							"post": [-1.49963, -0.13069, -0.99335],
							"lerp_mode": "catmullrom"
						},
						"0.3167": {
							"post": [0, 0, 0],
							"lerp_mode": "catmullrom"
						},
						"0.6": {
							"post": [0.49984, -0.06105, 0.74831],
							"lerp_mode": "catmullrom"
						},
						"0.7667": {
							"post": [0, 0, 0],
							"lerp_mode": "catmullrom"
						}
					},
					"position": {
						"0.0": {
							"post": [0, 0, 0],
							"lerp_mode": "catmullrom"
						},
						"0.05": {
							"post": [0, -0.3, 0.68],
							"lerp_mode": "catmullrom"
						},
						"0.0833": {
							"post": [0, -0.25, 1],
							"lerp_mode": "catmullrom"
						},
						"0.45": {
							"post": [0, 0, 0.5],
							"lerp_mode": "catmullrom"
						},
						"0.7667": {
							"post": [0, 0, 0],
							"lerp_mode": "catmullrom"
						}
					}
				},
				"camera": {
					"rotation": {
						"0.0": [0, 0, 0],
						"0.0333": [0.45, 0.33, 2.5],
						"0.0667": [0.62, 0.11, 0.35],
						"0.1": [0.68, -0.15, -1.72],
						"0.1333": [0.55, -0.22, -1.01],
						"0.1667": [0.35, -0.25, 0.52],
						"0.2": [0.15, -0.22, 1.41],
						"0.2333": [0.02, -0.16, 1.03],
						"0.2667": [-0.11, -0.05, 0.13],
						"0.3": [-0.21, 0.05, -0.8],
						"0.3333": [-0.28, 0.13, -1.26],
						"0.3667": [-0.28, 0.15, -1.1],
						"0.4": [-0.24, 0.15, -0.63],
						"0.4333": [-0.19, 0.13, -0.03],
						"0.4667": [-0.14, 0.12, 0.52],
						"0.5": [-0.1, 0.1, 0.83],
						"0.5333": [-0.08, 0.09, 0.86],
						"0.5667": [-0.07, 0.08, 0.8],
						"0.6": [-0.05, 0.06, 0.69],
						"0.6333": [-0.04, 0.05, 0.54],
						"0.6667": [-0.03, 0.03, 0.38],
						"0.7": [-0.02, 0.02, 0.22],
						"0.7333": [-0.01, 0.01, 0.08],
						"0.7667": [0, 0, 0]
					}
				},
				"bone65": {
					"rotation": [0, 0, 0],
					"position": [0, 0, 0],
					"scale": {
						"0.0": {
							"pre": [1, 1, 1],
							"post": [0, 0, 0]
						}
					}
				}
			}
		},
		"reload_empty": {
			"loop": "hold_on_last_frame",
			"animation_length": 5.6,
			"bones": {
				"magazine": {
					"rotation": {
						"0.0": [0, 0, 0],
						"1.15": [0, 0, 0],
						"1.2333": [1, 0, -1],
						"1.3": [-1.5003, -0.01745, 1.49992],
						"1.4": [0, 0, 0],
						"1.95": [0, 0, 0],
						"2.0": [0, 0, 2.5],
						"2.0333": [0, 0, 4.9],
						"2.05": [0, 0, 14.79],
						"2.0667": [0, 0, 16.79],
						"2.0833": [0, 0, 35.78],
						"2.1": [0, 0, 47.84],
						"2.15": [0, 0, 63.91],
						"2.35": [-13.24624, -14.49278, 126.6579],
						"2.5": [-17.22357, -12.36147, 168.86517],
						"2.7": [-17.22357, -12.36147, 168.86517],
						"2.7167": [-17.78002, -15.24838, 165.50349],
						"2.7333": [-17.93772, -15.26316, 163.34999],
						"2.75": [-18.1848, -14.33845, 158.73616],
						"2.9": [-9.05615, -10.66772, 116.82925],
						"2.9333": [-7.69089, -10.29524, 108.11539],
						"2.9667": [-6.2468, -6.81105, 98.95402],
						"2.9833": [-5.78034, -6.74874, 95.73665],
						"3.0": [-3.70889, -6.60365, 81.25034],
						"3.0833": [-0.57622, -2.25799, 34.76199],
						"3.15": [0, 0, 16.79],
						"3.1833": [0, 0, 4.9],
						"3.2": [0, 0, 2.5],
						"3.25": [0, 0, 0],
						"3.35": [0, 0, 2.5],
						"3.4": [0, 0, 0]
					},
					"position": {
						"0.0": [0, 0, 0],
						"1.15": [0, 0, 0],
						"1.2333": [0, 0.25, 0],
						"1.3": [0, 0.37, 0],
						"1.4": [0, 0.5, 0],
						"1.95": [0, 0.5, 0],
						"2.0": [0, 0.5, 0],
						"2.0333": [0.12, 2.06, 0],
						"2.05": [0.19, 2.12, 0],
						"2.0667": {
							"pre": [0.05, 2.31, 0],
							"post": [0.05, 2.31, 0],
							"lerp_mode": "catmullrom"
						},
						"2.0833": [-2.44, 5.43, 0],
						"2.1": [-2.2, 9.1, 0],
						"2.1167": [-1.93, 10.39, 0],
						"2.1333": [-1.19, 12.82, 0],
						"2.15": [0.23, 14.98, 0],
						"2.1833": [2.03, 16.28, -0.22],
						"2.2": [3.84, 17.33, -0.44],
						"2.2333": [6.05, 18.59, -0.83],
						"2.25": [8.12, 19.38, -1.23],
						"2.2833": [10.18, 19.68, -1.62],
						"2.3333": [12.55, 19.91, -2.27],
						"2.35": [13.61, 19.79, -2.66],
						"2.5": [23.825, 17.225, -3.525],
						"2.7": [23.3, 17.45, -3.57],
						"2.7167": [22.78, 17.67, -3.595],
						"2.7333": [21.73, 18.12, -3.705],
						"2.75": [20.15, 18.78, -3.51],
						"2.7667": [19.62, 19, -3.42],
						"2.7833": [18.58, 19.44, -3.235],
						"2.8": [16.99, 20.1, -3.03],
						"2.8167": [16.47, 20.32, -2.9],
						"2.8333": [15.42, 20.76, -2.72],
						"2.85": [13.71, 21.35, -2.415],
						"2.8667": [13.05, 21.5, -2.3],
						"2.8833": [11.74, 21.8, -1.99],
						"2.9": [9.78, 21.96, -1.7],
						"2.9167": [9.13, 21.78, -1.6],
						"2.9333": [7.83, 21.33, -1.43],
						"2.95": [5.87, 20.46, -1.105],
						"2.9667": [5.22, 20.29, -1],
						"2.9833": [4.06, 19.13, -0.86],
						"3.0": [2.32, 17.15, -0.47],
						"3.0167": [1.82, 16.11, -0.42],
						"3.0333": [1.19, 14.03, -0.32],
						"3.05": [1.135, 10.955, -0.16],
						"3.0667": [0.91, 9.82, -0.11],
						"3.0833": [0.76, 7.555, 0],
						"3.15": [0.19, 2.12, 0],
						"3.1833": [0.12, 2.06, 0],
						"3.2": [0, 0.5, 0],
						"3.25": [0, 0.5, 0],
						"3.35": [0, 0.5, 0],
						"3.4": [0, 0, 0]
					},
					"scale": {
						"0.0": [1, 1, 1],
						"1.15": [1, 1, 1],
						"1.4": [1, 1, 1],
						"3.4": [1, 1, 1]
					}
				},
				"Reciever_move_part": {
					"position": {
						"0.0": [0, 0, 0],
						"4.5": [0, 0, 0],
						"4.75": [0, 0, 9],
						"5.0": [0, 0, 9],
						"5.15": {
							"pre": [0, 0, 0],
							"post": [0, 0, 0],
							"lerp_mode": "catmullrom"
						}
					}
				},
				"bone50": {
					"scale": {
						"0.0": [0, 0, 0],
						"2.1667": {"pre": [0, 0, 0], "post": [1, 1, 1]}
					}
				},
				"root": {
					"rotation": {
						"0.05": [0, 0, 0],
						"0.0667": [0.08965, -0.05631, 0],
						"0.0833": [0.32017, -0.20492, 0],
						"0.1833": [3.33693, -2.12632, 0],
						"0.2833": [8.03909, -4.61368, 0],
						"0.35": [12.04308, -6.04374, 0],
						"0.3667": [13.2033, -6.31643, 0],
						"0.3833": [14.46563, -6.53508, 0],
						"0.4": [15.88459, -6.68369, 0],
						"0.4167": [17.62, -6.74, 0],
						"0.4333": [20.54316, -6.3518, 0],
						"0.45": [24.39964, -4.84615, 0],
						"0.4667": [28.59174, -1.59979, 0],
						"0.5": [37.08774, 7.86121, 0],
						"0.5167": [41.19078, 11.71973, 0],
						"0.5333": [45.13068, 14.81207, 0],
						"0.55": [48.88201, 17.32738, 0],
						"0.5667": [52.42958, 19.41155, 0],
						"0.5833": [55.76369, 21.16476, 0],
						"0.6": [58.87963, 22.65665, 0],
						"0.6167": [61.77443, 23.93547, 0],
						"0.6333": [64.44713, 25.03896, 0],
						"0.65": [66.89906, 25.99298, 0],
						"0.6667": [69.13081, 26.81936, 0],
						"0.6833": [71.14507, 27.53517, 0],
						"0.7": [72.94381, 28.15354, 0],
						"0.7167": [74.5299, 28.68533, 0],
						"0.7333": [75.90691, 29.14022, 0],
						"0.75": [77.0754, 29.52492, 0],
						"0.7667": [78.0412, 29.84723, 0],
						"0.7833": [78.80627, 30.11117, 0],
						"0.8": [79.3728, 30.32243, 0],
						"0.8167": [79.7449, 30.48526, 0],
						"0.8333": [79.92557, 30.60338, 0],
						"1.0167": [79.92, 30.52, 0],
						"1.0833": {
							"pre": [82.41, 30.48, 0],
							"post": [82.41, 30.48, 0],
							"lerp_mode": "catmullrom"
						},
						"1.2333": [79.92, 30.52, 0],
						"1.3167": [79.92, 30.52, 0],
						"1.3667": [79.91, 30.2, 0.3],
						"1.45": [79.92, 30.52, 0],
						"1.7167": [79.85, 30.13, 0],
						"1.9": {
							"pre": [78.49, 30.03, 0],
							"post": [78.49, 30.03, 0],
							"lerp_mode": "catmullrom"
						},
						"1.9167": [78.50419, 30.03132, 0],
						"2.0333": [79.59891, 30.12375, 0],
						"2.1": [79.85, 30.13, 0],
						"2.3167": [79.77436, 30.03419, 0],
						"2.5333": [79.70952, 29.93393, 0],
						"2.75": [79.64744, 29.83342, 0],
						"2.9667": [79.58722, 29.73341, 0],
						"3.1833": [79.52872, 29.63461, 0],
						"3.4": [79.47242, 29.53825, 0],
						"3.6167": [79.42088, 29.449, 0],
						"3.6833": [79.41, 29.43, 0],
						"3.7833": {
							"pre": [78.36, 29.54, 1],
							"post": [78.36, 29.54, 1],
							"lerp_mode": "catmullrom"
						},
						"4.0": [79.41, 29.43, 0],
						"4.7167": [78.92557, 30.60338, 0],
						"4.7333": [78.96943, 30.284, 0],
						"4.75": [79.12637, 29.13478, 0],
						"4.7667": [79.4548, 26.70918, 0],
						"4.7833": [80.05014, 22.24896, 0],
						"4.8167": [81.80857, 8.35442, 0],
						"4.8333": [82.30409, 3.8942, 0],
						"4.85": [82.5202, 1.4686, 0],
						"4.8667": [82.565, 0.31938, 0],
						"4.8833": {"pre": [82.5, 0, 0], "post": [82.5, 0, 0]},
						"4.9": [81.85838, -0.11359, 0],
						"4.9167": [80.19884, -0.44356, 0],
						"4.9333": [77.60909, -0.97146, 0],
						"4.95": [74.19428, -1.67519, 0],
						"4.9667": [70.07681, -2.52893, 0],
						"4.9833": [65.39631, -3.50322, 0],
						"5.0": [60.30507, -4.56591, 0],
						"5.05": [44.22345, -7.93409, 0],
						"5.0667": [39.16104, -8.99678, 0],
						"5.0833": [34.5233, -9.97107, 0],
						"5.1": [30.46199, -10.82481, 0],
						"5.1167": [27.11602, -11.52854, 0],
						"5.1333": [24.60713, -12.05644, 0],
						"5.15": [23.03949, -12.38641, 0],
						"5.1667": [22.5, -12.5, 0],
						"5.3667": {
							"pre": [2, 0, 0],
							"post": [2, 0, 0],
							"lerp_mode": "catmullrom"
						},
						"5.5167": [-1, 0, 0],
						"5.5833": [0, 0, 0]
					},
					"position": {
						"0.0": [0, 0, 0],
						"0.0167": [0.00554, 0.00749, -0.05819],
						"0.0333": [0.01919, 0.04614, -0.19369],
						"0.05": [0.03858, 0.11353, -0.37551],
						"0.0667": [0.0626, 0.20756, -0.58896],
						"0.0833": [0.09064, 0.32591, -0.82547],
						"0.1": [0.12229, 0.46643, -1.07946],
						"0.1167": [0.15735, 0.62717, -1.34722],
						"0.1333": [0.19569, 0.80626, -1.626],
						"0.15": [0.23721, 1.00164, -1.91366],
						"0.1667": [0.28191, 1.21145, -2.2086],
						"0.1833": [0.32979, 1.43391, -2.50943],
						"0.2833": [0.68965, 2.92241, -4.38441],
						"0.3333": [0.92497, 3.66518, -5.33231],
						"0.35": [1.01377, 3.89418, -5.64497],
						"0.3667": [1.10869, 4.10778, -5.95456],
						"0.3833": [1.21038, 4.30153, -6.26011],
						"0.4": [1.31976, 4.46972, -6.56041],
						"0.4167": [1.43792, 4.6062, -6.85405],
						"0.4333": [1.56638, 4.70282, -7.1392],
						"0.45": [1.70712, 4.74945, -7.4135],
						"0.4667": [1.86282, 4.73277, -7.67378],
						"0.4833": [2.03759, 4.6348, -7.9153],
						"0.5": [2.23777, 4.43006, -8.13078],
						"0.5167": [2.47424, 4.07954, -8.30777],
						"0.5333": [2.77, 3.52, -8.42],
						"0.55": [3.09495, 2.81588, -8.48005],
						"0.5667": [3.39099, 2.09926, -8.53286],
						"0.5833": [3.65954, 1.3729, -8.57716],
						"0.6": [3.90221, 0.63985, -8.61177],
						"0.6167": [4.12076, -0.09637, -8.63577],
						"0.6333": [4.31722, -0.83166, -8.64899],
						"0.65": [4.49402, -1.56107, -8.65243],
						"0.6667": [4.65404, -2.27854, -8.6483],
						"0.6833": [4.80094, -2.97634, -8.63961],
						"0.7": [4.9394, -3.64425, -8.62939],
						"0.7167": [5.07578, -4.26823, -8.62005],
						"0.7333": [5.21908, -4.82773, -8.61319],
						"0.75": [5.38296, -5.29049, -8.60972],
						"0.7667": [5.59, -5.6, -8.61],
						"0.7833": [5.70665, -5.59553, -8.61142],
						"0.8": [5.76368, -5.59294, -8.61209],
						"1.0167": [5.95106, -5.5805, -8.60974],
						"1.2333": [5.93151, -5.57678, -8.60404],
						"1.45": [5.85351, -5.57621, -8.59972],
						"1.6667": [5.75884, -5.57843, -8.60301],
						"1.7167": [5.75, -5.58, -8.61],
						"1.9": {
							"pre": [5.72, -5.4, -8.62],
							"post": [5.72, -5.4, -8.62],
							"lerp_mode": "catmullrom"
						},
						"2.1167": [5.75, -5.58, -8.61],
						"2.3333": [5.74985, -5.58337, -8.62189],
						"2.55": [5.73789, -5.58507, -8.62319],
						"2.7667": [5.72348, -5.58639, -8.6222],
						"2.9833": [5.70787, -5.58751, -8.62001],
						"3.2": [5.69165, -5.58847, -8.61706],
						"3.4167": [5.67531, -5.58932, -8.61361],
						"3.6333": [5.6605, -5.58998, -8.61012],
						"3.65": [5.66, -5.59, -8.61],
						"3.6667": [5.66, -5.80541, -8.61],
						"3.6833": [5.66, -6.00866, -8.61],
						"3.7": [5.66, -6.1995, -8.61],
						"3.7167": [5.66, -6.37603, -8.61],
						"3.7333": [5.66, -6.53476, -8.61],
						"3.75": [5.66, -6.66949, -8.61],
						"3.7667": [5.66, -6.76808, -8.61],
						"3.7833": [5.66, -6.8, -8.61],
						"4.0": [5.66, -6.59, -8.61],
						"4.2167": [5.6847, -6.59888, -8.60706],
						"4.4333": [5.70021, -6.49873, -8.60452],
						"4.5833": [5.69155, -6.29724, -8.60426],
						"4.6667": [5.66967, -6.0797, -8.60541],
						"4.6833": [5.66206, -6.01774, -8.60587],
						"4.7": [5.65251, -5.94551, -8.60647],
						"4.7167": [5.64003, -5.85883, -8.60725],
						"4.7333": [5.62232, -5.75003, -8.60833],
						"4.75": [5.59, -5.6, -8.61],
						"4.7667": [5.44079, -5.38813, -8.5912],
						"4.7833": [5.16814, -5.12683, -8.5364],
						"4.8": [4.82677, -4.82106, -8.45221],
						"4.8167": [4.44446, -4.47675, -8.34324],
						"4.8333": [4.03796, -4.10032, -8.21285],
						"4.85": [3.61859, -3.69885, -8.06349],
						"4.8667": [3.19481, -3.27998, -7.89699],
						"4.8833": [2.77344, -2.85185, -7.7147],
						"4.9": [2.36033, -2.423, -7.51764],
						"4.9167": [1.9609, -2.00234, -7.30638],
						"4.9333": [1.58042, -1.5989, -7.08129],
						"4.95": [1.22429, -1.22185, -6.84234],
						"4.9667": [0.89832, -0.88025, -6.58907],
						"4.9833": [0.60906, -0.5829, -6.32044],
						"5.0": [0.36413, -0.33848, -6.03444],
						"5.0167": [0.17273, -0.15495, -5.72723],
						"5.0333": [0.04632, -0.03982, -5.39055],
						"5.05": {"pre": [0, 0, -5], "post": [0, 0, -5]},
						"5.0667": [0, 0, -4.50687],
						"5.0833": [0, 0, -3.89678],
						"5.1": [0, 0, -3.15233],
						"5.1167": [0, 0, -2.25724],
						"5.1333": [0, 0, -1.2028],
						"5.15": [0, 0, 0],
						"5.2667": [0, 0, 5],
						"5.5667": [0, 0, 0]
					}
				},
				"righthand": {
					"rotation": {
						"0.0": [95, 50, -180],
						"0.3833": [214.69959, 10.30946, -137.88331],
						"1.0167": [214.69959, 10.30946, -137.88331],
						"1.1": [219.7, 10.31, -137.88],
						"1.1833": [214.69959, 10.30946, -137.88331],
						"1.3833": [214.69959, 10.30946, -137.88331],
						"3.7": [214.69959, 10.30946, -137.88331],
						"4.0": [214.69959, 10.30946, -137.88331],
						"4.1333": [214.69959, 10.30946, -137.88331],
						"4.3": [237.2, 10.31, -137.88],
						"4.6": [187.4, 36.77, -165.96],
						"4.75": [95, 50, -180]
					},
					"position": {
						"0.0": [-6, -17.75, -6],
						"0.25": [-9.47583, -9.17815, 7.68991],
						"0.4667": [-9.47583, -9.17815, 7.68991],
						"0.6333": [-9.47583, -9.17815, 7.68991],
						"0.65": [-9.81755, -9.17815, 7.84171],
						"0.6667": [-10.05256, -9.17815, 8.01053],
						"0.6833": [-10.23209, -9.17815, 8.19119],
						"0.7": [-10.37492, -9.17815, 8.38039],
						"0.7167": [-10.49036, -9.17815, 8.57591],
						"0.7333": [-10.5838, -9.17815, 8.77611],
						"0.75": [-10.65858, -9.17815, 8.97973],
						"0.7667": [-10.71683, -9.17815, 9.18572],
						"0.7833": [-10.76003, -9.17815, 9.39317],
						"0.8": [-10.789, -9.17815, 9.60129],
						"0.8167": [-10.80428, -9.17815, 9.80929],
						"0.8333": [-10.80604, -9.17815, 10.0164],
						"0.85": [-10.79415, -9.17815, 10.22182],
						"0.8667": [-10.76817, -9.17815, 10.42465],
						"0.8833": [-10.72732, -9.17815, 10.62385],
						"0.9": [-10.67035, -9.17815, 10.81817],
						"0.9167": [-10.59564, -9.17815, 11.00601],
						"0.9333": [-10.50059, -9.17815, 11.18518],
						"0.95": [-10.38166, -9.17815, 11.35258],
						"0.9667": [-10.23322, -9.17815, 11.50334],
						"0.9833": [-10.04652, -9.17815, 11.62886],
						"1.0": [-9.80545, -9.17815, 11.71078],
						"1.0167": [-9.47583, -9.17815, 11.68991],
						"1.0333": [-9.44839, -9.17874, 11.64627],
						"1.05": [-9.48566, -9.18601, 11.36511],
						"1.0667": [-9.48765, -9.18454, 11.00475],
						"1.0833": [-9.48, -9.18, 10.69],
						"1.1": [-9.47439, -9.17703, 10.64474],
						"1.1167": [-9.4653, -9.17439, 10.62666],
						"1.1333": [-9.45537, -9.1723, 10.62553],
						"1.15": [-9.44641, -9.17129, 10.64072],
						"1.1667": [-9.43977, -9.17215, 10.67404],
						"1.1833": [-9.43655, -9.17436, 10.72942],
						"1.2": [-9.43769, -9.17624, 10.81416],
						"1.2167": [-9.44407, -9.1774, 10.94281],
						"1.2333": [-9.4565, -9.17798, 11.15262],
						"1.25": [-9.47583, -9.17815, 11.68991],
						"1.2667": [-9.44899, -9.17815, 11.71098],
						"1.4": [-9.47028, -9.17815, 11.72067],
						"1.4333": [-9.47583, -9.17815, 11.68991],
						"1.45": [-9.45128, -9.17815, 11.64619],
						"1.4667": [-9.4357, -9.17815, 11.51618],
						"1.4833": [-9.42016, -9.17815, 11.36498],
						"1.55": [-9.31977, -9.17815, 10.69496],
						"1.5667": [-9.27817, -9.17815, 10.52378],
						"1.5833": [-9.22626, -9.17815, 10.35434],
						"1.6": [-9.16074, -9.17815, 10.18846],
						"1.6167": [-9.07638, -9.17815, 10.02871],
						"1.6333": [-8.96328, -9.17815, 9.87958],
						"1.65": [-8.79831, -9.17815, 9.7513],
						"1.6667": [-8.47583, -9.17815, 9.68991],
						"1.6833": [-8.47575, -9.17815, 9.7158],
						"1.9": [-8.47398, -9.17815, 9.76185],
						"2.1167": [-8.47218, -9.17815, 9.76793],
						"2.3333": [-8.47048, -9.17815, 9.76419],
						"2.55": [-8.46893, -9.17815, 9.7555],
						"2.7667": [-8.46756, -9.17815, 9.74387],
						"2.9833": [-8.4664, -9.17815, 9.73044],
						"3.2": [-8.46554, -9.17815, 9.71602],
						"3.4167": [-8.46506, -9.17815, 9.70137],
						"3.6333": [-8.46516, -9.17815, 9.68742],
						"3.85": [-8.46629, -9.17815, 9.67598],
						"4.0667": [-8.47025, -9.17815, 9.67389],
						"4.1333": [-8.47583, -9.17815, 9.68991],
						"4.15": [-8.50403, -9.15414, 9.82005],
						"4.1667": [-8.60552, -9.06772, 9.89488],
						"4.1833": [-8.81972, -8.88532, 9.94544],
						"4.2": [-9.21359, -8.54992, 9.98151],
						"4.2333": [-10.44059, -7.50509, 10.02647],
						"4.25": [-10.83446, -7.16969, 10.03957],
						"4.2667": [-11.04866, -6.98729, 10.04807],
						"4.2833": [-11.15014, -6.90087, 10.05275],
						"4.3": {
							"pre": [-11.17835, -6.87686, 10.05421],
							"post": [-11.17835, -6.87686, 10.05421],
							"lerp_mode": "catmullrom"
						},
						"4.5": [-11.25463, -7.29943, 5.60274],
						"4.7": {
							"pre": [-10.91, -16.59, -1.82],
							"post": [-10.91, -16.59, -1.82],
							"lerp_mode": "catmullrom"
						},
						"4.75": [-6, -17.75, -6]
					},
					"scale": {
						"0.0": [1, 1.5, 1],
						"4.75": [1, 1.5, 1]
					}
				},
				"move_lock": {
					"rotation": {
						"1.0167": {
							"pre": [0, 0, 0],
							"post": [0, 0, 0],
							"lerp_mode": "catmullrom"
						},
						"1.0667": [0, -7.5, 0],
						"1.2": [0, -7.5, 0],
						"1.25": {"pre": [0, 0, 0], "post": [0, 0, 0]},
						"4.2667": {"pre": [0, 0, 0], "post": [0, 0, 0]},
						"4.3": [0, -7.5, 0],
						"4.45": [0, -7.5, 0],
						"4.4833": {
							"pre": [0, 0, 0],
							"post": [0, 0, 0],
							"lerp_mode": "catmullrom"
						}
					},
					"position": {
						"1.0167": [0, 0, 0],
						"1.0667": [0, 0, -0.6],
						"1.2": [0, 0, -0.6],
						"1.25": [0, 0, 0],
						"4.0": [0, 0, 0],
						"4.2667": [0, 0, 0],
						"4.3": [0, 0, -0.6],
						"4.45": [0, 0, -0.6],
						"4.4833": [0, 0, 0]
					}
				},
				"move_part_whole": {
					"rotation": {
						"1.0667": {
							"pre": [0, 0, 0],
							"post": [0, 0, 0],
							"lerp_mode": "catmullrom"
						},
						"1.3167": [0, 0, 180],
						"4.2": [0, 0, 180],
						"4.45": {
							"pre": [0, 0, 0],
							"post": [0, 0, 0],
							"lerp_mode": "catmullrom"
						}
					},
					"position": {
						"1.0667": {
							"pre": [0, 0, 0],
							"post": [0, 0, 0],
							"lerp_mode": "catmullrom"
						},
						"4.45": {
							"post": [0, 0, 0],
							"lerp_mode": "catmullrom"
						}
					}
				},
				"lefthand_mag": {
					"rotation": {
						"1.7": [0, 0, 0],
						"3.0": [0, 0, 0],
						"3.2833": [-5, 5, 0],
						"3.5667": [0, 0, 0]
					},
					"position": {
						"1.7": [0, 0, -0.5],
						"1.7167": [0, 0, -0.3936],
						"1.7333": [0, 0, -0.06294],
						"1.75": [0, 0, 0.50016],
						"1.7667": [0, 0, 1.28109],
						"1.7833": [0, 0, 2.23679],
						"1.8": [0, 0, 3.29987],
						"1.8167": [0, 0, 4.39425],
						"1.8333": [0, 0, 5.45368],
						"1.85": [0, 0, 6.43208],
						"1.8667": [0, 0, 7.30394],
						"1.8833": [0, 0, 8.05945],
						"1.9": [0, 0, 8.6985],
						"1.9167": [0, 0, 9.22629],
						"1.9333": [0, 0, 9.6503],
						"1.95": [0, 0, 9.97924],
						"1.9667": [0, 0, 10.22111],
						"1.9833": [0, 0, 10.38393],
						"2.0": [0, 0, 10.47477],
						"2.0167": [0, 0, 10.5],
						"2.0333": [-0.01875, -0.01189, 10.50357],
						"2.05": [-0.01427, -0.05569, 10.48779],
						"2.0667": [0.00834, -0.13249, 10.45173],
						"2.0833": [0.04553, -0.24355, 10.39366],
						"2.1": [0.09475, -0.38984, 10.31299],
						"2.1167": [0.15396, -0.57224, 10.20825],
						"2.1333": [0.22167, -0.79259, 10.07774],
						"2.15": [0.29656, -1.05139, 9.92014],
						"2.1667": [0.37761, -1.35004, 9.7335],
						"2.1833": [0.46394, -1.68977, 9.51619],
						"2.2": [0.55478, -2.07163, 9.26628],
						"2.2167": [0.64947, -2.49645, 8.98136],
						"2.2333": [0.7474, -2.96498, 8.65905],
						"2.25": [0.848, -3.47796, 8.29678],
						"2.2667": [0.95076, -4.03566, 7.89187],
						"2.2833": [1.05517, -4.63779, 7.44155],
						"2.3": [1.16074, -5.28373, 6.94296],
						"2.3167": [1.26696, -5.97159, 6.39343],
						"2.3333": [1.3733, -6.6988, 5.79068],
						"2.35": [1.47922, -7.46105, 5.13351],
						"2.3667": [1.58408, -8.25211, 4.42264],
						"2.3833": [1.68718, -9.0632, 3.66187],
						"2.4": [1.7877, -9.88219, 2.8603],
						"2.4167": [1.88465, -10.69287, 2.03504],
						"2.4333": [1.97675, -11.4741, 1.21414],
						"2.45": [2.06234, -12.1988, 0.43864],
						"2.4667": [2.13912, -12.83422, -0.23992],
						"2.4833": [2.2037, -13.34162, -0.76689],
						"2.5": [2.25062, -13.67831, -1.09804],
						"2.5167": [2.27, -13.8, -1.21],
						"3.0": [2.27, -13.8, -1.21],
						"3.0167": [2.26936, -13.69459, -0.99618],
						"3.0333": [2.26752, -13.38838, -0.37505],
						"3.05": [2.26456, -12.89848, 0.61868],
						"3.0667": [2.26062, -12.24542, 1.94338],
						"3.0833": [2.25584, -11.45315, 3.55046],
						"3.1": [2.25038, -10.54901, 5.38447],
						"3.1167": [2.24443, -9.56284, 7.38487],
						"3.1333": [2.23818, -8.52657, 9.48689],
						"3.15": [2.23182, -7.47343, 11.62311],
						"3.1667": [2.22557, -6.43716, 13.72513],
						"3.1833": [2.21962, -5.45099, 15.72553],
						"3.2": [2.21416, -4.54685, 17.55954],
						"3.2167": [2.20938, -3.75458, 19.16662],
						"3.2333": [2.20544, -3.10152, 20.49132],
						"3.25": [2.20248, -2.61162, 21.48505],
						"3.2667": [2.20064, -2.30541, 22.10618],
						"3.2833": [2.2, -2.2, 22.32],
						"3.3": [2.17924, -2.17924, 22.305],
						"3.3167": [2.11602, -2.11602, 22.26038],
						"3.3333": [2.00969, -2.00969, 22.18637],
						"3.35": [1.86149, -1.86149, 22.08276],
						"3.3667": [1.67544, -1.67544, 21.94893],
						"3.3833": [1.45874, -1.45874, 21.78361],
						"3.4": [1.22192, -1.22192, 21.58512],
						"3.4167": [0.97808, -0.97808, 21.35084],
						"3.4333": [0.74126, -0.74126, 21.07716],
						"3.45": [0.52456, -0.52456, 20.75886],
						"3.4667": [0.33851, -0.33851, 20.38846],
						"3.4833": [0.19031, -0.19031, 19.95474],
						"3.5": [0.08398, -0.08398, 19.4396],
						"3.5167": [0.02076, -0.02076, 18.81086],
						"3.5333": [0, 0, 18],
						"3.55": [0, 0, 16.80958],
						"3.5667": [0, 0, 15.14215],
						"3.5833": [0, 0, 13.35594],
						"3.6": [0, 0, 11.9346],
						"3.6167": [0, 0, 10.96661],
						"3.6333": [0, 0, 10.34772],
						"3.65": [0, 0, 9.97708],
						"3.6667": [0, 0, 9.78631],
						"3.6833": [0, 0, 9.73],
						"4.8833": [0, 0, 9.73],
						"5.5": [0, 0, -0.25]
					}
				},
				"lefthand": {
					"rotation": {
						"0.0": [97.5, -7.5, 135],
						"0.3167": [192.53, 38.37, 203.74],
						"1.1833": [192.53, 38.37, 203.74],
						"1.4167": {
							"pre": [349.02441, 55.39682, 290.2113],
							"post": [349.02441, 55.39682, 290.2113],
							"lerp_mode": "catmullrom"
						},
						"1.55": [352.48055, 54.95031, 327.36825],
						"1.7": {
							"pre": [354.98055, 54.95031, 327.36825],
							"post": [354.98055, 54.95031, 327.36825],
							"lerp_mode": "catmullrom"
						},
						"1.7833": [320.44152, 69.93768, 313.21314],
						"1.8667": [305.00333, 57.30272, 299.93021],
						"2.0": {
							"pre": [280.46081, 45.17953, 264.05158],
							"post": [280.46081, 45.17953, 264.05158],
							"lerp_mode": "catmullrom"
						},
						"2.1167": {
							"post": [282.55731, 37.28899, 268.52632],
							"lerp_mode": "catmullrom"
						},
						"2.2833": {
							"post": [280.46081, 17.67953, 256.55158],
							"lerp_mode": "catmullrom"
						},
						"2.9833": [258.24, 5.29, 215.31],
						"3.2167": [246.1844, 62.46497, 198.24882],
						"3.2333": [246.32789, 62.31444, 198.39835],
						"3.25": [246.71425, 61.8945, 198.81551],
						"3.2667": [247.28276, 61.24833, 199.4574],
						"3.2833": [247.97869, 60.41429, 200.28591],
						"3.3": [248.75215, 59.42634, 201.26732],
						"3.3667": [251.7124, 54.53752, 206.12375],
						"3.3833": [252.20372, 53.21745, 207.43507],
						"3.4": [252.50969, 51.91026, 208.7336],
						"3.4167": [252.58599, 50.64183, 209.99363],
						"3.4333": [252.386, 49.43865, 211.18884],
						"3.45": [251.85901, 48.32864, 212.29149],
						"3.4667": [250.95254, 47.34069, 213.2729],
						"3.4833": [249.60659, 46.50664, 214.10142],
						"3.5": [247.75697, 45.86047, 214.74331],
						"3.5167": [245.32955, 45.44053, 215.16047],
						"3.5333": [242.24, 45.29, 215.31],
						"3.55": [238.82219, 44.82491, 214.93127],
						"3.5667": [235.48787, 43.44346, 213.80634],
						"3.5833": [232.26367, 41.17938, 211.96267],
						"3.6": [229.17872, 38.10002, 209.4551],
						"3.6167": [226.26401, 34.30663, 206.3661],
						"3.6333": [223.55085, 29.93595, 202.807],
						"3.65": [221.06867, 25.15835, 198.91654],
						"3.6667": [218.84268, 20.17011, 194.85454],
						"3.6833": [216.89252, 15.18186, 190.79254],
						"3.7": [215.22913, 10.40426, 186.90208],
						"3.7167": [213.85582, 6.03358, 183.34298],
						"3.7333": [212.7679, 2.24019, 180.25398],
						"3.75": [211.95392, -0.83917, 177.74641],
						"3.7667": [211.39759, -3.10325, 175.90274],
						"3.7833": [211.07956, -4.4847, 174.77781],
						"3.8": {
							"pre": [210.97811, -4.94979, 174.39908],
							"post": [210.97811, -4.94979, 174.39908],
							"lerp_mode": "catmullrom"
						},
						"3.95": {
							"post": [216.74175, 7.13571, 163.682],
							"lerp_mode": "catmullrom"
						},
						"4.2": {
							"post": [203.58979, -4.67632, 199.74696],
							"lerp_mode": "catmullrom"
						},
						"4.25": {
							"post": [199.20641, -6.06447, 193.59074],
							"lerp_mode": "catmullrom"
						},
						"4.3": {
							"post": [195.76553, -8.95828, 191.5468],
							"lerp_mode": "catmullrom"
						},
						"4.3333": [195.44437, -8.85336, 190.25381],
						"4.3667": [196.14735, -8.48538, 189.05789],
						"4.5": {
							"pre": [223.36687, -5.4158, 183.80151],
							"post": [223.36687, -5.4158, 183.80151],
							"lerp_mode": "catmullrom"
						},
						"4.6667": [198.98367, -4.3459, 194.74237],
						"4.6833": [198.90918, -4.35131, 194.40121],
						"4.7": [198.68916, -4.36737, 193.38787],
						"4.7167": [198.328, -4.39369, 191.7271],
						"4.7333": [197.82926, -4.42949, 189.4683],
						"4.75": [197.1955, -4.47359, 186.68574],
						"4.7667": [196.42889, -4.52441, 183.47972],
						"4.7833": [195.53036, -4.57996, 179.97521],
						"4.8": [194.50037, -4.63795, 176.31618],
						"4.8167": [193.33815, -4.69594, 172.65716],
						"4.8333": [192.04196, -4.75149, 169.15265],
						"4.85": [190.60846, -4.8023, 165.94663],
						"4.8667": [189.03304, -4.84641, 163.16406],
						"4.8833": [187.30855, -4.88221, 160.90526],
						"4.9": [185.42529, -4.90853, 159.24449],
						"4.9167": [183.36916, -4.92459, 158.23115],
						"4.9333": [181.12, -4.93, 157.89],
						"4.95": [178.56884, -4.94813, 157.7285],
						"4.9667": [175.84641, -4.98943, 157.36072],
						"5.1667": [141.97792, -5.94046, 148.89024],
						"5.2833": [123.17529, -6.5802, 143.19233],
						"5.3667": [110.87897, -7.01673, 139.30429],
						"5.4": [106.42998, -7.17713, 137.87566],
						"5.4167": [104.36022, -7.25207, 137.20823],
						"5.4333": [102.427, -7.32217, 136.58384],
						"5.45": [100.67092, -7.38583, 136.01685],
						"5.4667": [99.15893, -7.44057, 135.52928],
						"5.4833": [98.0111, -7.48187, 135.1615],
						"5.5": [97.5, -7.5, 135]
					},
					"position": {
						"0.0": [10.65, -17.25, -14],
						"0.3167": [10.07151, -12.76643, 10.86188],
						"1.1833": [10.07151, -12.76643, 10.86188],
						"1.3167": [9.56037, -16.04959, 15.85733],
						"1.4167": [5.10523, -14.97282, 16.26275],
						"1.55": [5.81195, -14.69395, 16.1673],
						"1.7": [5.80923, -14.36735, 16.28924],
						"2.2833": [4.06679, -14.20636, 15.32075],
						"3.0": [5.88, -13.52, 12.2],
						"3.0167": [6.92155, -13.51329, 2.74828],
						"3.7333": {
							"pre": [8.48, -12.83, 9.12],
							"post": [8.48, -12.83, 9.12],
							"lerp_mode": "catmullrom"
						},
						"3.75": [8.4928, -12.86608, 9.15314],
						"3.7667": [8.54561, -12.98627, 9.26353],
						"3.7833": [8.68684, -13.21183, 9.4707],
						"3.8": [9.03003, -13.56418, 9.79431],
						"3.8167": [9.48171, -14.05047, 10.24095],
						"3.8333": [9.83112, -14.63234, 10.77537],
						"3.85": [10.10118, -15.21431, 11.30989],
						"3.8667": [10.32321, -15.70084, 11.75674],
						"3.8833": [10.51362, -16.05347, 12.08062],
						"3.9": [10.6815, -16.27926, 12.288],
						"3.9167": [10.83246, -16.39964, 12.39856],
						"3.9333": [10.97039, -16.43587, 12.43184],
						"3.95": [11.09505, -16.43587, 12.41332],
						"3.9667": [11.20284, -16.43587, 12.35833],
						"3.9833": [11.2888, -16.43587, 12.2682],
						"4.0": [11.34526, -16.43587, 12.14561],
						"4.0167": [11.36043, -16.43587, 11.9946],
						"4.0333": [11.31562, -16.43587, 11.82061],
						"4.05": [11.18592, -16.43587, 11.63042],
						"4.0833": [10.75485, -16.43587, 11.23326],
						"4.1": [10.62515, -16.43587, 11.04307],
						"4.1167": [10.58035, -16.43587, 10.86908],
						"4.1333": [10.59551, -16.43587, 10.71806],
						"4.15": [10.65197, -16.43587, 10.59548],
						"4.1667": [10.73793, -16.43587, 10.50535],
						"4.1833": [10.84573, -16.43587, 10.45035],
						"4.2": [10.97039, -16.43587, 10.43184],
						"4.2333": [11.96793, -14.91151, 10.60284],
						"4.3": [9.34004, -12.76774, 10.24554],
						"4.3667": [7.40879, -13.70746, 10.0492],
						"4.4333": [7.43286, -15.93959, 10.21507],
						"4.5167": [9.06283, -17.93412, 9.31959],
						"4.6667": [10.39119, -19.43002, 4.63931],
						"4.9333": [10.47, -18.73, -1.33],
						"5.5": [10.65, -17.25, -14]
					},
					"scale": {
						"0.0": [1, 1.5, 1],
						"5.5": [1, 1.5, 1]
					}
				},
				"bone65": {
					"scale": {
						"0.0": [1, 1, 1],
						"2.9833": [0, 0, 0],
						"3.0": [1, 1, 1]
					}
				},
				"camera": {
					"rotation": {
						"0.0": {
							"post": [0, 0, 0],
							"lerp_mode": "catmullrom"
						},
						"0.7833": {
							"post": [0, 0, 0],
							"lerp_mode": "catmullrom"
						},
						"0.8333": {
							"post": [0.25, 0.5, 0],
							"lerp_mode": "catmullrom"
						},
						"0.8833": {
							"post": [0, 0, 0],
							"lerp_mode": "catmullrom"
						},
						"1.8167": {
							"post": [0, 0, 0],
							"lerp_mode": "catmullrom"
						},
						"1.8833": {
							"post": [-0.75, -0.25, 0.75],
							"lerp_mode": "catmullrom"
						},
						"1.95": {
							"post": [0, 0, 0],
							"lerp_mode": "catmullrom"
						},
						"4.4": {
							"post": [0, 0, 0],
							"lerp_mode": "catmullrom"
						},
						"4.45": {
							"post": [0, -0.5, 0.5],
							"lerp_mode": "catmullrom"
						},
						"4.5": {
							"post": [0, 0, 0],
							"lerp_mode": "catmullrom"
						},
						"5.2": {
							"post": [0, 0, 0],
							"lerp_mode": "catmullrom"
						},
						"5.2667": {
							"post": [0.5, -0.75, 0.5],
							"lerp_mode": "catmullrom"
						},
						"5.3333": {
							"post": [0, 0, 0],
							"lerp_mode": "catmullrom"
						}
					},
					"position": {
						"0.0": {
							"post": [0, 0, 0],
							"lerp_mode": "catmullrom"
						},
						"0.7833": {
							"post": [0, 0, 0],
							"lerp_mode": "catmullrom"
						},
						"0.8833": {
							"post": [0, 0, 0],
							"lerp_mode": "catmullrom"
						},
						"1.8167": {
							"post": [0, 0, 0],
							"lerp_mode": "catmullrom"
						},
						"1.95": {
							"post": [0, 0, 0],
							"lerp_mode": "catmullrom"
						},
						"4.4": {
							"post": [0, 0, 0],
							"lerp_mode": "catmullrom"
						},
						"4.5": {
							"post": [0, 0, 0],
							"lerp_mode": "catmullrom"
						},
						"5.2": {
							"post": [0, 0, 0],
							"lerp_mode": "catmullrom"
						},
						"5.3333": {
							"post": [0, 0, 0],
							"lerp_mode": "catmullrom"
						}
					}
				},
				"mag": {
					"rotation": {
						"1.2167": [0, 0, 0],
						"2.0167": [0, 0, 0],
						"2.15": [0.74, -5, 0],
						"2.2167": {
							"pre": [-5.88, -5, 0],
							"post": [-5.88, -5, 0],
							"lerp_mode": "catmullrom"
						},
						"2.25": {
							"post": [-4.66, -3.86, 0.37],
							"lerp_mode": "catmullrom"
						},
						"2.2833": {
							"post": [-5.09371, -2.41386, 0.6508],
							"lerp_mode": "catmullrom"
						},
						"3.0": [0, 0, 0],
						"3.55": [0, 0, 0],
						"3.6": [0, 0, 0]
					},
					"position": {
						"1.2167": [0, 0, -0.3],
						"1.25": [0, 0, 0.5],
						"1.7667": [0, 0, 0.5],
						"1.8833": {
							"pre": [0, 0.02, 1.97],
							"post": [0, 0.02, 1.97],
							"lerp_mode": "catmullrom"
						},
						"2.0": {
							"post": [-1.44352, 0, 3.8905],
							"lerp_mode": "catmullrom"
						},
						"2.2833": [-1.63086, -0.27976, 5.10393],
						"2.4": [-1.63086, -0.27976, 5.10393],
						"2.5167": [0, 0, 0.21],
						"3.25": [0, 0, -0.3],
						"3.6": [0, 0, -0.3],
						"3.65": [0, 0, -10.5]
					}
				}
			},
			"sound_effects": {
				"1.0333": {
					"effect": "zeta:gr8/r1"
				},
				"1.0833": {
					"effect": "zeta:gr8/r2"
				},
				"1.6": {
					"effect": "zeta:gr8/r3"
				},
				"3.5": {
					"effect": "zeta:gr8/r4"
				},
				"4.25": {
					"effect": "zeta:gr8/r5"
				},
				"4.5": {
					"effect": "zeta:gr8/r6"
				}
			}
		},
		"inspect": {
			"animation_length": 5.9333,
			"bones": {
				"root": {
					"rotation": {
						"0.0": [0, 0, 0],
						"0.0333": [0.54, -0.47, 0.14],
						"0.0667": [1.38, -1.07, 0.37],
						"0.1": [2.25, -1.86, 0.59],
						"0.1333": [2.89, -2.96, 0.7],
						"0.1667": [3.05, -4.43, 0.61],
						"0.2": [2.22, -6.76, 0.96],
						"0.2333": [0.66, -9.55, 1.59],
						"0.2667": [-0.91, -12.93, 1.02],
						"0.3": [-1.74, -16.97, -2.22],
						"0.3333": [-1.7, -19.17, -5.12],
						"0.3667": [-1.43, -21.74, -9.1],
						"0.4": [-0.99, -24.56, -13.83],
						"0.4333": [-0.46, -27.51, -18.99],
						"0.4667": [0.1, -30.46, -24.25],
						"0.5": [0.62, -33.28, -29.31],
						"0.5333": [1.04, -35.87, -33.83],
						"0.5667": [1.29, -38.08, -37.5],
						"0.6": [1.3, -39.79, -39.99],
						"0.6333": [0.65, -41.68, -41.55],
						"0.6667": [-0.59, -42.49, -40.56],
						"0.7": [-2.04, -42.64, -38.26],
						"0.7333": [-3.33, -42.55, -35.84],
						"0.7667": [-4.07, -42.64, -34.55],
						"0.8": [-4.05, -42.91, -34.67],
						"0.8333": [-3.42, -42.99, -35.46],
						"0.8667": [-2.66, -42.98, -36.33],
						"0.9": [-2.23, -42.96, -36.72],
						"0.9333": [-2.25, -42.94, -36.54],
						"0.9667": [-2.39, -42.89, -36.11],
						"1.0": [-2.61, -42.83, -35.55],
						"1.0333": [-2.87, -42.76, -34.97],
						"1.0667": [-3.12, -42.69, -34.49],
						"1.1": [-3.31, -42.65, -34.21],
						"1.1333": [-3.34, -42.65, -34.19],
						"1.1667": [-3.38, -42.64, -34.19],
						"1.2": [-3.41, -42.64, -34.21],
						"1.2333": [-3.44, -42.64, -34.25],
						"1.2667": [-3.47, -42.63, -34.3],
						"1.3": [-3.49, -42.63, -34.37],
						"1.3333": [-3.52, -42.63, -34.45],
						"1.3667": [-3.54, -42.63, -34.53],
						"1.4": [-3.57, -42.64, -34.62],
						"1.4333": [-3.59, -42.64, -34.72],
						"1.4667": [-3.62, -42.64, -34.81],
						"1.5": [-3.64, -42.64, -34.91],
						"1.5333": [-3.66, -42.64, -35],
						"1.5667": [-3.69, -42.65, -35.08],
						"1.6": [-3.71, -42.65, -35.15],
						"1.6333": [-3.74, -42.65, -35.21],
						"1.6667": [-3.76, -42.65, -35.25],
						"1.7": [-3.79, -42.65, -35.28],
						"1.7333": [-3.82, -42.65, -35.29],
						"1.7667": [-3.85, -42.65, -35.27],
						"1.8": [-3.88, -42.65, -35.23],
						"1.8333": [-3.91, -42.65, -35.17],
						"1.8667": [-3.95, -42.65, -35.07],
						"1.9": [-4.11, -42.65, -34.51],
						"1.9333": [-4.33, -42.66, -33.67],
						"1.9667": [-4.56, -42.67, -32.64],
						"2.0": [-4.78, -42.67, -31.55],
						"2.0333": [-4.95, -42.65, -30.5],
						"2.0667": [-5.05, -42.6, -29.62],
						"2.1": [-5.03, -42.51, -29.01],
						"2.1333": [-4.87, -42.5, -29],
						"2.1667": [-4.57, -42.61, -29.53],
						"2.2": [-4.18, -42.77, -30.34],
						"2.2333": [-3.75, -42.87, -31.15],
						"2.2667": [-3.35, -42.83, -31.69],
						"2.3": [-3.01, -42.57, -31.7],
						"2.3333": [-2.78, -41.99, -30.9],
						"2.3667": [-2.73, -41, -29.02],
						"2.4": [-2.73, -39.58, -26.06],
						"2.4333": [-2.67, -37.77, -22.26],
						"2.4667": [-2.64, -35.66, -17.76],
						"2.5": [-2.73, -33.31, -12.67],
						"2.5333": [-3, -30.81, -7.12],
						"2.5667": [-3.56, -28.23, -1.21],
						"2.6": [-4.47, -25.64, 4.91],
						"2.6333": [-5.82, -23.11, 11.14],
						"2.6667": [-7.59, -20.75, 17.25],
						"2.7": [-9.94, -18.13, 24.27],
						"2.7333": [-12.69, -15.36, 31.86],
						"2.7667": [-15.69, -12.54, 39.7],
						"2.8": [-18.75, -9.78, 47.44],
						"2.8333": [-21.72, -7.19, 54.76],
						"2.8667": [-24.41, -4.87, 61.31],
						"2.9": [-26.66, -2.94, 66.78],
						"2.9333": [-28.3, -1.49, 70.81],
						"2.9667": [-29.53, -0.41, 73.78],
						"3.0": [-30.05, -0.06, 74.78],
						"3.0333": [-30.06, -0.22, 74.35],
						"3.0667": [-29.75, -0.7, 73.01],
						"3.1": [-29.32, -1.31, 71.31],
						"3.1333": [-28.94, -1.82, 69.78],
						"3.1667": [-28.83, -2.05, 68.95],
						"3.2": [-28.95, -2.06, 68.44],
						"3.2333": [-29.07, -2.03, 67.82],
						"3.2667": [-29.19, -1.97, 67.22],
						"3.3": [-29.31, -1.88, 66.77],
						"3.3333": [-29.41, -1.74, 66.6],
						"3.3667": [-29.53, -1.33, 67.15],
						"3.4": [-29.61, -0.82, 68.24],
						"3.4333": [-29.69, -0.51, 69.06],
						"3.4667": [-29.76, -0.56, 69.21],
						"3.5": [-29.82, -0.78, 69.15],
						"3.5333": [-29.87, -1.02, 69.07],
						"3.5667": [-29.91, -1.13, 69.18],
						"3.6": [-29.92, -1.12, 69.29],
						"3.6333": [-29.93, -1.08, 69.45],
						"3.6667": [-29.94, -1.02, 69.64],
						"3.7": [-29.95, -0.95, 69.85],
						"3.7333": [-29.96, -0.87, 70.07],
						"3.7667": [-29.97, -0.78, 70.3],
						"3.8": [-29.97, -0.7, 70.51],
						"3.8333": [-29.97, -0.63, 70.72],
						"3.8667": [-29.95, -0.57, 70.89],
						"3.9": [-29.93, -0.52, 71.03],
						"3.9333": [-29.91, -0.51, 71.12],
						"3.9667": [-29.89, -0.5, 71.18],
						"4.0": [-29.88, -0.5, 71.24],
						"4.0333": [-29.88, -0.49, 71.3],
						"4.0667": [-29.88, -0.49, 71.36],
						"4.1": [-29.88, -0.49, 71.42],
						"4.1333": [-29.87, -0.5, 71.46],
						"4.1667": [-29.86, -0.51, 71.49],
						"4.2": [-29.85, -0.53, 71.5],
						"4.2333": [-29.81, -0.56, 71.49],
						"4.2667": [-29.76, -0.61, 71.44],
						"4.3": [-29.7, -0.66, 71.37],
						"4.3333": [-29.61, -0.74, 71.26],
						"4.3667": [-29.49, -0.83, 71.1],
						"4.4": [-29.34, -0.93, 70.9],
						"4.4333": [-29.16, -1.06, 70.66],
						"4.4667": [-28.73, -1.38, 69.97],
						"4.5": [-28.23, -1.75, 69.12],
						"4.5333": [-27.66, -2.18, 68.12],
						"4.5667": [-26.97, -2.68, 66.97],
						"4.6": [-26.16, -3.25, 65.7],
						"4.6333": [-25.19, -3.9, 64.32],
						"4.6667": [-24.04, -4.64, 62.84],
						"4.7": [-22.42, -5.78, 61.15],
						"4.7333": [-20.54, -7.22, 59.5],
						"4.7667": [-18.45, -8.77, 57.68],
						"4.8": [-16.22, -10.22, 55.52],
						"4.8333": [-13.93, -11.39, 52.83],
						"4.8667": [-11.62, -12.05, 49.41],
						"4.9": [-9.97, -12.17, 46.5],
						"4.9333": [-8.15, -12.09, 42.99],
						"4.9667": [-6.21, -11.84, 39.06],
						"5.0": [-4.24, -11.46, 34.9],
						"5.0333": [-2.31, -10.98, 30.68],
						"5.0667": [-0.5, -10.45, 26.57],
						"5.1": [1.11, -9.89, 22.76],
						"5.1333": [2.46, -9.36, 19.43],
						"5.1667": [3.46, -8.87, 16.74],
						"5.2": [4.35, -7.99, 13.44],
						"5.2333": [4.39, -6.99, 11.46],
						"5.2667": [3.91, -5.95, 10.26],
						"5.3": [3.28, -4.95, 9.29],
						"5.3333": [2.85, -4.05, 8.01],
						"5.3667": [2.5, -3.05, 5.88],
						"5.4": [2.06, -2.11, 3.72],
						"5.4333": [1.62, -1.32, 1.86],
						"5.4667": [1.26, -0.73, 0.59],
						"5.5": [0.95, -0.36, 0.25],
						"5.5333": [0.73, -0.32, 0.78],
						"5.5667": [0.54, -0.32, 1.08],
						"5.6": [0.41, -0.29, 0.86],
						"5.6333": [0.29, -0.29, 0.5],
						"5.6667": [0.18, -0.29, 0.08],
						"5.7": [0.09, -0.29, -0.29],
						"5.7333": [0.02, -0.28, -0.5],
						"5.7667": [-0.02, -0.22, -0.51],
						"5.8": [-0.02, -0.13, -0.35],
						"5.8333": [-0.01, -0.05, -0.14],
						"5.8667": [0, 0, 0]
					},
					"position": {
						"0.0": [0, 0, 0],
						"0.0333": [0.11, -0.06, -0.12],
						"0.0667": [0.26, -0.17, -0.29],
						"0.1": [0.45, -0.27, -0.49],
						"0.1333": [0.65, -0.31, -0.72],
						"0.1667": [0.86, -0.26, -0.98],
						"0.2": [1.06, -0.1, -1.24],
						"0.2333": [1.29, 0.15, -1.56],
						"0.2667": [1.53, 0.45, -1.89],
						"0.3": [1.76, 0.75, -2.22],
						"0.3333": [1.95, 1.01, -2.5],
						"0.3667": [2.1, 1.2, -2.7],
						"0.4": [2.22, 1.36, -2.86],
						"0.4333": [2.21, 1.38, -2.84],
						"0.4667": [2.2, 1.32, -2.8],
						"0.5": [2.22, 1.26, -2.79],
						"0.5333": [2.24, 1.17, -2.78],
						"0.5667": [2.26, 1.05, -2.76],
						"0.6": [2.28, 0.95, -2.73],
						"0.6333": [2.3, 0.86, -2.71],
						"0.6667": [2.3, 0.83, -2.7],
						"0.7": [2.28, 0.87, -2.69],
						"0.7333": [2.24, 1, -2.69],
						"0.7667": [2.2, 1.14, -2.69],
						"0.8": [2.19, 1.23, -2.69],
						"0.8333": [2.19, 1.25, -2.69],
						"0.8667": [2.2, 1.26, -2.69],
						"0.9": [2.22, 1.26, -2.7],
						"0.9333": [2.24, 1.26, -2.7],
						"0.9667": [2.26, 1.25, -2.7],
						"1.0": [2.28, 1.24, -2.7],
						"1.0333": [2.29, 1.23, -2.7],
						"1.0667": [2.3, 1.23, -2.7],
						"1.1": [2.3, 1.22, -2.7],
						"1.1333": [2.3, 1.22, -2.7],
						"1.1667": [2.3, 1.22, -2.7],
						"1.2": [2.3, 1.22, -2.69],
						"1.2333": [2.3, 1.22, -2.69],
						"1.2667": [2.3, 1.22, -2.69],
						"1.3": [2.3, 1.22, -2.69],
						"1.3333": [2.3, 1.22, -2.69],
						"1.3667": [2.3, 1.21, -2.69],
						"1.4": [2.3, 1.21, -2.68],
						"1.4333": [2.3, 1.21, -2.68],
						"1.4667": [2.3, 1.21, -2.68],
						"1.5": [2.29, 1.21, -2.68],
						"1.5333": [2.29, 1.2, -2.67],
						"1.5667": [2.29, 1.2, -2.67],
						"1.6": [2.29, 1.2, -2.67],
						"1.6333": [2.29, 1.19, -2.66],
						"1.6667": [2.29, 1.19, -2.66],
						"1.7": [2.28, 1.18, -2.65],
						"1.7333": [2.28, 1.18, -2.65],
						"1.7667": [2.28, 1.17, -2.65],
						"1.8": [2.28, 1.16, -2.64],
						"1.8333": [2.28, 1.15, -2.64],
						"1.8667": [2.28, 1.14, -2.63],
						"1.9": [2.28, 1.09, -2.6],
						"1.9333": [2.28, 1.01, -2.57],
						"1.9667": [2.29, 0.92, -2.53],
						"2.0": [2.29, 0.84, -2.49],
						"2.0333": [2.29, 0.76, -2.45],
						"2.0667": [2.3, 0.72, -2.43],
						"2.1": [2.3, 0.71, -2.42],
						"2.1333": [2.3, 0.73, -2.43],
						"2.1667": [2.31, 0.78, -2.43],
						"2.2": [2.31, 0.85, -2.45],
						"2.2333": [2.32, 0.93, -2.46],
						"2.2667": [2.32, 1.02, -2.48],
						"2.3": [2.33, 1.1, -2.5],
						"2.3333": [2.33, 1.19, -2.53],
						"2.3667": [2.33, 1.26, -2.57],
						"2.4": [2.33, 1.32, -2.62],
						"2.4333": [2.33, 1.36, -2.67],
						"2.4667": [2.32, 1.35, -2.77],
						"2.5": [2.31, 1.27, -2.88],
						"2.5333": [2.3, 1.17, -3],
						"2.5667": [2.28, 1.1, -3.15],
						"2.6": [2.26, 1.09, -3.34],
						"2.6333": [2.23, 1.2, -3.56],
						"2.6667": [2.21, 1.36, -3.75],
						"2.7": [2.17, 1.6, -3.99],
						"2.7333": [2.14, 1.88, -4.26],
						"2.7667": [2.1, 2.2, -4.54],
						"2.8": [2.06, 2.52, -4.82],
						"2.8333": [2.03, 2.84, -5.08],
						"2.8667": [2, 3.12, -5.31],
						"2.9": [1.97, 3.34, -5.5],
						"2.9333": [1.96, 3.49, -5.62],
						"2.9667": [1.95, 3.55, -5.67],
						"3.0": [1.94, 3.56, -5.67],
						"3.0333": [1.95, 3.52, -5.62],
						"3.0667": [1.95, 3.44, -5.54],
						"3.1": [1.96, 3.34, -5.44],
						"3.1333": [1.97, 3.24, -5.34],
						"3.1667": [1.98, 3.14, -5.24],
						"3.2": [1.99, 3.06, -5.16],
						"3.2333": [2, 3.02, -5.11],
						"3.2667": [2, 2.99, -5.09],
						"3.3": [2.01, 2.98, -5.08],
						"3.3333": [2.01, 2.98, -5.09],
						"3.3667": [2.02, 2.99, -5.1],
						"3.4": [2.02, 3, -5.12],
						"3.4333": [2.02, 3.01, -5.13],
						"3.4667": [2.03, 3.01, -5.14],
						"3.5": [2.03, 3.01, -5.14],
						"3.5333": [2.04, 3.01, -5.14],
						"3.5667": [2.04, 3, -5.14],
						"3.6": [2.05, 3, -5.15],
						"3.6333": [2.05, 3, -5.15],
						"3.6667": [2.06, 2.99, -5.15],
						"3.7": [2.06, 2.99, -5.15],
						"3.7333": [2.07, 2.98, -5.15],
						"3.7667": [2.07, 2.98, -5.15],
						"3.8": [2.08, 2.98, -5.16],
						"3.8333": [2.08, 2.97, -5.16],
						"3.8667": [2.09, 2.97, -5.16],
						"3.9": [2.09, 2.97, -5.16],
						"3.9333": [2.1, 2.97, -5.16],
						"3.9667": [2.1, 2.97, -5.16],
						"4.0": [2.11, 2.97, -5.16],
						"4.0333": [2.12, 2.98, -5.16],
						"4.0667": [2.12, 2.99, -5.16],
						"4.1": [2.13, 3.01, -5.16],
						"4.1333": [2.14, 3.02, -5.16],
						"4.1667": [2.14, 3.03, -5.16],
						"4.2": [2.15, 3.04, -5.16],
						"4.2333": [2.15, 3.04, -5.16],
						"4.2667": [2.15, 3.05, -5.16],
						"4.3": [2.16, 3.06, -5.16],
						"4.3333": [2.16, 3.07, -5.16],
						"4.3667": [2.17, 3.08, -5.17],
						"4.4": [2.17, 3.09, -5.17],
						"4.4333": [2.17, 3.09, -5.16],
						"4.4667": [2.16, 3.08, -5.15],
						"4.5": [2.14, 3.04, -5.14],
						"4.5333": [2.12, 2.99, -5.11],
						"4.5667": [2.08, 2.86, -5.06],
						"4.6": [2.05, 2.69, -5],
						"4.6333": [2, 2.49, -4.93],
						"4.6667": [1.93, 2.28, -4.85],
						"4.7": [1.82, 2.06, -4.74],
						"4.7333": [1.65, 1.87, -4.61],
						"4.7667": [1.44, 1.71, -4.49],
						"4.8": [1.15, 1.54, -4.37],
						"4.8333": [0.83, 1.38, -4.24],
						"4.8667": [0.49, 1.22, -4.09],
						"4.9": [0.18, 1.07, -3.91],
						"4.9333": [-0.07, 0.92, -3.68],
						"4.9667": [-0.24, 0.78, -3.4],
						"5.0": [-0.32, 0.66, -3.08],
						"5.0333": [-0.33, 0.55, -2.69],
						"5.0667": [-0.3, 0.44, -2.25],
						"5.1": [-0.24, 0.33, -1.8],
						"5.1333": [-0.17, 0.24, -1.34],
						"5.1667": [-0.09, 0.15, -0.92],
						"5.2": [-0.03, 0.07, -0.56],
						"5.2333": [0, 0, -0.29],
						"5.2667": [0.01, -0.07, -0.05],
						"5.3": [0.02, -0.12, 0.08],
						"5.3333": [0.02, -0.15, 0.13],
						"5.3667": [0.01, -0.17, 0.15],
						"5.4": [0, -0.18, 0.14],
						"5.4333": [0, -0.19, 0.14],
						"5.4667": [0, -0.18, 0.15],
						"5.5": [0, -0.17, 0.13],
						"5.5333": [0, -0.15, 0.09],
						"5.5667": [0, -0.12, 0.05],
						"5.6": [0, -0.09, 0.01],
						"5.6333": [0, -0.07, -0.03],
						"5.6667": [0, -0.05, -0.05],
						"5.7": [0, -0.04, -0.06],
						"5.7333": [0, -0.03, -0.05],
						"5.7667": [0, -0.02, -0.05],
						"5.8": [0, -0.02, -0.04],
						"5.8333": [0, -0.01, -0.03],
						"5.8667": [0, -0.01, -0.01],
						"5.9": [0, 0, -0.01],
						"5.9333": [0, 0, 0]
					}
				},
				"righthand": {
					"rotation": {
						"0.0": [95, 50, -180],
						"0.1667": [94.35, 18.68, -173.87],
						"2.7333": [94.35, 18.68, -173.87],
						"2.9333": [94.24122, 13.69402, -174.25984],
						"4.7667": [94.24122, 13.69402, -174.25984],
						"5.1333": [94.34676, 18.67616, -173.86647],
						"5.8667": [95, 50, -180]
					},
					"position": {
						"0.0": [-6, -17.75, -6],
						"5.8667": [-6, -17.75, -6]
					},
					"scale": {
						"0.0": [1, 1.5, 1],
						"5.8667": [1, 1.5, 1]
					}
				},
				"lefthand": {
					"rotation": {
						"0.0": [97.5, -7.5, 135],
						"0.2": [99.48, -7.5, 172.92],
						"0.5667": [97.5, -7.5, 135],
						"5.8667": [97.5, -7.5, 135]
					},
					"position": {
						"0.0": [10.65, -17.25, -14],
						"5.8667": [10.65, -17.25, -14]
					},
					"scale": {
						"0.0": [1, 1.5, 1],
						"5.8667": [1, 1.5, 1]
					}
				},
				"camera": {
					"rotation": {
						"0.0": [0, 0, 0],
						"0.0333": [0.04, -0.01, -0.02],
						"0.0667": [0.11, -0.03, -0.06],
						"0.1": [0.2, -0.05, -0.12],
						"0.1333": [0.29, -0.07, -0.18],
						"0.1667": [0.38, -0.09, -0.22],
						"0.2": [0.45, -0.1, -0.24],
						"0.2333": [0.5, -0.09, -0.22],
						"0.2667": [0.52, -0.06, -0.14],
						"0.3": [0.5, 0, 0],
						"0.3333": [0.43, 0.1, 0.24],
						"0.3667": [0.3, 0.23, 0.58],
						"0.4": [0.15, 0.39, 0.99],
						"0.4333": [-0.03, 0.57, 1.44],
						"0.4667": [-0.22, 0.75, 1.9],
						"0.5": [-0.41, 0.93, 2.34],
						"0.5333": [-0.58, 1.09, 2.73],
						"0.5667": [-0.72, 1.23, 3.04],
						"0.6": [-0.82, 1.33, 3.23],
						"0.6333": [-0.94, 1.46, 3.17],
						"0.6667": [-0.93, 1.45, 2.65],
						"0.7": [-0.88, 1.46, 2.27],
						"0.7333": [-0.86, 1.52, 2.31],
						"0.7667": [-0.81, 1.6, 2.48],
						"0.8": [-0.74, 1.7, 2.56],
						"0.8333": [-0.74, 1.7, 2.54],
						"0.8667": [-0.79, 1.68, 2.49],
						"0.9": [-0.86, 1.63, 2.43],
						"0.9333": [-0.95, 1.58, 2.36],
						"0.9667": [-1.03, 1.53, 2.29],
						"1.0": [-1.08, 1.5, 2.21],
						"1.0333": [-1.09, 1.5, 2.14],
						"1.0667": [-1.05, 1.55, 2.07],
						"1.1": [-0.92, 1.64, 2.02],
						"1.1333": [-0.71, 1.81, 1.98],
						"1.1667": [-0.39, 2.05, 1.97],
						"1.2": [-0.03, 2.32, 1.97],
						"1.2333": [0.44, 2.66, 1.98],
						"1.2667": [0.99, 3.07, 2.01],
						"1.3": [1.6, 3.53, 2.04],
						"1.3333": [2.27, 4.02, 2.08],
						"1.3667": [2.98, 4.54, 2.13],
						"1.4": [3.7, 5.06, 2.17],
						"1.4333": [4.42, 5.59, 2.22],
						"1.4667": [5.12, 6.11, 2.27],
						"1.5": [5.78, 6.59, 2.32],
						"1.5333": [6.39, 7.04, 2.37],
						"1.5667": [6.92, 7.44, 2.41],
						"1.6": [7.37, 7.77, 2.44],
						"1.6333": [7.71, 8.02, 2.47],
						"1.6667": [7.87, 8.15, 2.48],
						"1.7": [8.02, 8.26, 2.51],
						"1.7333": [8.16, 8.36, 2.54],
						"1.7667": [8.27, 8.45, 2.58],
						"1.8": [8.37, 8.52, 2.61],
						"1.8333": [8.45, 8.58, 2.66],
						"1.8667": [8.51, 8.63, 2.7],
						"1.9": [8.55, 8.67, 2.74],
						"1.9333": [8.58, 8.69, 2.78],
						"1.9667": [8.59, 8.7, 2.82],
						"2.0": [8.58, 8.7, 2.85],
						"2.0333": [8.56, 8.69, 2.88],
						"2.0667": [8.52, 8.66, 2.9],
						"2.1": [8.46, 8.62, 2.91],
						"2.1333": [8.39, 8.58, 2.91],
						"2.1667": [8.3, 8.52, 2.9],
						"2.2": [8.19, 8.45, 2.88],
						"2.2333": [8.07, 8.37, 2.85],
						"2.2667": [7.93, 8.28, 2.8],
						"2.3": [7.77, 8.18, 2.73],
						"2.3333": [7.6, 8.07, 2.65],
						"2.3667": [7.41, 7.95, 2.55],
						"2.4": [7.17, 7.79, 2.41],
						"2.4333": [6.87, 7.61, 2.23],
						"2.4667": [6.53, 7.39, 2.02],
						"2.5": [6.14, 7.14, 1.78],
						"2.5333": [5.72, 6.87, 1.51],
						"2.5667": [5.27, 6.59, 1.23],
						"2.6": [4.79, 6.28, 0.93],
						"2.6333": [4.3, 5.97, 0.62],
						"2.6667": [3.8, 5.65, 0.3],
						"2.7": [3.29, 5.32, -0.01],
						"2.7333": [2.77, 4.99, -0.33],
						"2.7667": [2.27, 4.66, -0.64],
						"2.8": [1.77, 4.33, -0.94],
						"2.8333": [1.29, 4.02, -1.23],
						"2.8667": [0.83, 3.72, -1.5],
						"2.9": [0.4, 3.43, -1.74],
						"2.9333": [0, 3.17, -1.96],
						"2.9667": [-0.35, 2.92, -2.14],
						"3.0": [-0.66, 2.71, -2.29],
						"3.0333": [-0.93, 2.52, -2.39],
						"3.0667": [-1.36, 2.19, -2.49],
						"3.1": [-1.65, 1.93, -2.43],
						"3.1333": [-1.81, 1.73, -2.26],
						"3.1667": [-1.89, 1.59, -2.01],
						"3.2": [-1.91, 1.48, -1.71],
						"3.2333": [-1.89, 1.4, -1.41],
						"3.2667": [-1.86, 1.32, -1.13],
						"3.3": [-1.86, 1.25, -0.92],
						"3.3333": [-1.92, 1.15, -0.8],
						"3.3667": [-2.12, 0.95, -0.82],
						"3.4": [-2.3, 0.8, -1.01],
						"3.4333": [-2.44, 0.69, -1.26],
						"3.4667": [-2.49, 0.6, -1.45],
						"3.5": [-2.49, 0.57, -1.49],
						"3.5333": [-2.46, 0.54, -1.53],
						"3.5667": [-2.42, 0.52, -1.57],
						"3.6": [-2.37, 0.51, -1.6],
						"3.6333": [-2.31, 0.5, -1.63],
						"3.6667": [-2.24, 0.49, -1.66],
						"3.7": [-2.17, 0.48, -1.69],
						"3.7333": [-2.11, 0.47, -1.71],
						"3.7667": [-2.05, 0.46, -1.73],
						"3.8": [-2, 0.45, -1.75],
						"3.8333": [-1.96, 0.44, -1.76],
						"3.8667": [-1.95, 0.43, -1.77],
						"3.9": [-1.93, 0.43, -1.78],
						"3.9333": [-1.92, 0.42, -1.8],
						"3.9667": [-1.91, 0.41, -1.82],
						"4.0": [-1.9, 0.4, -1.84],
						"4.0333": [-1.89, 0.4, -1.86],
						"4.0667": [-1.89, 0.39, -1.88],
						"4.1": [-1.88, 0.39, -1.89],
						"4.1333": [-1.88, 0.38, -1.9],
						"4.1667": [-1.87, 0.37, -1.91],
						"4.2": [-1.87, 0.37, -1.92],
						"4.2333": [-1.87, 0.36, -1.92],
						"4.2667": [-1.87, 0.36, -1.91],
						"4.3": [-1.86, 0.35, -1.9],
						"4.3333": [-1.86, 0.35, -1.87],
						"4.3667": [-1.85, 0.34, -1.84],
						"4.4": [-1.85, 0.34, -1.8],
						"4.4333": [-1.84, 0.33, -1.74],
						"4.4667": [-1.83, 0.32, -1.59],
						"4.5": [-1.82, 0.31, -1.4],
						"4.5333": [-1.81, 0.3, -1.18],
						"4.5667": [-1.8, 0.29, -0.93],
						"4.6": [-1.78, 0.29, -0.66],
						"4.6333": [-1.77, 0.28, -0.38],
						"4.6667": [-1.76, 0.28, -0.1],
						"4.7": [-1.75, 0.28, 0.17],
						"4.7333": [-1.73, 0.28, 0.42],
						"4.7667": [-1.73, 0.29, 0.69],
						"4.8": [-1.73, 0.31, 1],
						"4.8333": [-1.75, 0.33, 1.33],
						"4.8667": [-1.76, 0.36, 1.66],
						"4.9": [-1.77, 0.39, 1.97],
						"4.9333": [-1.76, 0.41, 2.24],
						"4.9667": [-1.73, 0.43, 2.46],
						"5.0": [-1.68, 0.44, 2.59],
						"5.0333": [-1.59, 0.44, 2.62],
						"5.0667": [-1.46, 0.42, 2.53],
						"5.1": [-1.27, 0.39, 2.34],
						"5.1333": [-1.06, 0.36, 2.06],
						"5.1667": [-0.83, 0.31, 1.72],
						"5.2": [-0.58, 0.27, 1.34],
						"5.2333": [-0.35, 0.22, 0.95],
						"5.2667": [-0.14, 0.18, 0.58],
						"5.3": [0.04, 0.15, 0.25],
						"5.3333": [0.18, 0.12, -0.02],
						"5.3667": [0.36, 0.08, -0.73],
						"5.4": [0.36, 0.07, -1.31],
						"5.4333": [0.31, 0.06, -1.52],
						"5.4667": [0.25, 0.04, -1.26],
						"5.5": [0.16, 0.03, -0.71],
						"5.5333": [0.07, 0.01, -0.13],
						"5.5667": [0, 0, 0.25],
						"5.6": [-0.02, 0, 0.33],
						"5.6333": [-0.02, 0, 0.28],
						"5.6667": [-0.01, 0, 0.18],
						"5.7": [0, 0, 0.07],
						"5.7333": [0, 0, 0]
					}
				}
			},
			"sound_effects": {
				"0.0": {
					"effect": "p30_la_rpapa7_inspect_hip_raise"
				},
				"1.7667": {
					"effect": "p30_la_rpapa7_inspect_hip_rotate"
				},
				"4.4": {
					"effect": "p30_la_rpapa7_inspect_hip_end"
				}
			}
		},
		"inspect_empty": {
			"animation_length": 5.9333,
			"bones": {
				"root": {
					"rotation": {
						"0.0": [0, 0, 0],
						"0.0333": [0.54, -0.47, 0.14],
						"0.0667": [1.38, -1.07, 0.37],
						"0.1": [2.25, -1.86, 0.59],
						"0.1333": [2.89, -2.96, 0.7],
						"0.1667": [3.05, -4.43, 0.61],
						"0.2": [2.22, -6.76, 0.96],
						"0.2333": [0.66, -9.55, 1.59],
						"0.2667": [-0.91, -12.93, 1.02],
						"0.3": [-1.74, -16.97, -2.22],
						"0.3333": [-1.7, -19.17, -5.12],
						"0.3667": [-1.43, -21.74, -9.1],
						"0.4": [-0.99, -24.56, -13.83],
						"0.4333": [-0.46, -27.51, -18.99],
						"0.4667": [0.1, -30.46, -24.25],
						"0.5": [0.62, -33.28, -29.31],
						"0.5333": [1.04, -35.87, -33.83],
						"0.5667": [1.29, -38.08, -37.5],
						"0.6": [1.3, -39.79, -39.99],
						"0.6333": [0.65, -41.68, -41.55],
						"0.6667": [-0.59, -42.49, -40.56],
						"0.7": [-2.04, -42.64, -38.26],
						"0.7333": [-3.33, -42.55, -35.84],
						"0.7667": [-4.07, -42.64, -34.55],
						"0.8": [-4.05, -42.91, -34.67],
						"0.8333": [-3.42, -42.99, -35.46],
						"0.8667": [-2.66, -42.98, -36.33],
						"0.9": [-2.23, -42.96, -36.72],
						"0.9333": [-2.25, -42.94, -36.54],
						"0.9667": [-2.39, -42.89, -36.11],
						"1.0": [-2.61, -42.83, -35.55],
						"1.0333": [-2.87, -42.76, -34.97],
						"1.0667": [-3.12, -42.69, -34.49],
						"1.1": [-3.31, -42.65, -34.21],
						"1.1333": [-3.34, -42.65, -34.19],
						"1.1667": [-3.38, -42.64, -34.19],
						"1.2": [-3.41, -42.64, -34.21],
						"1.2333": [-3.44, -42.64, -34.25],
						"1.2667": [-3.47, -42.63, -34.3],
						"1.3": [-3.49, -42.63, -34.37],
						"1.3333": [-3.52, -42.63, -34.45],
						"1.3667": [-3.54, -42.63, -34.53],
						"1.4": [-3.57, -42.64, -34.62],
						"1.4333": [-3.59, -42.64, -34.72],
						"1.4667": [-3.62, -42.64, -34.81],
						"1.5": [-3.64, -42.64, -34.91],
						"1.5333": [-3.66, -42.64, -35],
						"1.5667": [-3.69, -42.65, -35.08],
						"1.6": [-3.71, -42.65, -35.15],
						"1.6333": [-3.74, -42.65, -35.21],
						"1.6667": [-3.76, -42.65, -35.25],
						"1.7": [-3.79, -42.65, -35.28],
						"1.7333": [-3.82, -42.65, -35.29],
						"1.7667": [-3.85, -42.65, -35.27],
						"1.8": [-3.88, -42.65, -35.23],
						"1.8333": [-3.91, -42.65, -35.17],
						"1.8667": [-3.95, -42.65, -35.07],
						"1.9": [-4.11, -42.65, -34.51],
						"1.9333": [-4.33, -42.66, -33.67],
						"1.9667": [-4.56, -42.67, -32.64],
						"2.0": [-4.78, -42.67, -31.55],
						"2.0333": [-4.95, -42.65, -30.5],
						"2.0667": [-5.05, -42.6, -29.62],
						"2.1": [-5.03, -42.51, -29.01],
						"2.1333": [-4.87, -42.5, -29],
						"2.1667": [-4.57, -42.61, -29.53],
						"2.2": [-4.18, -42.77, -30.34],
						"2.2333": [-3.75, -42.87, -31.15],
						"2.2667": [-3.35, -42.83, -31.69],
						"2.3": [-3.01, -42.57, -31.7],
						"2.3333": [-2.78, -41.99, -30.9],
						"2.3667": [-2.73, -41, -29.02],
						"2.4": [-2.73, -39.58, -26.06],
						"2.4333": [-2.67, -37.77, -22.26],
						"2.4667": [-2.64, -35.66, -17.76],
						"2.5": [-2.73, -33.31, -12.67],
						"2.5333": [-3, -30.81, -7.12],
						"2.5667": [-3.56, -28.23, -1.21],
						"2.6": [-4.47, -25.64, 4.91],
						"2.6333": [-5.82, -23.11, 11.14],
						"2.6667": [-7.59, -20.75, 17.25],
						"2.7": [-9.94, -18.13, 24.27],
						"2.7333": [-12.69, -15.36, 31.86],
						"2.7667": [-15.69, -12.54, 39.7],
						"2.8": [-18.75, -9.78, 47.44],
						"2.8333": [-21.72, -7.19, 54.76],
						"2.8667": [-24.41, -4.87, 61.31],
						"2.9": [-26.66, -2.94, 66.78],
						"2.9333": [-28.3, -1.49, 70.81],
						"2.9667": [-29.53, -0.41, 73.78],
						"3.0": [-30.05, -0.06, 74.78],
						"3.0333": [-30.06, -0.22, 74.35],
						"3.0667": [-29.75, -0.7, 73.01],
						"3.1": [-29.32, -1.31, 71.31],
						"3.1333": [-28.94, -1.82, 69.78],
						"3.1667": [-28.83, -2.05, 68.95],
						"3.2": [-28.95, -2.06, 68.44],
						"3.2333": [-29.07, -2.03, 67.82],
						"3.2667": [-29.19, -1.97, 67.22],
						"3.3": [-29.31, -1.88, 66.77],
						"3.3333": [-29.41, -1.74, 66.6],
						"3.3667": [-29.53, -1.33, 67.15],
						"3.4": [-29.61, -0.82, 68.24],
						"3.4333": [-29.69, -0.51, 69.06],
						"3.4667": [-29.76, -0.56, 69.21],
						"3.5": [-29.82, -0.78, 69.15],
						"3.5333": [-29.87, -1.02, 69.07],
						"3.5667": [-29.91, -1.13, 69.18],
						"3.6": [-29.92, -1.12, 69.29],
						"3.6333": [-29.93, -1.08, 69.45],
						"3.6667": [-29.94, -1.02, 69.64],
						"3.7": [-29.95, -0.95, 69.85],
						"3.7333": [-29.96, -0.87, 70.07],
						"3.7667": [-29.97, -0.78, 70.3],
						"3.8": [-29.97, -0.7, 70.51],
						"3.8333": [-29.97, -0.63, 70.72],
						"3.8667": [-29.95, -0.57, 70.89],
						"3.9": [-29.93, -0.52, 71.03],
						"3.9333": [-29.91, -0.51, 71.12],
						"3.9667": [-29.89, -0.5, 71.18],
						"4.0": [-29.88, -0.5, 71.24],
						"4.0333": [-29.88, -0.49, 71.3],
						"4.0667": [-29.88, -0.49, 71.36],
						"4.1": [-29.88, -0.49, 71.42],
						"4.1333": [-29.87, -0.5, 71.46],
						"4.1667": [-29.86, -0.51, 71.49],
						"4.2": [-29.85, -0.53, 71.5],
						"4.2333": [-29.81, -0.56, 71.49],
						"4.2667": [-29.76, -0.61, 71.44],
						"4.3": [-29.7, -0.66, 71.37],
						"4.3333": [-29.61, -0.74, 71.26],
						"4.3667": [-29.49, -0.83, 71.1],
						"4.4": [-29.34, -0.93, 70.9],
						"4.4333": [-29.16, -1.06, 70.66],
						"4.4667": [-28.73, -1.38, 69.97],
						"4.5": [-28.23, -1.75, 69.12],
						"4.5333": [-27.66, -2.18, 68.12],
						"4.5667": [-26.97, -2.68, 66.97],
						"4.6": [-26.16, -3.25, 65.7],
						"4.6333": [-25.19, -3.9, 64.32],
						"4.6667": [-24.04, -4.64, 62.84],
						"4.7": [-22.42, -5.78, 61.15],
						"4.7333": [-20.54, -7.22, 59.5],
						"4.7667": [-18.45, -8.77, 57.68],
						"4.8": [-16.22, -10.22, 55.52],
						"4.8333": [-13.93, -11.39, 52.83],
						"4.8667": [-11.62, -12.05, 49.41],
						"4.9": [-9.97, -12.17, 46.5],
						"4.9333": [-8.15, -12.09, 42.99],
						"4.9667": [-6.21, -11.84, 39.06],
						"5.0": [-4.24, -11.46, 34.9],
						"5.0333": [-2.31, -10.98, 30.68],
						"5.0667": [-0.5, -10.45, 26.57],
						"5.1": [1.11, -9.89, 22.76],
						"5.1333": [2.46, -9.36, 19.43],
						"5.1667": [3.46, -8.87, 16.74],
						"5.2": [4.35, -7.99, 13.44],
						"5.2333": [4.39, -6.99, 11.46],
						"5.2667": [3.91, -5.95, 10.26],
						"5.3": [3.28, -4.95, 9.29],
						"5.3333": [2.85, -4.05, 8.01],
						"5.3667": [2.5, -3.05, 5.88],
						"5.4": [2.06, -2.11, 3.72],
						"5.4333": [1.62, -1.32, 1.86],
						"5.4667": [1.26, -0.73, 0.59],
						"5.5": [0.95, -0.36, 0.25],
						"5.5333": [0.73, -0.32, 0.78],
						"5.5667": [0.54, -0.32, 1.08],
						"5.6": [0.41, -0.29, 0.86],
						"5.6333": [0.29, -0.29, 0.5],
						"5.6667": [0.18, -0.29, 0.08],
						"5.7": [0.09, -0.29, -0.29],
						"5.7333": [0.02, -0.28, -0.5],
						"5.7667": [-0.02, -0.22, -0.51],
						"5.8": [-0.02, -0.13, -0.35],
						"5.8333": [-0.01, -0.05, -0.14],
						"5.8667": [0, 0, 0]
					},
					"position": {
						"0.0": [0, 0, 0],
						"0.0333": [0.11, -0.06, -0.12],
						"0.0667": [0.26, -0.17, -0.29],
						"0.1": [0.45, -0.27, -0.49],
						"0.1333": [0.65, -0.31, -0.72],
						"0.1667": [0.86, -0.26, -0.98],
						"0.2": [1.06, -0.1, -1.24],
						"0.2333": [1.29, 0.15, -1.56],
						"0.2667": [1.53, 0.45, -1.89],
						"0.3": [1.76, 0.75, -2.22],
						"0.3333": [1.95, 1.01, -2.5],
						"0.3667": [2.1, 1.2, -2.7],
						"0.4": [2.22, 1.36, -2.86],
						"0.4333": [2.21, 1.38, -2.84],
						"0.4667": [2.2, 1.32, -2.8],
						"0.5": [2.22, 1.26, -2.79],
						"0.5333": [2.24, 1.17, -2.78],
						"0.5667": [2.26, 1.05, -2.76],
						"0.6": [2.28, 0.95, -2.73],
						"0.6333": [2.3, 0.86, -2.71],
						"0.6667": [2.3, 0.83, -2.7],
						"0.7": [2.28, 0.87, -2.69],
						"0.7333": [2.24, 1, -2.69],
						"0.7667": [2.2, 1.14, -2.69],
						"0.8": [2.19, 1.23, -2.69],
						"0.8333": [2.19, 1.25, -2.69],
						"0.8667": [2.2, 1.26, -2.69],
						"0.9": [2.22, 1.26, -2.7],
						"0.9333": [2.24, 1.26, -2.7],
						"0.9667": [2.26, 1.25, -2.7],
						"1.0": [2.28, 1.24, -2.7],
						"1.0333": [2.29, 1.23, -2.7],
						"1.0667": [2.3, 1.23, -2.7],
						"1.1": [2.3, 1.22, -2.7],
						"1.1333": [2.3, 1.22, -2.7],
						"1.1667": [2.3, 1.22, -2.7],
						"1.2": [2.3, 1.22, -2.69],
						"1.2333": [2.3, 1.22, -2.69],
						"1.2667": [2.3, 1.22, -2.69],
						"1.3": [2.3, 1.22, -2.69],
						"1.3333": [2.3, 1.22, -2.69],
						"1.3667": [2.3, 1.21, -2.69],
						"1.4": [2.3, 1.21, -2.68],
						"1.4333": [2.3, 1.21, -2.68],
						"1.4667": [2.3, 1.21, -2.68],
						"1.5": [2.29, 1.21, -2.68],
						"1.5333": [2.29, 1.2, -2.67],
						"1.5667": [2.29, 1.2, -2.67],
						"1.6": [2.29, 1.2, -2.67],
						"1.6333": [2.29, 1.19, -2.66],
						"1.6667": [2.29, 1.19, -2.66],
						"1.7": [2.28, 1.18, -2.65],
						"1.7333": [2.28, 1.18, -2.65],
						"1.7667": [2.28, 1.17, -2.65],
						"1.8": [2.28, 1.16, -2.64],
						"1.8333": [2.28, 1.15, -2.64],
						"1.8667": [2.28, 1.14, -2.63],
						"1.9": [2.28, 1.09, -2.6],
						"1.9333": [2.28, 1.01, -2.57],
						"1.9667": [2.29, 0.92, -2.53],
						"2.0": [2.29, 0.84, -2.49],
						"2.0333": [2.29, 0.76, -2.45],
						"2.0667": [2.3, 0.72, -2.43],
						"2.1": [2.3, 0.71, -2.42],
						"2.1333": [2.3, 0.73, -2.43],
						"2.1667": [2.31, 0.78, -2.43],
						"2.2": [2.31, 0.85, -2.45],
						"2.2333": [2.32, 0.93, -2.46],
						"2.2667": [2.32, 1.02, -2.48],
						"2.3": [2.33, 1.1, -2.5],
						"2.3333": [2.33, 1.19, -2.53],
						"2.3667": [2.33, 1.26, -2.57],
						"2.4": [2.33, 1.32, -2.62],
						"2.4333": [2.33, 1.36, -2.67],
						"2.4667": [2.32, 1.35, -2.77],
						"2.5": [2.31, 1.27, -2.88],
						"2.5333": [2.3, 1.17, -3],
						"2.5667": [2.28, 1.1, -3.15],
						"2.6": [2.26, 1.09, -3.34],
						"2.6333": [2.23, 1.2, -3.56],
						"2.6667": [2.21, 1.36, -3.75],
						"2.7": [2.17, 1.6, -3.99],
						"2.7333": [2.14, 1.88, -4.26],
						"2.7667": [2.1, 2.2, -4.54],
						"2.8": [2.06, 2.52, -4.82],
						"2.8333": [2.03, 2.84, -5.08],
						"2.8667": [2, 3.12, -5.31],
						"2.9": [1.97, 3.34, -5.5],
						"2.9333": [1.96, 3.49, -5.62],
						"2.9667": [1.95, 3.55, -5.67],
						"3.0": [1.94, 3.56, -5.67],
						"3.0333": [1.95, 3.52, -5.62],
						"3.0667": [1.95, 3.44, -5.54],
						"3.1": [1.96, 3.34, -5.44],
						"3.1333": [1.97, 3.24, -5.34],
						"3.1667": [1.98, 3.14, -5.24],
						"3.2": [1.99, 3.06, -5.16],
						"3.2333": [2, 3.02, -5.11],
						"3.2667": [2, 2.99, -5.09],
						"3.3": [2.01, 2.98, -5.08],
						"3.3333": [2.01, 2.98, -5.09],
						"3.3667": [2.02, 2.99, -5.1],
						"3.4": [2.02, 3, -5.12],
						"3.4333": [2.02, 3.01, -5.13],
						"3.4667": [2.03, 3.01, -5.14],
						"3.5": [2.03, 3.01, -5.14],
						"3.5333": [2.04, 3.01, -5.14],
						"3.5667": [2.04, 3, -5.14],
						"3.6": [2.05, 3, -5.15],
						"3.6333": [2.05, 3, -5.15],
						"3.6667": [2.06, 2.99, -5.15],
						"3.7": [2.06, 2.99, -5.15],
						"3.7333": [2.07, 2.98, -5.15],
						"3.7667": [2.07, 2.98, -5.15],
						"3.8": [2.08, 2.98, -5.16],
						"3.8333": [2.08, 2.97, -5.16],
						"3.8667": [2.09, 2.97, -5.16],
						"3.9": [2.09, 2.97, -5.16],
						"3.9333": [2.1, 2.97, -5.16],
						"3.9667": [2.1, 2.97, -5.16],
						"4.0": [2.11, 2.97, -5.16],
						"4.0333": [2.12, 2.98, -5.16],
						"4.0667": [2.12, 2.99, -5.16],
						"4.1": [2.13, 3.01, -5.16],
						"4.1333": [2.14, 3.02, -5.16],
						"4.1667": [2.14, 3.03, -5.16],
						"4.2": [2.15, 3.04, -5.16],
						"4.2333": [2.15, 3.04, -5.16],
						"4.2667": [2.15, 3.05, -5.16],
						"4.3": [2.16, 3.06, -5.16],
						"4.3333": [2.16, 3.07, -5.16],
						"4.3667": [2.17, 3.08, -5.17],
						"4.4": [2.17, 3.09, -5.17],
						"4.4333": [2.17, 3.09, -5.16],
						"4.4667": [2.16, 3.08, -5.15],
						"4.5": [2.14, 3.04, -5.14],
						"4.5333": [2.12, 2.99, -5.11],
						"4.5667": [2.08, 2.86, -5.06],
						"4.6": [2.05, 2.69, -5],
						"4.6333": [2, 2.49, -4.93],
						"4.6667": [1.93, 2.28, -4.85],
						"4.7": [1.82, 2.06, -4.74],
						"4.7333": [1.65, 1.87, -4.61],
						"4.7667": [1.44, 1.71, -4.49],
						"4.8": [1.15, 1.54, -4.37],
						"4.8333": [0.83, 1.38, -4.24],
						"4.8667": [0.49, 1.22, -4.09],
						"4.9": [0.18, 1.07, -3.91],
						"4.9333": [-0.07, 0.92, -3.68],
						"4.9667": [-0.24, 0.78, -3.4],
						"5.0": [-0.32, 0.66, -3.08],
						"5.0333": [-0.33, 0.55, -2.69],
						"5.0667": [-0.3, 0.44, -2.25],
						"5.1": [-0.24, 0.33, -1.8],
						"5.1333": [-0.17, 0.24, -1.34],
						"5.1667": [-0.09, 0.15, -0.92],
						"5.2": [-0.03, 0.07, -0.56],
						"5.2333": [0, 0, -0.29],
						"5.2667": [0.01, -0.07, -0.05],
						"5.3": [0.02, -0.12, 0.08],
						"5.3333": [0.02, -0.15, 0.13],
						"5.3667": [0.01, -0.17, 0.15],
						"5.4": [0, -0.18, 0.14],
						"5.4333": [0, -0.19, 0.14],
						"5.4667": [0, -0.18, 0.15],
						"5.5": [0, -0.17, 0.13],
						"5.5333": [0, -0.15, 0.09],
						"5.5667": [0, -0.12, 0.05],
						"5.6": [0, -0.09, 0.01],
						"5.6333": [0, -0.07, -0.03],
						"5.6667": [0, -0.05, -0.05],
						"5.7": [0, -0.04, -0.06],
						"5.7333": [0, -0.03, -0.05],
						"5.7667": [0, -0.02, -0.05],
						"5.8": [0, -0.02, -0.04],
						"5.8333": [0, -0.01, -0.03],
						"5.8667": [0, -0.01, -0.01],
						"5.9": [0, 0, -0.01],
						"5.9333": [0, 0, 0]
					}
				},
				"righthand": {
					"rotation": {
						"0.0": [95, 50, -180],
						"0.1667": [94.35, 18.68, -173.87],
						"2.7333": [94.35, 18.68, -173.87],
						"2.9333": [94.24122, 13.69402, -174.25984],
						"4.7667": [94.24122, 13.69402, -174.25984],
						"5.1333": [94.34676, 18.67616, -173.86647],
						"5.8667": [95, 50, -180]
					},
					"position": {
						"0.0": [-6, -17.75, -6],
						"5.8667": [-6, -17.75, -6]
					},
					"scale": {
						"0.0": [1, 1.5, 1],
						"5.8667": [1, 1.5, 1]
					}
				},
				"lefthand": {
					"rotation": {
						"0.0": [97.5, -7.5, 135],
						"0.2": [99.48, -7.5, 172.92],
						"0.5667": [97.5, -7.5, 135],
						"5.8667": [97.5, -7.5, 135]
					},
					"position": {
						"0.0": [10.65, -17.25, -14],
						"5.8667": [10.65, -17.25, -14]
					},
					"scale": {
						"0.0": [1, 1.5, 1],
						"5.8667": [1, 1.5, 1]
					}
				},
				"camera": {
					"rotation": {
						"0.0": [0, 0, 0],
						"0.0333": [0.04, -0.01, -0.02],
						"0.0667": [0.11, -0.03, -0.06],
						"0.1": [0.2, -0.05, -0.12],
						"0.1333": [0.29, -0.07, -0.18],
						"0.1667": [0.38, -0.09, -0.22],
						"0.2": [0.45, -0.1, -0.24],
						"0.2333": [0.5, -0.09, -0.22],
						"0.2667": [0.52, -0.06, -0.14],
						"0.3": [0.5, 0, 0],
						"0.3333": [0.43, 0.1, 0.24],
						"0.3667": [0.3, 0.23, 0.58],
						"0.4": [0.15, 0.39, 0.99],
						"0.4333": [-0.03, 0.57, 1.44],
						"0.4667": [-0.22, 0.75, 1.9],
						"0.5": [-0.41, 0.93, 2.34],
						"0.5333": [-0.58, 1.09, 2.73],
						"0.5667": [-0.72, 1.23, 3.04],
						"0.6": [-0.82, 1.33, 3.23],
						"0.6333": [-0.94, 1.46, 3.17],
						"0.6667": [-0.93, 1.45, 2.65],
						"0.7": [-0.88, 1.46, 2.27],
						"0.7333": [-0.86, 1.52, 2.31],
						"0.7667": [-0.81, 1.6, 2.48],
						"0.8": [-0.74, 1.7, 2.56],
						"0.8333": [-0.74, 1.7, 2.54],
						"0.8667": [-0.79, 1.68, 2.49],
						"0.9": [-0.86, 1.63, 2.43],
						"0.9333": [-0.95, 1.58, 2.36],
						"0.9667": [-1.03, 1.53, 2.29],
						"1.0": [-1.08, 1.5, 2.21],
						"1.0333": [-1.09, 1.5, 2.14],
						"1.0667": [-1.05, 1.55, 2.07],
						"1.1": [-0.92, 1.64, 2.02],
						"1.1333": [-0.71, 1.81, 1.98],
						"1.1667": [-0.39, 2.05, 1.97],
						"1.2": [-0.03, 2.32, 1.97],
						"1.2333": [0.44, 2.66, 1.98],
						"1.2667": [0.99, 3.07, 2.01],
						"1.3": [1.6, 3.53, 2.04],
						"1.3333": [2.27, 4.02, 2.08],
						"1.3667": [2.98, 4.54, 2.13],
						"1.4": [3.7, 5.06, 2.17],
						"1.4333": [4.42, 5.59, 2.22],
						"1.4667": [5.12, 6.11, 2.27],
						"1.5": [5.78, 6.59, 2.32],
						"1.5333": [6.39, 7.04, 2.37],
						"1.5667": [6.92, 7.44, 2.41],
						"1.6": [7.37, 7.77, 2.44],
						"1.6333": [7.71, 8.02, 2.47],
						"1.6667": [7.87, 8.15, 2.48],
						"1.7": [8.02, 8.26, 2.51],
						"1.7333": [8.16, 8.36, 2.54],
						"1.7667": [8.27, 8.45, 2.58],
						"1.8": [8.37, 8.52, 2.61],
						"1.8333": [8.45, 8.58, 2.66],
						"1.8667": [8.51, 8.63, 2.7],
						"1.9": [8.55, 8.67, 2.74],
						"1.9333": [8.58, 8.69, 2.78],
						"1.9667": [8.59, 8.7, 2.82],
						"2.0": [8.58, 8.7, 2.85],
						"2.0333": [8.56, 8.69, 2.88],
						"2.0667": [8.52, 8.66, 2.9],
						"2.1": [8.46, 8.62, 2.91],
						"2.1333": [8.39, 8.58, 2.91],
						"2.1667": [8.3, 8.52, 2.9],
						"2.2": [8.19, 8.45, 2.88],
						"2.2333": [8.07, 8.37, 2.85],
						"2.2667": [7.93, 8.28, 2.8],
						"2.3": [7.77, 8.18, 2.73],
						"2.3333": [7.6, 8.07, 2.65],
						"2.3667": [7.41, 7.95, 2.55],
						"2.4": [7.17, 7.79, 2.41],
						"2.4333": [6.87, 7.61, 2.23],
						"2.4667": [6.53, 7.39, 2.02],
						"2.5": [6.14, 7.14, 1.78],
						"2.5333": [5.72, 6.87, 1.51],
						"2.5667": [5.27, 6.59, 1.23],
						"2.6": [4.79, 6.28, 0.93],
						"2.6333": [4.3, 5.97, 0.62],
						"2.6667": [3.8, 5.65, 0.3],
						"2.7": [3.29, 5.32, -0.01],
						"2.7333": [2.77, 4.99, -0.33],
						"2.7667": [2.27, 4.66, -0.64],
						"2.8": [1.77, 4.33, -0.94],
						"2.8333": [1.29, 4.02, -1.23],
						"2.8667": [0.83, 3.72, -1.5],
						"2.9": [0.4, 3.43, -1.74],
						"2.9333": [0, 3.17, -1.96],
						"2.9667": [-0.35, 2.92, -2.14],
						"3.0": [-0.66, 2.71, -2.29],
						"3.0333": [-0.93, 2.52, -2.39],
						"3.0667": [-1.36, 2.19, -2.49],
						"3.1": [-1.65, 1.93, -2.43],
						"3.1333": [-1.81, 1.73, -2.26],
						"3.1667": [-1.89, 1.59, -2.01],
						"3.2": [-1.91, 1.48, -1.71],
						"3.2333": [-1.89, 1.4, -1.41],
						"3.2667": [-1.86, 1.32, -1.13],
						"3.3": [-1.86, 1.25, -0.92],
						"3.3333": [-1.92, 1.15, -0.8],
						"3.3667": [-2.12, 0.95, -0.82],
						"3.4": [-2.3, 0.8, -1.01],
						"3.4333": [-2.44, 0.69, -1.26],
						"3.4667": [-2.49, 0.6, -1.45],
						"3.5": [-2.49, 0.57, -1.49],
						"3.5333": [-2.46, 0.54, -1.53],
						"3.5667": [-2.42, 0.52, -1.57],
						"3.6": [-2.37, 0.51, -1.6],
						"3.6333": [-2.31, 0.5, -1.63],
						"3.6667": [-2.24, 0.49, -1.66],
						"3.7": [-2.17, 0.48, -1.69],
						"3.7333": [-2.11, 0.47, -1.71],
						"3.7667": [-2.05, 0.46, -1.73],
						"3.8": [-2, 0.45, -1.75],
						"3.8333": [-1.96, 0.44, -1.76],
						"3.8667": [-1.95, 0.43, -1.77],
						"3.9": [-1.93, 0.43, -1.78],
						"3.9333": [-1.92, 0.42, -1.8],
						"3.9667": [-1.91, 0.41, -1.82],
						"4.0": [-1.9, 0.4, -1.84],
						"4.0333": [-1.89, 0.4, -1.86],
						"4.0667": [-1.89, 0.39, -1.88],
						"4.1": [-1.88, 0.39, -1.89],
						"4.1333": [-1.88, 0.38, -1.9],
						"4.1667": [-1.87, 0.37, -1.91],
						"4.2": [-1.87, 0.37, -1.92],
						"4.2333": [-1.87, 0.36, -1.92],
						"4.2667": [-1.87, 0.36, -1.91],
						"4.3": [-1.86, 0.35, -1.9],
						"4.3333": [-1.86, 0.35, -1.87],
						"4.3667": [-1.85, 0.34, -1.84],
						"4.4": [-1.85, 0.34, -1.8],
						"4.4333": [-1.84, 0.33, -1.74],
						"4.4667": [-1.83, 0.32, -1.59],
						"4.5": [-1.82, 0.31, -1.4],
						"4.5333": [-1.81, 0.3, -1.18],
						"4.5667": [-1.8, 0.29, -0.93],
						"4.6": [-1.78, 0.29, -0.66],
						"4.6333": [-1.77, 0.28, -0.38],
						"4.6667": [-1.76, 0.28, -0.1],
						"4.7": [-1.75, 0.28, 0.17],
						"4.7333": [-1.73, 0.28, 0.42],
						"4.7667": [-1.73, 0.29, 0.69],
						"4.8": [-1.73, 0.31, 1],
						"4.8333": [-1.75, 0.33, 1.33],
						"4.8667": [-1.76, 0.36, 1.66],
						"4.9": [-1.77, 0.39, 1.97],
						"4.9333": [-1.76, 0.41, 2.24],
						"4.9667": [-1.73, 0.43, 2.46],
						"5.0": [-1.68, 0.44, 2.59],
						"5.0333": [-1.59, 0.44, 2.62],
						"5.0667": [-1.46, 0.42, 2.53],
						"5.1": [-1.27, 0.39, 2.34],
						"5.1333": [-1.06, 0.36, 2.06],
						"5.1667": [-0.83, 0.31, 1.72],
						"5.2": [-0.58, 0.27, 1.34],
						"5.2333": [-0.35, 0.22, 0.95],
						"5.2667": [-0.14, 0.18, 0.58],
						"5.3": [0.04, 0.15, 0.25],
						"5.3333": [0.18, 0.12, -0.02],
						"5.3667": [0.36, 0.08, -0.73],
						"5.4": [0.36, 0.07, -1.31],
						"5.4333": [0.31, 0.06, -1.52],
						"5.4667": [0.25, 0.04, -1.26],
						"5.5": [0.16, 0.03, -0.71],
						"5.5333": [0.07, 0.01, -0.13],
						"5.5667": [0, 0, 0.25],
						"5.6": [-0.02, 0, 0.33],
						"5.6333": [-0.02, 0, 0.28],
						"5.6667": [-0.01, 0, 0.18],
						"5.7": [0, 0, 0.07],
						"5.7333": [0, 0, 0]
					}
				}
			},
			"sound_effects": {
				"0.0": {
					"effect": "p30_la_rpapa7_inspect_hip_raise"
				},
				"1.7667": {
					"effect": "p30_la_rpapa7_inspect_hip_rotate"
				},
				"4.4": {
					"effect": "p30_la_rpapa7_inspect_hip_end"
				}
			}
		},
		"static_bolt_caught": {
			"loop": true,
			"bones": {
				"righthand": {
					"rotation": [95, 50, -180],
					"position": [-6, -17.75, -6],
					"scale": [1, 1.5, 1]
				},
				"lefthand": {
					"rotation": [97.5, -7.5, 135],
					"position": [10.65, -17.25, -14],
					"scale": [1, 1.5, 1]
				}
			}
		},
		"put_away": {
			"animation_length": 0.7333,
			"bones": {
				"root": {
					"rotation": {
						"0.0": [0, 0, 0],
						"0.0333": [-2.03, 0, 0],
						"0.0667": [-4.54, 0, 0],
						"0.1": [-7.48, 0, 0],
						"0.1333": [-10.79, 0, 0],
						"0.1667": [-14.42, 0, 0],
						"0.2": [-18.32, 0, 0],
						"0.2333": [-22.43, 0, 0],
						"0.2667": [-26.7, 0, 0],
						"0.3": [-31.07, 0, 0],
						"0.3333": [-35.5, 0, 0],
						"0.3667": [-39.93, 0, 0],
						"0.4": [-44.3, 0, 0],
						"0.4333": [-48.57, 0, 0],
						"0.4667": [-52.68, 0, 0],
						"0.5": [-56.58, 0, 0],
						"0.5333": [-60.21, 0, 0],
						"0.5667": [-63.52, 0, 0],
						"0.6": [-66.46, 0, 0],
						"0.6333": [-68.97, 0, 0],
						"0.6667": [-71, 0, 0]
					},
					"position": {
						"0.0": [0, 0, 0],
						"0.0333": [-0.03, 0.01, 0.08],
						"0.0667": [-0.06, -0.02, 0.17],
						"0.1": [-0.1, -0.06, 0.27],
						"0.1333": [-0.15, -0.04, 0.41],
						"0.1667": [-0.21, 0.07, 0.61],
						"0.2": [-0.28, 0.34, 0.89],
						"0.2333": [-0.38, 0.81, 1.28],
						"0.2667": [-0.45, 1.22, 1.57],
						"0.3": [-0.53, 1.76, 1.92],
						"0.3333": [-0.63, 2.39, 2.31],
						"0.3667": [-0.73, 3.1, 2.74],
						"0.4": [-0.83, 3.86, 3.2],
						"0.4333": [-0.94, 4.63, 3.67],
						"0.4667": [-1.05, 5.4, 4.14],
						"0.5": [-1.15, 6.14, 4.61],
						"0.5333": [-1.26, 6.81, 5.06],
						"0.5667": [-1.35, 7.4, 5.48],
						"0.6": [-1.43, 7.88, 5.87],
						"0.6333": [-1.5, 8.22, 6.21],
						"0.6667": [-1.58, 8.48, 6.66],
						"0.7": [-1.65, 8.51, 7.08],
						"0.7333": [-1.71, 8.38, 7.46]
					}
				},
				"righthand": {
					"rotation": [95, 50, -180],
					"position": [-6, -17.75, -6],
					"scale": [1, 1.5, 1]
				},
				"lefthand": {
					"rotation": [97.5, -7.5, 135],
					"position": [10.65, -17.25, -14],
					"scale": [1, 1.5, 1]
				},
				"camera": {
					"rotation": {
						"0.0": [0, 0, 0],
						"0.0333": [0.19, -0.01, -0.02],
						"0.0667": [0.47, -0.02, -0.07],
						"0.1": [0.78, -0.04, -0.1],
						"0.1333": [1.03, -0.06, -0.11],
						"0.1667": [1.15, -0.1, -0.07],
						"0.2": [1.14, -0.14, -0.01],
						"0.2333": [1.06, -0.18, 0.08],
						"0.2667": [0.93, -0.23, 0.2],
						"0.3": [0.78, -0.28, 0.32],
						"0.3333": [0.62, -0.33, 0.46],
						"0.3667": [0.47, -0.39, 0.59],
						"0.4": [0.34, -0.44, 0.73],
						"0.4333": [0.28, -0.45, 0.76],
						"0.4667": [0.22, -0.46, 0.76],
						"0.5": [0.17, -0.42, 0.7],
						"0.5333": [0.14, -0.38, 0.62],
						"0.5667": [0.11, -0.32, 0.52],
						"0.6": [0.08, -0.25, 0.41],
						"0.6333": [0.06, -0.17, 0.28],
						"0.6667": [0.03, -0.1, 0.17],
						"0.7": [0.01, -0.04, 0.07],
						"0.7333": [0, 0, 0]
					}
				}
			},
			"sound_effects": {
				"0.1667": {
					"effect": "p30_la_rpapa7_drop_hip_rattle"
				}
			}
		},
		"draw": {
			"animation_length": 1.4,
			"bones": {
				"root": {
					"rotation": {
						"0.0": [-91.18, 3.42, -1.14],
						"0.0333": [-88.13, 4.53, -0.86],
						"0.0667": [-83.58, 6.01, -0.43],
						"0.1": [-77.61, 6.78, 0.19],
						"0.1333": [-73.76, 6.63, 0.62],
						"0.1667": [-69.14, 6.21, 1.15],
						"0.2": [-64.17, 5.61, 1.72],
						"0.2333": [-59.26, 4.93, 2.29],
						"0.2667": [-54.83, 4.26, 2.79],
						"0.3": [-51.3, 3.7, 3.17],
						"0.3333": [-48.73, 3.15, 3.49],
						"0.3667": [-47.48, 2.64, 3.74],
						"0.4": [-46.61, 2.14, 3.89],
						"0.4333": [-45.17, 1.61, 3.9],
						"0.4667": [-42.22, 1.01, 3.77],
						"0.5": [-38.71, 0.5, 3.51],
						"0.5333": [-34.19, -0.1, 3.08],
						"0.5667": [-29.07, -0.73, 2.56],
						"0.6": [-23.79, -1.36, 2.02],
						"0.6333": [-18.76, -1.92, 1.53],
						"0.6667": [-14.4, -2.39, 1.15],
						"0.7": [-11.12, -2.7, 0.97],
						"0.7333": [-7.39, -2.89, 1.43],
						"0.7667": [-6.54, -2.59, 2.41],
						"0.8": [-5.94, -2.14, 2.91],
						"0.8333": [-5.21, -1.79, 2.66],
						"0.8667": [-4.6, -1.33, 2.11],
						"0.9": [-4.06, -0.84, 1.46],
						"0.9333": [-3.54, -0.4, 0.87],
						"0.9667": [-2.98, -0.11, 0.54],
						"1.0": [-2.18, 0.01, 0.63],
						"1.0333": [-1.33, -0.03, 1.03],
						"1.0667": [-0.57, -0.14, 1.43],
						"1.1": [-0.01, -0.2, 1.53],
						"1.1333": [0.36, -0.16, 0.41],
						"1.1667": [0.36, -0.1, -0.74],
						"1.2": [0.38, -0.07, -0.69],
						"1.2333": [0.35, -0.03, -0.3],
						"1.2667": [0.3, -0.01, 0],
						"1.3": [0.24, 0, 0.05],
						"1.3333": [0.15, 0, 0.05],
						"1.3667": [0.06, 0, 0.02],
						"1.4": [0, 0, 0]
					},
					"position": {
						"0.0": [-2.6, -12.3, 19.5],
						"0.0333": [-2.89, -9.74, 18.55],
						"0.0667": [-3.26, -6.19, 17.12],
						"0.1": [-3.4, -3.38, 15.14],
						"0.1333": [-3.32, -2.69, 14.01],
						"0.1667": [-3.17, -2.19, 12.63],
						"0.2": [-2.97, -1.83, 11.12],
						"0.2333": [-2.74, -1.59, 9.58],
						"0.2667": [-2.5, -1.41, 8.11],
						"0.3": [-2.28, -1.26, 6.81],
						"0.3333": [-2.1, -1.1, 5.8],
						"0.3667": [-1.9, -0.89, 4.87],
						"0.4": [-1.71, -0.77, 4.34],
						"0.4333": [-1.55, -0.73, 4.02],
						"0.4667": [-1.39, -0.75, 3.76],
						"0.5": [-1.23, -0.81, 3.38],
						"0.5333": [-1.09, -0.93, 2.94],
						"0.5667": [-0.95, -1.13, 2.47],
						"0.6": [-0.82, -1.36, 2],
						"0.6333": [-0.7, -1.6, 1.56],
						"0.6667": [-0.59, -1.8, 1.18],
						"0.7": [-0.5, -1.92, 0.9],
						"0.7333": [-0.41, -2.01, 0.66],
						"0.7667": [-0.39, -1.95, 0.66],
						"0.8": [-0.35, -1.73, 0.69],
						"0.8333": [-0.29, -1.47, 0.68],
						"0.8667": [-0.21, -1.11, 0.69],
						"0.9": [-0.13, -0.72, 0.7],
						"0.9333": [-0.05, -0.37, 0.69],
						"0.9667": [0, -0.12, 0.65],
						"1.0": [0.03, 0, 0.53],
						"1.0333": [0.04, 0, 0.36],
						"1.0667": [0.03, -0.05, 0.2],
						"1.1": [0.03, -0.07, 0.08],
						"1.1333": [0.02, -0.06, 0.02],
						"1.1667": [0.01, -0.03, 0],
						"1.2": [0.01, -0.01, 0],
						"1.2333": [0, 0, 0],
						"1.2667": [0, 0, 0],
						"1.3": [0, 0.01, -0.01],
						"1.3333": [0, 0, 0],
						"1.3667": [0, 0, 0],
						"1.4": [0, 0, 0]
					}
				},
				"righthand": {
					"rotation": [95, 50, -180],
					"position": [-6, -17.75, -6],
					"scale": [1, 1.5, 1]
				},
				"lefthand": {
					"rotation": [97.5, -7.5, 135],
					"position": [10.65, -17.25, -14],
					"scale": [1, 1.5, 1]
				},
				"camera": {
					"rotation": {
						"0.0": [0, 0, 0],
						"0.0333": [0.01, -0.01, 0.03],
						"0.0667": [0.02, -0.02, 0.05],
						"0.1": [0.04, -0.04, 0.1],
						"0.1333": [0.11, -0.08, 0.2],
						"0.1667": [0.24, -0.14, 0.38],
						"0.2": [0.44, -0.23, 0.64],
						"0.2333": [0.72, -0.36, 1.01],
						"0.2667": [1.04, -0.51, 1.42],
						"0.3": [1.35, -0.64, 1.81],
						"0.3333": [1.6, -0.76, 2.1],
						"0.3667": [1.75, -0.82, 2.23],
						"0.4": [1.78, -0.83, 2.17],
						"0.4333": [1.75, -0.8, 1.99],
						"0.4667": [1.67, -0.75, 1.73],
						"0.5": [1.56, -0.69, 1.43],
						"0.5333": [1.44, -0.63, 1.12],
						"0.5667": [1.34, -0.56, 0.86],
						"0.6": [1.27, -0.52, 0.68],
						"0.6333": [1.22, -0.47, 0.55],
						"0.6667": [1.21, -0.43, 0.51],
						"0.7": [1.19, -0.39, 0.5],
						"0.7333": [1.16, -0.34, 0.48],
						"0.7667": [1.08, -0.28, 0.41],
						"0.8": [0.88, -0.18, 0.18],
						"0.8333": [0.61, -0.06, -0.13],
						"0.8667": [0.35, 0.05, -0.4],
						"0.9": [0.14, 0.12, -0.51],
						"0.9333": [0.05, 0.12, -0.44],
						"0.9667": [-0.02, 0.11, -0.28],
						"1.0": [-0.07, 0.08, -0.06],
						"1.0333": [-0.1, 0.05, 0.16],
						"1.0667": [-0.12, 0.02, 0.34],
						"1.1": [-0.12, 0, 0.43],
						"1.1333": [-0.07, -0.01, 0.3],
						"1.1667": [0.03, 0, 0.01],
						"1.2": [0.1, 0, -0.2],
						"1.2333": [0.1, 0, -0.2],
						"1.2667": [0.06, 0, -0.14],
						"1.3": [0.03, 0, -0.06],
						"1.3333": [0, 0, 0]
					}
				}
			},
			"sound_effects": {
				"0.3333": {
					"effect": "rpg7_reload_lower"
				}
			}
		}
	}
}