{
	"format_version": "1.8.0",
	"animations": {
		"static_idle": {
			"loop": true,
			"bones": {
				"bullet_new_mag": {
					"scale": 0
				},
				"lefthand": {
					"rotation": [96.46298, -388.94431, -144.09311],
					"position": [6.4, -7.7, -7.5],
					"scale": [1, 1.5, 1]
				},
				"righthand": {
					"rotation": [92.73772, 12.3071, -177.79539],
					"position": [-6.8, -6.45, 3.65],
					"scale": [1, 1.5, 1]
				},
				"constraint": {
					"rotation": [0.25, 0.3, 0.25],
					"position": [0.15, 0.15, 0.15]
				}
			}
		},
		"bolt": {
			"animation_length": 0.7667,
			"bones": {
				"root": {
					"rotation": {
						"0.0": {
							"post": [0, 0, 0],
							"lerp_mode": "catmullrom"
						},
						"0.0667": {
							"post": [0, 0, 1.5],
							"lerp_mode": "catmullrom"
						},
						"0.1": {
							"post": [-0.66146, 0.09724, 2.9697],
							"lerp_mode": "catmullrom"
						},
						"0.1667": {
							"post": [1.20864, -0.15998, -5.55692],
							"lerp_mode": "catmullrom"
						},
						"0.2333": {
							"post": [0.98181, -0.6625, 1.91405],
							"lerp_mode": "catmullrom"
						},
						"0.3667": {
							"post": [-1.71, -0.37, 1.88],
							"lerp_mode": "catmullrom"
						},
						"0.4333": {
							"post": [-1.55, -0.09, 1.15],
							"lerp_mode": "catmullrom"
						},
						"0.4667": {
							"post": [0.03185, -0.00802, -0.23047],
							"lerp_mode": "catmullrom"
						},
						"0.5333": {
							"post": [0.40114, 0.01284, 1.88038],
							"lerp_mode": "catmullrom"
						},
						"0.6333": {
							"post": [0.02586, -0.00005, -2.13929],
							"lerp_mode": "catmullrom"
						},
						"0.7667": {
							"post": [0, 0, 0],
							"lerp_mode": "catmullrom"
						}
					},
					"position": {
						"0.0": {
							"post": [0, 0, 0],
							"lerp_mode": "catmullrom"
						},
						"0.1": {
							"post": [0, -0.125, 0],
							"lerp_mode": "catmullrom"
						},
						"0.1667": [-0.05757, -0.39924, 0.1],
						"0.2667": [-0.15, -0.445, -0.11],
						"0.3": {
							"pre": [-0.15, -0.34, -0.185],
							"post": [-0.15, -0.34, -0.185],
							"lerp_mode": "catmullrom"
						},
						"0.4": {
							"post": [-0.15, -0.35, -0.25],
							"lerp_mode": "catmullrom"
						},
						"0.5": {
							"post": [-0.08, -0.25, -0.045],
							"lerp_mode": "catmullrom"
						},
						"0.6": {
							"post": [0, -0.125, 0.075],
							"lerp_mode": "catmullrom"
						},
						"0.7667": {
							"post": [0, 0, 0],
							"lerp_mode": "catmullrom"
						}
					}
				},
				"lefthand": {
					"rotation": {
						"0.0": [96.46298, -388.94431, -144.09311],
						"0.4667": [96.46298, -388.94431, -144.09311]
					},
					"position": {
						"0.0": [6.4, -7.7, -7.5],
						"0.1": [6.4, -7.7, -7.5],
						"0.1667": [6.4, -7.7, -4],
						"0.4": [6.4, -7.7, -4],
						"0.4667": [6.4, -7.7, -7.5]
					},
					"scale": {
						"0.0": [1, 1.5, 1],
						"0.4667": [1, 1.5, 1]
					}
				},
				"righthand": {
					"rotation": [92.73772, 12.3071, -177.79539],
					"position": [-6.8, -6.45, 3.65],
					"scale": [1, 1.5, 1]
				},
				"pump": {
					"position": {
						"0.1": [0, 0, 0],
						"0.1667": [0, 0, 3.05],
						"0.4": [0, 0, 3.05],
						"0.4667": [0, 0, 0]
					}
				},
				"camera": {
					"rotation": {
						"0.0": {
							"post": [0, 0, 0],
							"lerp_mode": "catmullrom"
						},
						"0.0667": {
							"post": [0.4375, -0.03, 0],
							"lerp_mode": "catmullrom"
						},
						"0.1667": {
							"post": [0.4375, 0, 0],
							"lerp_mode": "catmullrom"
						},
						"0.2": {
							"post": [0.4375, 0.0275, -0.375],
							"lerp_mode": "catmullrom"
						},
						"0.2667": {
							"post": [0.4375, 0.0375, 0.5825],
							"lerp_mode": "catmullrom"
						},
						"0.3667": {
							"post": [0.4375, 0.0675, -0.46],
							"lerp_mode": "catmullrom"
						},
						"0.4667": {
							"post": [0.4375, 0.0875, 0.5475],
							"lerp_mode": "catmullrom"
						},
						"0.6": {
							"post": [-0.0625, 0, -0.1875],
							"lerp_mode": "catmullrom"
						},
						"0.6667": {
							"post": [-0.1875, -0.0925, 0],
							"lerp_mode": "catmullrom"
						},
						"0.7333": {
							"post": [0, 0, 0],
							"lerp_mode": "catmullrom"
						}
					}
				}
			},
			"sound_effects": {
				"0.1": {
					"effect": "zeta:sg8/pump1"
				},
				"0.3333": {
					"effect": "zeta:sg8/pump2"
				}
			}
		},
		"static_bolt_caught": {
			"loop": true,
			"bones": {
				"bullet_new_mag": {
					"scale": 0
				},
				"lefthand": {
					"rotation": [96.46298, -388.94431, -144.09311],
					"position": [6.4, -7.7, -7.5],
					"scale": [1, 1.5, 1]
				},
				"righthand": {
					"rotation": [92.73772, 12.3071, -177.79539],
					"position": [-6.8, -6.45, 3.65],
					"scale": [1, 1.5, 1]
				}
			}
		},
		"reload_empty": {
			"animation_length": 3.8,
			"bones": {
				"bullet": {
					"scale": {
						"1.2": [0, 0, 0],
						"1.2333": [1, 1, 1]
					}
				},
				"bullet_in_mag": {
					"scale": {
						"1.2": [1, 1, 1],
						"1.2333": [0, 0, 0]
					}
				},
				"root": {
					"rotation": {
						"0.0": [0, 0, 0],
						"0.1": {
							"pre": [-9.9798, -5.69315, -3.78492],
							"post": [-9.9798, -5.69315, -3.78492],
							"lerp_mode": "catmullrom"
						},
						"0.2667": {
							"post": [-22.64721, -22.90108, -21.45411],
							"lerp_mode": "catmullrom"
						},
						"0.4": {
							"post": [-22.78083, -23.99681, -21.41099],
							"lerp_mode": "catmullrom"
						},
						"0.4667": {
							"post": [-23.18285, -22.38797, -17.48681],
							"lerp_mode": "catmullrom"
						},
						"0.6": {
							"post": [-25.28526, -21.88253, -17.1827],
							"lerp_mode": "catmullrom"
						},
						"0.8": {
							"post": [-24.56547, -22.82701, -21.2417],
							"lerp_mode": "catmullrom"
						},
						"0.9": {
							"post": [-22.18774, -23.50748, -24.20756],
							"lerp_mode": "catmullrom"
						},
						"1.0": {
							"post": [-24.75731, -21.79456, -17.61184],
							"lerp_mode": "catmullrom"
						},
						"1.1": {
							"post": [-23.43435, -24.326, -23.31597],
							"lerp_mode": "catmullrom"
						},
						"1.2": {
							"post": [-24.7515, -23.9375, -22.89313],
							"lerp_mode": "catmullrom"
						},
						"1.3": {
							"post": [-25.26, -24.065, -23.035],
							"lerp_mode": "catmullrom"
						},
						"1.4333": {
							"post": [-20.77608, -26.65719, -33.11244],
							"lerp_mode": "catmullrom"
						},
						"1.5333": {
							"post": [-20.445, -26.395, -33.385],
							"lerp_mode": "catmullrom"
						},
						"1.7": {
							"post": [-20.60933, -26.39091, -32.51659],
							"lerp_mode": "catmullrom"
						},
						"1.7667": {
							"post": [-20.59005, -27.93453, -34.45059],
							"lerp_mode": "catmullrom"
						},
						"1.8667": {
							"post": [-19.53133, -27.39199, -32.68718],
							"lerp_mode": "catmullrom"
						},
						"2.0333": {
							"post": [-17.95987, -27.15229, -34.29352],
							"lerp_mode": "catmullrom"
						},
						"2.0667": {
							"post": [-20.06525, -26.57494, -28.46179],
							"lerp_mode": "catmullrom"
						},
						"2.1667": {
							"post": [-11.53925, -27.59772, -34.83451],
							"lerp_mode": "catmullrom"
						},
						"2.3333": {
							"post": [-14.36214, -19.444, -20.68301],
							"lerp_mode": "catmullrom"
						},
						"2.4333": {
							"post": [-12.63606, -4.76279, -6.39753],
							"lerp_mode": "catmullrom"
						},
						"2.5667": {
							"post": [-4.48906, -0.82, -0.77],
							"lerp_mode": "catmullrom"
						},
						"2.6667": {
							"post": [1.70703, 0, -1.4],
							"lerp_mode": "catmullrom"
						},
						"2.7667": {
							"post": [-0.36328, 0.425, 1.025],
							"lerp_mode": "catmullrom"
						},
						"2.8667": {
							"post": [0, 0, 0],
							"lerp_mode": "catmullrom"
						},
						"3.0": {
							"post": [0, 0, 0],
							"lerp_mode": "catmullrom"
						},
						"3.0333": [0, 0, 0],
						"3.1333": {
							"pre": [-8.3575, 0, 2.4375],
							"post": [-8.3575, 0, 2.4375],
							"lerp_mode": "catmullrom"
						},
						"3.1667": [-10, 0, 3],
						"3.2333": [-10, 0, 8],
						"3.3": [-10, -2, 7],
						"3.3667": [-10, -2, 7],
						"3.5": [-10, 1, 3],
						"3.5333": [-10, 0.5, 4],
						"3.5667": [-10, 0, 4],
						"3.7": {
							"pre": [-1.375, 0, 0.6375],
							"post": [-1.375, 0, 0.6375],
							"lerp_mode": "catmullrom"
						},
						"3.8": [0, 0, 0]
					},
					"position": {
						"0.0": [0, 0, 0],
						"0.1": {
							"pre": [-1.08, -1.26, -0.28],
							"post": [-1.08, -1.26, -0.28],
							"lerp_mode": "catmullrom"
						},
						"0.2667": {
							"post": [-2.6, -1.95, -1.1],
							"lerp_mode": "catmullrom"
						},
						"0.4": {
							"post": [-2.85, -1.775, -0.73],
							"lerp_mode": "catmullrom"
						},
						"0.5": {
							"post": [-2.85, -1.535, -0.605],
							"lerp_mode": "catmullrom"
						},
						"0.6667": {
							"post": [-2.8, -1.55, -0.7],
							"lerp_mode": "catmullrom"
						},
						"0.8": {
							"post": [-2.8, -1.6, -0.7],
							"lerp_mode": "catmullrom"
						},
						"0.9": {
							"post": [-2.79, -1.85, -0.65],
							"lerp_mode": "catmullrom"
						},
						"1.0": {
							"post": [-2.77, -1.71, -0.67],
							"lerp_mode": "catmullrom"
						},
						"1.1": {
							"post": [-2.78, -1.63, -0.69],
							"lerp_mode": "catmullrom"
						},
						"1.2": {
							"post": [-2.83, -1.845, -0.71],
							"lerp_mode": "catmullrom"
						},
						"1.4333": {
							"post": [-2.92, -1.905, -0.7],
							"lerp_mode": "catmullrom"
						},
						"1.6": {
							"post": [-2.93, -1.96, -0.7],
							"lerp_mode": "catmullrom"
						},
						"1.6333": {
							"post": [-2.93, -2, -1.7],
							"lerp_mode": "catmullrom"
						},
						"1.6667": {
							"post": [-2.92, -2.03, -0.7],
							"lerp_mode": "catmullrom"
						},
						"1.7667": {
							"post": [-2.895, -2.03, -0.7],
							"lerp_mode": "catmullrom"
						},
						"2.0333": {
							"post": [-2.8, -1.675, -0.7],
							"lerp_mode": "catmullrom"
						},
						"2.0667": {
							"post": [-2.9, -2.45, -0.5],
							"lerp_mode": "catmullrom"
						},
						"2.1333": {
							"post": [-2.9, -2.45, -0.54],
							"lerp_mode": "catmullrom"
						},
						"2.2667": {
							"post": [-2.7, -1.975, -0.575],
							"lerp_mode": "catmullrom"
						},
						"2.4333": {
							"post": [-0.8, -1.3, -0.875],
							"lerp_mode": "catmullrom"
						},
						"2.5333": {
							"post": [-0.05, -0.35, -1.525],
							"lerp_mode": "catmullrom"
						},
						"2.6667": {
							"post": [0.025, -0.05, 0.275],
							"lerp_mode": "catmullrom"
						},
						"2.7667": {
							"post": [0, -0.15, -0.15],
							"lerp_mode": "catmullrom"
						},
						"2.8667": {
							"post": [0, 0, 0],
							"lerp_mode": "catmullrom"
						},
						"3.0": {
							"post": [0, 0, 0],
							"lerp_mode": "catmullrom"
						},
						"3.0333": [0, 0, 0],
						"3.0667": [0, 0, 0],
						"3.1667": [0, 0, 0],
						"3.2333": [0, -0.5, 0.5],
						"3.3667": [0, -0.5, 0.5],
						"3.5": [0, -0.25, 0.25],
						"3.5667": [0, -0.25, 0.25],
						"3.8": [0, 0, 0]
					},
					"scale": 1
				},
				"mag_and_lefthand": {
					"rotation": {
						"0.9667": [0, 0, 0],
						"1.4333": [0, 0, 0],
						"1.6": [0, 0, 0],
						"2.0667": [0, 0, 0]
					},
					"position": {
						"0.4667": [0, 0, 0],
						"0.5667": [0, 0, 0],
						"0.7667": [0, 2, 21],
						"0.9667": [0, 2, 21],
						"1.4333": [0, 2, 14],
						"1.6": [0, 0, 0],
						"1.6667": [0, 0, 0],
						"1.7333": [0, 0, 0],
						"1.8333": [0, 0, 0],
						"1.9333": [0, 0, 0],
						"2.0": [0, 0, 0],
						"2.0333": [0, 0, 0],
						"2.0667": [0, 0, 0]
					}
				},
				"lefthand": {
					"rotation": {
						"0.0": [96.46298, -388.94431, -144.09311],
						"0.1667": {"pre": [96.46298, -388.94431, -144.09311], "post": [121.23178, -5.50436, -196.44119]},
						"0.3667": [121.23178, -5.50436, -196.44119],
						"0.5": [143.5442, -8.85241, -242.10675],
						"0.7": [171.0442, -8.85241, -242.10675],
						"1.1": [175.12669, -11.59773, -264.80618],
						"1.6": [153.5442, -8.85241, -242.10675],
						"1.6667": [158.5442, -8.85241, -242.10675],
						"1.9": {
							"pre": [101.70047, -39.33906, -192.29514],
							"post": [101.70047, -39.33906, -192.29514],
							"lerp_mode": "catmullrom"
						},
						"2.0": {
							"post": [128.3555, -52.22712, -183.40713],
							"lerp_mode": "catmullrom"
						},
						"2.0667": {
							"post": [101.70047, -39.33906, -192.29514],
							"lerp_mode": "catmullrom"
						},
						"2.2667": [99.56111, -11.48935, -192.43839],
						"2.4333": [93.69044, -14.89722, -170.46831],
						"2.5": {"pre": [93.69044, -14.89722, -170.46831], "post": [96.46298, -388.94431, -144.09311]},
						"3.0333": [96.46298, -388.94431, -144.09311],
						"3.1667": [98.96298, -388.94431, -144.09311],
						"3.2333": [91.49754, -391.43917, -144.16463],
						"3.3667": [91.49754, -391.43917, -144.16463],
						"3.5": [98.96298, -388.94431, -144.09311],
						"3.8": [96.46298, -388.94431, -144.09311]
					},
					"position": {
						"0.0": [6.4, -7.7, -7.5],
						"0.1": [9.08, -6.52, -3.78],
						"0.1667": [9.08, -1.52, 0.22],
						"0.2667": [9.08, 1.48, 0.22],
						"0.3667": [8.08, 0.48, 0.22],
						"0.5": [6.08, 2.48, 0.22],
						"0.7": [5.8057, -0.67024, 0.00704],
						"1.1": [5.8057, -0.67024, 0.00704],
						"1.6": [5.8057, 1.32976, 3.00704],
						"1.6667": [5.8057, 1.32976, 3.00704],
						"1.7333": [5.8057, 1.32976, 0.00704],
						"1.9": {
							"pre": [4.83, 3.14, 2.15],
							"post": [4.83, 3.14, 2.15],
							"lerp_mode": "catmullrom"
						},
						"2.0": {
							"post": [4.83, 4.14, 2.15],
							"lerp_mode": "catmullrom"
						},
						"2.0333": {
							"post": [4.83, 2.14, 2.15],
							"lerp_mode": "catmullrom"
						},
						"2.0667": {
							"post": [4.83, 4.14, 2.15],
							"lerp_mode": "catmullrom"
						},
						"2.2667": [9.895, -18.075, -4.695],
						"2.4333": [7.415, -12.44, -7.795],
						"2.5": [6.4, -7.7, -7.5],
						"3.0333": [6.4, -7.7, -7.5],
						"3.1667": [6.4, -7.7, -7.5],
						"3.2333": [6.4, -7.7, -4],
						"3.3667": [6.4, -7.7, -4],
						"3.5": [6.4, -7.7, -7.5],
						"3.8": [6.4, -7.7, -7.5]
					},
					"scale": {
						"0.0": [1, 1.5, 1],
						"2.5": [1, 1.5, 1],
						"3.0333": [1, 1.5, 1]
					}
				},
				"mag_extended_1": {
					"scale": 0
				},
				"righthand": {
					"rotation": [92.73772, 12.3071, -177.79539],
					"position": [-6.8, -6.45, 3.65],
					"scale": [1, 1.5, 1]
				},
				"refit_scope_view": {
					"position": [2, 0, 8]
				},
				"pump": {
					"position": {
						"3.1667": [0, 0, 0],
						"3.2333": [0, 0, 3.5],
						"3.3667": [0, 0, 3.5],
						"3.5": [0, 0, 0]
					}
				},
				"camera": {
					"rotation": {
						"0.0": {
							"post": [0, 0, 0],
							"lerp_mode": "catmullrom"
						},
						"0.1": {
							"post": [0.29, 0.05, -0.22],
							"lerp_mode": "catmullrom"
						},
						"0.3": {
							"post": [2.675, 0.3, -1.3],
							"lerp_mode": "catmullrom"
						},
						"0.4333": {
							"post": [2.875, 0.35, -1.51],
							"lerp_mode": "catmullrom"
						},
						"0.5": {
							"post": [3.195, 0.37, -1.43],
							"lerp_mode": "catmullrom"
						},
						"0.6": {
							"post": [3.325, 0.4, -1.725],
							"lerp_mode": "catmullrom"
						},
						"0.8333": {
							"post": [2.855, 0.4, -1.9],
							"lerp_mode": "catmullrom"
						},
						"0.9": {
							"post": [2.405, 0.4, -1.42],
							"lerp_mode": "catmullrom"
						},
						"1.0": {
							"post": [3.025, 0.4, -2.225],
							"lerp_mode": "catmullrom"
						},
						"1.1": {
							"post": [2.87, 0.44, -1.825],
							"lerp_mode": "catmullrom"
						},
						"1.2333": {
							"post": [2.55, 0.475, -1.7],
							"lerp_mode": "catmullrom"
						},
						"1.4333": {
							"post": [2.425, 0.475, -1.6],
							"lerp_mode": "catmullrom"
						},
						"1.6333": {
							"post": [2.625, 0.49, -1.76],
							"lerp_mode": "catmullrom"
						},
						"1.7": {
							"post": [3, 0.49, -1.61],
							"lerp_mode": "catmullrom"
						},
						"1.8": {
							"post": [2.775, 0.5, -1.925],
							"lerp_mode": "catmullrom"
						},
						"2.0": {
							"post": [2.85, 0.43, -1.79],
							"lerp_mode": "catmullrom"
						},
						"2.0667": {
							"post": [3.68, 0.4, -1.075],
							"lerp_mode": "catmullrom"
						},
						"2.1667": {
							"post": [2.675, 0.35, -2.11],
							"lerp_mode": "catmullrom"
						},
						"2.3333": {
							"post": [2.725, 0.3, -1.575],
							"lerp_mode": "catmullrom"
						},
						"2.5667": {
							"post": [0.04, 0.06, -0.4],
							"lerp_mode": "catmullrom"
						},
						"2.6333": {
							"post": [0.55, 0, 0.275],
							"lerp_mode": "catmullrom"
						},
						"2.7333": {
							"post": [-0.275, 0, -0.2],
							"lerp_mode": "catmullrom"
						},
						"2.8": {
							"post": [-0.19, 0, -0.13],
							"lerp_mode": "catmullrom"
						},
						"2.8667": {
							"post": [-0.05, 0, -0.04],
							"lerp_mode": "catmullrom"
						},
						"2.9667": {
							"post": [0, 0, 0],
							"lerp_mode": "catmullrom"
						},
						"3.0333": [0, 0, 0],
						"3.0667": {
							"pre": [-0.7875, 0, -0.7875],
							"post": [-0.7875, 0, -0.7875],
							"lerp_mode": "catmullrom"
						},
						"3.1333": [-1, 0, -1],
						"3.2333": [-1, 0, -1],
						"3.3": [-1, 0, -0.25],
						"3.3667": [-1, 0, -1.25],
						"3.4667": [-1, 0, -0.63],
						"3.5": [-1, 0, -0.5],
						"3.5333": [-1, 0, 0.25],
						"3.6333": [-1, 0, -0.5],
						"3.7": {
							"pre": [-0.1875, 0, -0.0675],
							"post": [-0.1875, 0, -0.0675],
							"lerp_mode": "catmullrom"
						},
						"3.8": [0, 0, 0]
					}
				}
			},
			"sound_effects": {
				"0.1667": {
					"effect": "fennec_reload_fast_up"
				},
				"0.4667": {
					"effect": "p10_sm_victor_raise"
				},
				"1.5333": {
					"effect": "p10_sm_victor_reload_maghit"
				},
				"1.9": {
					"effect": "p10_sm_victor_reload_magin"
				},
				"2.1": {
					"effect": "p10_sm_victor_reload_end"
				}
			}
		},
		"inspect": {
			"animation_length": 8.2083,
			"bones": {
				"bullet_new_mag": {
					"scale": 0
				},
				"mag": {
					"rotation": {
						"4.6667": [0, 0, 0],
						"5.0": {
							"pre": [23.52134, 11.65321, 41.84568],
							"post": [23.52134, 11.65321, 41.84568],
							"lerp_mode": "catmullrom"
						},
						"5.1667": {
							"post": [27.02134, 13.15321, 50.53318],
							"lerp_mode": "catmullrom"
						},
						"6.0": {
							"post": [23.77134, 12.65321, 46.84568],
							"lerp_mode": "catmullrom"
						},
						"6.2083": {
							"post": [5.4675, 2.6675, 10.565],
							"lerp_mode": "catmullrom"
						},
						"6.3333": {
							"post": [0, 0, 0],
							"lerp_mode": "catmullrom"
						}
					},
					"position": {
						"4.5": [0, 0, 0],
						"4.6667": {
							"pre": [0.375, -3.1875, -0.375],
							"post": [0.375, -3.1875, -0.375],
							"lerp_mode": "catmullrom"
						},
						"4.9583": {
							"post": [4.6875, -4, -2.75],
							"lerp_mode": "catmullrom"
						},
						"5.8333": {
							"post": [4.625, -4, -2.875],
							"lerp_mode": "catmullrom"
						},
						"6.2917": {
							"post": [0.375, -2.6875, -0.375],
							"lerp_mode": "catmullrom"
						},
						"6.4167": [0, 0, 0]
					}
				},
				"root": {
					"rotation": {
						"0.0": {
							"post": [0, 0, 0],
							"lerp_mode": "catmullrom"
						},
						"0.1667": {
							"post": [0.48, 0.02, -0.29],
							"lerp_mode": "catmullrom"
						},
						"0.4167": {
							"post": [-18.82686, -30.0579, -35.61364],
							"lerp_mode": "catmullrom"
						},
						"0.5417": {
							"post": [-26.28, -34.34, -35.43],
							"lerp_mode": "catmullrom"
						},
						"0.6667": {
							"post": [-26.2, -34.67, -37.19],
							"lerp_mode": "catmullrom"
						},
						"0.75": {
							"post": [-26.88936, -34.3704, -36.11364],
							"lerp_mode": "catmullrom"
						},
						"1.0": {
							"post": [-26.065, -34.5375, -38.29],
							"lerp_mode": "catmullrom"
						},
						"1.5": {
							"post": [-28.17, -33.36, -34.85],
							"lerp_mode": "catmullrom"
						},
						"1.875": {
							"post": [-26.89, -28.37, -27.86],
							"lerp_mode": "catmullrom"
						},
						"2.1667": {
							"post": [-29.57552, 19.93339, 29.44049],
							"lerp_mode": "catmullrom"
						},
						"2.3333": {
							"post": [-29.57552, 33.18339, 47.31549],
							"lerp_mode": "catmullrom"
						},
						"2.4583": {
							"post": [-29.58, 34.12, 49.25],
							"lerp_mode": "catmullrom"
						},
						"2.5417": {
							"post": [-29.58, 34.12, 52.25],
							"lerp_mode": "catmullrom"
						},
						"2.625": {
							"post": [-29.58, 34.12, 54.625],
							"lerp_mode": "catmullrom"
						},
						"2.875": {
							"post": [-29.58, 34.12, 54.625],
							"lerp_mode": "catmullrom"
						},
						"3.0417": {
							"post": [-29.08, 34.32, 54.125],
							"lerp_mode": "catmullrom"
						},
						"3.1667": {
							"post": [-29.08, 34.32, 54.125],
							"lerp_mode": "catmullrom"
						},
						"3.3333": {
							"post": [-29.258, 34.32, 54.16125],
							"lerp_mode": "catmullrom"
						},
						"3.4583": {
							"post": [-29.58, 34.12, 53.255],
							"lerp_mode": "catmullrom"
						},
						"3.5833": {
							"post": [-28.84389, 31.18003, 47.62926],
							"lerp_mode": "catmullrom"
						},
						"3.9167": {
							"post": [-28.84389, 31.74253, 43.12926],
							"lerp_mode": "catmullrom"
						},
						"4.25": {
							"post": [-26.28, -28.215, -26.3675],
							"lerp_mode": "catmullrom"
						},
						"4.5": {
							"post": [-26.28, -34.34, -35.43],
							"lerp_mode": "catmullrom"
						},
						"4.875": {
							"post": [-25.7175, -34.34, -35.43],
							"lerp_mode": "catmullrom"
						},
						"5.0417": {
							"post": [-26.28, -34.34, -35.43],
							"lerp_mode": "catmullrom"
						},
						"5.5417": {
							"post": [-26.9375, -33.2775, -35.13],
							"lerp_mode": "catmullrom"
						},
						"6.0417": {
							"post": [-26.28, -34.34, -35.43],
							"lerp_mode": "catmullrom"
						},
						"6.2083": {
							"post": [-23.28, -34.34, -35.43],
							"lerp_mode": "catmullrom"
						},
						"6.2917": {
							"post": [-22.03, -34.34, -34.805],
							"lerp_mode": "catmullrom"
						},
						"6.375": {
							"post": [-15.8425, -34.34, -31.18],
							"lerp_mode": "catmullrom"
						},
						"6.5417": {
							"post": [-12.0925, -35.1525, -35.9925],
							"lerp_mode": "catmullrom"
						},
						"6.6667": {
							"post": [-13.03, -32.74, -33.1],
							"lerp_mode": "catmullrom"
						},
						"6.8333": {
							"post": [-11.8425, -34.34, -34.43],
							"lerp_mode": "catmullrom"
						},
						"7.0417": {
							"post": [-23.84, -34.34, -34.43],
							"lerp_mode": "catmullrom"
						},
						"7.2083": {
							"post": [-4.6525, -28.34, -28.4925],
							"lerp_mode": "catmullrom"
						},
						"7.4167": {
							"post": [1.6875, -1.5, -3.5],
							"lerp_mode": "catmullrom"
						},
						"7.7083": {
							"post": [0, 0, 0],
							"lerp_mode": "catmullrom"
						}
					},
					"position": {
						"0.0": {
							"post": [0, 0, 0],
							"lerp_mode": "catmullrom"
						},
						"0.0833": {
							"post": [0, -1.08, 0],
							"lerp_mode": "catmullrom"
						},
						"0.25": {
							"post": [0, -1.015, 0],
							"lerp_mode": "catmullrom"
						},
						"0.5": {
							"post": [0, 1, 0],
							"lerp_mode": "catmullrom"
						},
						"0.75": {
							"post": [0, 1, 0],
							"lerp_mode": "catmullrom"
						},
						"1.875": {
							"post": [0, 0.9375, 0],
							"lerp_mode": "catmullrom"
						},
						"2.0417": {
							"post": [0, 0.25, 0.125],
							"lerp_mode": "catmullrom"
						},
						"2.125": {
							"post": [0, -0.125, 0.8125],
							"lerp_mode": "catmullrom"
						},
						"2.3333": {
							"post": [0, 0.75, 1],
							"lerp_mode": "catmullrom"
						},
						"2.4583": {
							"post": [0, 1, 1],
							"lerp_mode": "catmullrom"
						},
						"2.5417": {
							"post": [0, 1.02, 1.3125],
							"lerp_mode": "catmullrom"
						},
						"2.625": {
							"post": [0, 1.02, 1.375],
							"lerp_mode": "catmullrom"
						},
						"2.75": {
							"post": [0, 1.01, 1.0025],
							"lerp_mode": "catmullrom"
						},
						"2.875": {
							"post": [0, 1, 1],
							"lerp_mode": "catmullrom"
						},
						"3.4583": {
							"post": [0, 0.8125, 1],
							"lerp_mode": "catmullrom"
						},
						"3.5833": {
							"post": [0, -0.5, 0.75],
							"lerp_mode": "catmullrom"
						},
						"3.75": {
							"post": [0, 0.125, 1.0625],
							"lerp_mode": "catmullrom"
						},
						"3.9167": {
							"post": [0, 0.5, 1],
							"lerp_mode": "catmullrom"
						},
						"4.5": {
							"post": [0, 0.5, 1],
							"lerp_mode": "catmullrom"
						},
						"5.125": {
							"post": [0, 0.5, 1],
							"lerp_mode": "catmullrom"
						},
						"6.5417": {
							"post": [0, 0.375, 1],
							"lerp_mode": "catmullrom"
						},
						"6.75": {
							"post": [0, 0.5, 0.875],
							"lerp_mode": "catmullrom"
						},
						"7.4167": {
							"post": [0, 0.0625, 0.125],
							"lerp_mode": "catmullrom"
						},
						"7.7083": {
							"post": [0, 0, 0],
							"lerp_mode": "catmullrom"
						}
					}
				},
				"lefthand": {
					"rotation": {
						"0.0": [96.46298, -388.94431, -144.09311],
						"2.2083": [96.46298, -388.94431, -144.09311],
						"6.5417": [96.46298, -388.94431, -144.09311],
						"6.75": {
							"pre": [113.85269, -369.27255, -117.46815],
							"post": [113.85269, -369.27255, -117.46815],
							"lerp_mode": "catmullrom"
						},
						"6.8333": [111.33, -396.16, -111.12],
						"7.375": {
							"pre": [97.38, -391.69, -141.03],
							"post": [97.38, -391.69, -141.03],
							"lerp_mode": "catmullrom"
						},
						"7.7083": [96.46298, -388.94431, -144.09311]
					},
					"position": {
						"0.0": [6.4, -7.7, -7.5],
						"0.25": {
							"pre": [7.4, -7.45, -7.9375],
							"post": [7.4, -7.45, -7.9375],
							"lerp_mode": "catmullrom"
						},
						"0.5": {
							"post": [7.4, -27.7, 2.5],
							"lerp_mode": "catmullrom"
						},
						"1.7083": {
							"post": [7.4, -27.7, 2.5],
							"lerp_mode": "catmullrom"
						},
						"2.2083": [7.4, -7.7, -7.5],
						"2.4583": [7.4, -7.7, -7.5],
						"2.5833": [7.4, -7.7, -5.5],
						"3.5": [7.4, -7.7, -5.5],
						"3.5833": [7.4, -7.7, -7.5],
						"3.9167": {
							"pre": [7.4, -5.2, -8.125],
							"post": [7.4, -5.2, -8.125],
							"lerp_mode": "catmullrom"
						},
						"4.375": [6.4, -8.7, -7.5],
						"6.5417": [6.4, -8.7, -7.5],
						"6.75": [6.4, -8.7, -7.5],
						"6.8333": [6.4, -8.7, -6.5],
						"7.0833": {
							"pre": [6.66, -7.885, -6.27],
							"post": [6.66, -7.885, -6.27],
							"lerp_mode": "catmullrom"
						},
						"7.4167": {
							"post": [6.07, -7.28, -8.295],
							"lerp_mode": "catmullrom"
						},
						"7.7083": [6.4, -7.7, -7.5]
					},
					"scale": [1, 1.5, 1]
				},
				"righthand": {
					"rotation": [92.73772, 12.3071, -177.79539],
					"position": [-6.8, -6.45, 3.65],
					"scale": [1, 1.5, 1]
				},
				"pump": {
					"position": {
						"2.4583": [0, 0, 0],
						"2.5833": [0, 0, 2],
						"3.5": [0, 0, 2],
						"3.5833": [0, 0, 0],
						"6.75": [0, 0, 0],
						"6.875": [0, 0, 2],
						"7.1667": [0, 0, 2],
						"7.25": [0, 0, 0]
					}
				},
				"camera": {
					"rotation": {
						"0.0": {
							"post": [0, 0, 0],
							"lerp_mode": "catmullrom"
						},
						"0.25": {
							"post": [-0.125, 0.6875, 0],
							"lerp_mode": "catmullrom"
						},
						"0.6667": {
							"post": [-0.875, 0.9375, 0],
							"lerp_mode": "catmullrom"
						},
						"1.0": {
							"post": [-1, 1, 0],
							"lerp_mode": "catmullrom"
						},
						"1.7917": {
							"post": [-0.875, 0.75, 0.125],
							"lerp_mode": "catmullrom"
						},
						"2.2917": {
							"post": [0.5, -0.775, 0.875],
							"lerp_mode": "catmullrom"
						},
						"2.4167": {
							"post": [0.875, -1, 0.875],
							"lerp_mode": "catmullrom"
						},
						"2.5417": {
							"post": [1, -1, -0.5],
							"lerp_mode": "catmullrom"
						},
						"2.7083": {
							"post": [0.875, -1, 0.375],
							"lerp_mode": "catmullrom"
						},
						"2.9583": {
							"post": [0.5, -1.125, 0],
							"lerp_mode": "catmullrom"
						},
						"3.1667": {
							"post": [0.595, -1.125, -0.03],
							"lerp_mode": "catmullrom"
						},
						"3.4583": {
							"post": [0.5, -1, 0],
							"lerp_mode": "catmullrom"
						},
						"3.5417": {
							"post": [1.5, -1, -0.5],
							"lerp_mode": "catmullrom"
						},
						"3.625": {
							"post": [1.5, -1, 1],
							"lerp_mode": "catmullrom"
						},
						"3.75": {
							"post": [1.5, -1, -0.25],
							"lerp_mode": "catmullrom"
						},
						"3.875": {
							"post": [1.5, -0.75, 0.25],
							"lerp_mode": "catmullrom"
						},
						"4.0417": {
							"post": [0.5, -0.125, 0.0625],
							"lerp_mode": "catmullrom"
						},
						"4.2917": {
							"post": [-1.25, 0, 0],
							"lerp_mode": "catmullrom"
						},
						"4.5": {
							"post": [-0.98, 0.01, 0.125],
							"lerp_mode": "catmullrom"
						},
						"4.7083": {
							"post": [-0.125, -0.25, -0.5],
							"lerp_mode": "catmullrom"
						},
						"4.8333": {
							"post": [0, -0.625, -0.0625],
							"lerp_mode": "catmullrom"
						},
						"5.0": {
							"post": [0, -0.875, 0],
							"lerp_mode": "catmullrom"
						},
						"5.2917": {
							"post": [0.0625, -0.9825, -0.0525],
							"lerp_mode": "catmullrom"
						},
						"5.75": {
							"post": [-0.0625, -1.0525, 0.03],
							"lerp_mode": "catmullrom"
						},
						"6.0417": {
							"post": [0, -0.9375, 0.02],
							"lerp_mode": "catmullrom"
						},
						"6.2083": {
							"post": [0, -0.38, 0],
							"lerp_mode": "catmullrom"
						},
						"6.3333": {
							"post": [0, -0.25, -0.125],
							"lerp_mode": "catmullrom"
						},
						"6.5417": {
							"post": [0, -0.25, 0.5],
							"lerp_mode": "catmullrom"
						},
						"6.7083": {
							"post": [0, -0.25, 0.0625],
							"lerp_mode": "catmullrom"
						},
						"6.8333": {
							"post": [0, -0.25, 0],
							"lerp_mode": "catmullrom"
						},
						"7.0": {
							"post": [-0.25, -0.25, -0.5],
							"lerp_mode": "catmullrom"
						},
						"7.125": {
							"post": [-0.4375, -0.25, -0.125],
							"lerp_mode": "catmullrom"
						},
						"7.25": {
							"post": [-0.5, -0.25, 0],
							"lerp_mode": "catmullrom"
						},
						"7.4583": {
							"post": [-0.125, -0.0625, 0],
							"lerp_mode": "catmullrom"
						},
						"7.7083": {
							"post": [0, 0, 0],
							"lerp_mode": "catmullrom"
						}
					}
				}
			}
		},
		"inspect_empty": {
			"animation_length": 8.2083,
			"bones": {
				"bullet_new_mag": {
					"scale": 0
				},
				"mag": {
					"rotation": {
						"4.6667": [0, 0, 0],
						"5.0": {
							"pre": [23.52134, 11.65321, 41.84568],
							"post": [23.52134, 11.65321, 41.84568],
							"lerp_mode": "catmullrom"
						},
						"5.1667": {
							"post": [27.02134, 13.15321, 50.53318],
							"lerp_mode": "catmullrom"
						},
						"6.0": {
							"post": [23.77134, 12.65321, 46.84568],
							"lerp_mode": "catmullrom"
						},
						"6.2083": {
							"post": [5.4675, 2.6675, 10.565],
							"lerp_mode": "catmullrom"
						},
						"6.3333": {
							"post": [0, 0, 0],
							"lerp_mode": "catmullrom"
						}
					},
					"position": {
						"4.5": [0, 0, 0],
						"4.6667": {
							"pre": [0.375, -3.1875, -0.375],
							"post": [0.375, -3.1875, -0.375],
							"lerp_mode": "catmullrom"
						},
						"4.9583": {
							"post": [4.6875, -4, -2.75],
							"lerp_mode": "catmullrom"
						},
						"5.8333": {
							"post": [4.625, -4, -2.875],
							"lerp_mode": "catmullrom"
						},
						"6.2917": {
							"post": [0.375, -2.6875, -0.375],
							"lerp_mode": "catmullrom"
						},
						"6.4167": [0, 0, 0]
					}
				},
				"root": {
					"rotation": {
						"0.0": {
							"post": [0, 0, 0],
							"lerp_mode": "catmullrom"
						},
						"0.1667": {
							"post": [0.48, 0.02, -0.29],
							"lerp_mode": "catmullrom"
						},
						"0.4167": {
							"post": [-18.82686, -30.0579, -35.61364],
							"lerp_mode": "catmullrom"
						},
						"0.5417": {
							"post": [-26.28, -34.34, -35.43],
							"lerp_mode": "catmullrom"
						},
						"0.6667": {
							"post": [-26.2, -34.67, -37.19],
							"lerp_mode": "catmullrom"
						},
						"0.75": {
							"post": [-26.88936, -34.3704, -36.11364],
							"lerp_mode": "catmullrom"
						},
						"1.0": {
							"post": [-26.065, -34.5375, -38.29],
							"lerp_mode": "catmullrom"
						},
						"1.5": {
							"post": [-28.17, -33.36, -34.85],
							"lerp_mode": "catmullrom"
						},
						"1.875": {
							"post": [-26.89, -28.37, -27.86],
							"lerp_mode": "catmullrom"
						},
						"2.1667": {
							"post": [-29.57552, 19.93339, 29.44049],
							"lerp_mode": "catmullrom"
						},
						"2.3333": {
							"post": [-29.57552, 33.18339, 47.31549],
							"lerp_mode": "catmullrom"
						},
						"2.4583": {
							"post": [-29.58, 34.12, 49.25],
							"lerp_mode": "catmullrom"
						},
						"2.5417": {
							"post": [-29.58, 34.12, 52.25],
							"lerp_mode": "catmullrom"
						},
						"2.625": {
							"post": [-29.58, 34.12, 54.625],
							"lerp_mode": "catmullrom"
						},
						"2.875": {
							"post": [-29.58, 34.12, 54.625],
							"lerp_mode": "catmullrom"
						},
						"3.0417": {
							"post": [-29.08, 34.32, 54.125],
							"lerp_mode": "catmullrom"
						},
						"3.1667": {
							"post": [-29.08, 34.32, 54.125],
							"lerp_mode": "catmullrom"
						},
						"3.3333": {
							"post": [-29.258, 34.32, 54.16125],
							"lerp_mode": "catmullrom"
						},
						"3.4583": {
							"post": [-29.58, 34.12, 53.255],
							"lerp_mode": "catmullrom"
						},
						"3.5833": {
							"post": [-28.84389, 31.18003, 47.62926],
							"lerp_mode": "catmullrom"
						},
						"3.9167": {
							"post": [-28.84389, 31.74253, 43.12926],
							"lerp_mode": "catmullrom"
						},
						"4.25": {
							"post": [-26.28, -28.215, -26.3675],
							"lerp_mode": "catmullrom"
						},
						"4.5": {
							"post": [-26.28, -34.34, -35.43],
							"lerp_mode": "catmullrom"
						},
						"4.875": {
							"post": [-25.7175, -34.34, -35.43],
							"lerp_mode": "catmullrom"
						},
						"5.0417": {
							"post": [-26.28, -34.34, -35.43],
							"lerp_mode": "catmullrom"
						},
						"5.5417": {
							"post": [-26.9375, -33.2775, -35.13],
							"lerp_mode": "catmullrom"
						},
						"6.0417": {
							"post": [-26.28, -34.34, -35.43],
							"lerp_mode": "catmullrom"
						},
						"6.2083": {
							"post": [-23.28, -34.34, -35.43],
							"lerp_mode": "catmullrom"
						},
						"6.2917": {
							"post": [-22.03, -34.34, -34.805],
							"lerp_mode": "catmullrom"
						},
						"6.375": {
							"post": [-15.8425, -34.34, -31.18],
							"lerp_mode": "catmullrom"
						},
						"6.5417": {
							"post": [-12.0925, -35.1525, -35.9925],
							"lerp_mode": "catmullrom"
						},
						"6.6667": {
							"post": [-13.03, -32.74, -33.1],
							"lerp_mode": "catmullrom"
						},
						"6.8333": {
							"post": [-11.8425, -34.34, -34.43],
							"lerp_mode": "catmullrom"
						},
						"7.0417": {
							"post": [-23.84, -34.34, -34.43],
							"lerp_mode": "catmullrom"
						},
						"7.2083": {
							"post": [-4.6525, -28.34, -28.4925],
							"lerp_mode": "catmullrom"
						},
						"7.4167": {
							"post": [1.6875, -1.5, -3.5],
							"lerp_mode": "catmullrom"
						},
						"7.7083": {
							"post": [0, 0, 0],
							"lerp_mode": "catmullrom"
						}
					},
					"position": {
						"0.0": {
							"post": [0, 0, 0],
							"lerp_mode": "catmullrom"
						},
						"0.0833": {
							"post": [0, -1.08, 0],
							"lerp_mode": "catmullrom"
						},
						"0.25": {
							"post": [0, -1.015, 0],
							"lerp_mode": "catmullrom"
						},
						"0.5": {
							"post": [0, 1, 0],
							"lerp_mode": "catmullrom"
						},
						"0.75": {
							"post": [0, 1, 0],
							"lerp_mode": "catmullrom"
						},
						"1.875": {
							"post": [0, 0.9375, 0],
							"lerp_mode": "catmullrom"
						},
						"2.0417": {
							"post": [0, 0.25, 0.125],
							"lerp_mode": "catmullrom"
						},
						"2.125": {
							"post": [0, -0.125, 0.8125],
							"lerp_mode": "catmullrom"
						},
						"2.3333": {
							"post": [0, 0.75, 1],
							"lerp_mode": "catmullrom"
						},
						"2.4583": {
							"post": [0, 1, 1],
							"lerp_mode": "catmullrom"
						},
						"2.5417": {
							"post": [0, 1.02, 1.3125],
							"lerp_mode": "catmullrom"
						},
						"2.625": {
							"post": [0, 1.02, 1.375],
							"lerp_mode": "catmullrom"
						},
						"2.75": {
							"post": [0, 1.01, 1.0025],
							"lerp_mode": "catmullrom"
						},
						"2.875": {
							"post": [0, 1, 1],
							"lerp_mode": "catmullrom"
						},
						"3.4583": {
							"post": [0, 0.8125, 1],
							"lerp_mode": "catmullrom"
						},
						"3.5833": {
							"post": [0, -0.5, 0.75],
							"lerp_mode": "catmullrom"
						},
						"3.75": {
							"post": [0, 0.125, 1.0625],
							"lerp_mode": "catmullrom"
						},
						"3.9167": {
							"post": [0, 0.5, 1],
							"lerp_mode": "catmullrom"
						},
						"4.5": {
							"post": [0, 0.5, 1],
							"lerp_mode": "catmullrom"
						},
						"5.125": {
							"post": [0, 0.5, 1],
							"lerp_mode": "catmullrom"
						},
						"6.5417": {
							"post": [0, 0.375, 1],
							"lerp_mode": "catmullrom"
						},
						"6.75": {
							"post": [0, 0.5, 0.875],
							"lerp_mode": "catmullrom"
						},
						"7.4167": {
							"post": [0, 0.0625, 0.125],
							"lerp_mode": "catmullrom"
						},
						"7.7083": {
							"post": [0, 0, 0],
							"lerp_mode": "catmullrom"
						}
					}
				},
				"lefthand": {
					"rotation": {
						"0.0": [96.46298, -388.94431, -144.09311],
						"2.2083": [96.46298, -388.94431, -144.09311],
						"6.5417": [96.46298, -388.94431, -144.09311],
						"6.75": {
							"pre": [113.85269, -369.27255, -117.46815],
							"post": [113.85269, -369.27255, -117.46815],
							"lerp_mode": "catmullrom"
						},
						"6.8333": [111.33, -396.16, -111.12],
						"7.375": {
							"pre": [97.38, -391.69, -141.03],
							"post": [97.38, -391.69, -141.03],
							"lerp_mode": "catmullrom"
						},
						"7.7083": [96.46298, -388.94431, -144.09311]
					},
					"position": {
						"0.0": [6.4, -7.7, -7.5],
						"0.25": {
							"pre": [7.4, -7.45, -7.9375],
							"post": [7.4, -7.45, -7.9375],
							"lerp_mode": "catmullrom"
						},
						"0.5": {
							"post": [7.4, -27.7, 2.5],
							"lerp_mode": "catmullrom"
						},
						"1.7083": {
							"post": [7.4, -27.7, 2.5],
							"lerp_mode": "catmullrom"
						},
						"2.2083": [7.4, -7.7, -7.5],
						"2.4583": [7.4, -7.7, -7.5],
						"2.5833": [7.4, -7.7, -5.5],
						"3.5": [7.4, -7.7, -5.5],
						"3.5833": [7.4, -7.7, -7.5],
						"3.9167": {
							"pre": [7.4, -5.2, -8.125],
							"post": [7.4, -5.2, -8.125],
							"lerp_mode": "catmullrom"
						},
						"4.375": [6.4, -8.7, -7.5],
						"6.5417": [6.4, -8.7, -7.5],
						"6.75": [6.4, -8.7, -7.5],
						"6.8333": [6.4, -8.7, -6.5],
						"7.0833": {
							"pre": [6.66, -7.885, -6.27],
							"post": [6.66, -7.885, -6.27],
							"lerp_mode": "catmullrom"
						},
						"7.4167": {
							"post": [6.07, -7.28, -8.295],
							"lerp_mode": "catmullrom"
						},
						"7.7083": [6.4, -7.7, -7.5]
					},
					"scale": [1, 1.5, 1]
				},
				"righthand": {
					"rotation": [92.73772, 12.3071, -177.79539],
					"position": [-6.8, -6.45, 3.65],
					"scale": [1, 1.5, 1]
				},
				"pump": {
					"position": {
						"2.4583": [0, 0, 0],
						"2.5833": [0, 0, 2],
						"3.5": [0, 0, 2],
						"3.5833": [0, 0, 0],
						"6.75": [0, 0, 0],
						"6.875": [0, 0, 2],
						"7.1667": [0, 0, 2],
						"7.25": [0, 0, 0]
					}
				},
				"camera": {
					"rotation": {
						"0.0": {
							"post": [0, 0, 0],
							"lerp_mode": "catmullrom"
						},
						"0.25": {
							"post": [-0.125, 0.6875, 0],
							"lerp_mode": "catmullrom"
						},
						"0.6667": {
							"post": [-0.875, 0.9375, 0],
							"lerp_mode": "catmullrom"
						},
						"1.0": {
							"post": [-1, 1, 0],
							"lerp_mode": "catmullrom"
						},
						"1.7917": {
							"post": [-0.875, 0.75, 0.125],
							"lerp_mode": "catmullrom"
						},
						"2.2917": {
							"post": [0.5, -0.775, 0.875],
							"lerp_mode": "catmullrom"
						},
						"2.4167": {
							"post": [0.875, -1, 0.875],
							"lerp_mode": "catmullrom"
						},
						"2.5417": {
							"post": [1, -1, -0.5],
							"lerp_mode": "catmullrom"
						},
						"2.7083": {
							"post": [0.875, -1, 0.375],
							"lerp_mode": "catmullrom"
						},
						"2.9583": {
							"post": [0.5, -1.125, 0],
							"lerp_mode": "catmullrom"
						},
						"3.1667": {
							"post": [0.595, -1.125, -0.03],
							"lerp_mode": "catmullrom"
						},
						"3.4583": {
							"post": [0.5, -1, 0],
							"lerp_mode": "catmullrom"
						},
						"3.5417": {
							"post": [1.5, -1, -0.5],
							"lerp_mode": "catmullrom"
						},
						"3.625": {
							"post": [1.5, -1, 1],
							"lerp_mode": "catmullrom"
						},
						"3.75": {
							"post": [1.5, -1, -0.25],
							"lerp_mode": "catmullrom"
						},
						"3.875": {
							"post": [1.5, -0.75, 0.25],
							"lerp_mode": "catmullrom"
						},
						"4.0417": {
							"post": [0.5, -0.125, 0.0625],
							"lerp_mode": "catmullrom"
						},
						"4.2917": {
							"post": [-1.25, 0, 0],
							"lerp_mode": "catmullrom"
						},
						"4.5": {
							"post": [-0.98, 0.01, 0.125],
							"lerp_mode": "catmullrom"
						},
						"4.7083": {
							"post": [-0.125, -0.25, -0.5],
							"lerp_mode": "catmullrom"
						},
						"4.8333": {
							"post": [0, -0.625, -0.0625],
							"lerp_mode": "catmullrom"
						},
						"5.0": {
							"post": [0, -0.875, 0],
							"lerp_mode": "catmullrom"
						},
						"5.2917": {
							"post": [0.0625, -0.9825, -0.0525],
							"lerp_mode": "catmullrom"
						},
						"5.75": {
							"post": [-0.0625, -1.0525, 0.03],
							"lerp_mode": "catmullrom"
						},
						"6.0417": {
							"post": [0, -0.9375, 0.02],
							"lerp_mode": "catmullrom"
						},
						"6.2083": {
							"post": [0, -0.38, 0],
							"lerp_mode": "catmullrom"
						},
						"6.3333": {
							"post": [0, -0.25, -0.125],
							"lerp_mode": "catmullrom"
						},
						"6.5417": {
							"post": [0, -0.25, 0.5],
							"lerp_mode": "catmullrom"
						},
						"6.7083": {
							"post": [0, -0.25, 0.0625],
							"lerp_mode": "catmullrom"
						},
						"6.8333": {
							"post": [0, -0.25, 0],
							"lerp_mode": "catmullrom"
						},
						"7.0": {
							"post": [-0.25, -0.25, -0.5],
							"lerp_mode": "catmullrom"
						},
						"7.125": {
							"post": [-0.4375, -0.25, -0.125],
							"lerp_mode": "catmullrom"
						},
						"7.25": {
							"post": [-0.5, -0.25, 0],
							"lerp_mode": "catmullrom"
						},
						"7.4583": {
							"post": [-0.125, -0.0625, 0],
							"lerp_mode": "catmullrom"
						},
						"7.7083": {
							"post": [0, 0, 0],
							"lerp_mode": "catmullrom"
						}
					}
				}
			}
		},
		"shoot": {
			"animation_length": 1.125,
			"bones": {
				"trigger": {
					"position": {
						"0.0": [0, 0, 0],
						"0.0417": [0, 0, 0.2],
						"0.0833": [0, 0, 0]
					}
				},
				"bone": {
					"rotation": {
						"0.0": [0, 0, 0],
						"0.1667": [0, 0, 0]
					},
					"position": {
						"0.0": [0, 0, 0],
						"0.0833": {
							"pre": [-0.1, -0.2, 0],
							"post": [-0.1, -0.2, 0],
							"lerp_mode": "catmullrom"
						},
						"0.1667": [0, 0, 0]
					}
				},
				"bone103": {
					"rotation": {
						"0.0": [0, 0, 0],
						"0.1667": [0, 0, 0]
					},
					"position": {
						"0.0": [0, 0, 0],
						"0.0833": {
							"pre": [-0.1, -0.2, 0],
							"post": [-0.1, -0.2, 0],
							"lerp_mode": "catmullrom"
						},
						"0.1667": [0, 0, 0]
					}
				},
				"bone104": {
					"rotation": {
						"0.0": [0, 0, 0],
						"0.1667": [0, 0, 0]
					},
					"position": {
						"0.0": [0, 0, 0],
						"0.0833": {
							"pre": [0.1, -0.2, 0],
							"post": [0.1, -0.2, 0],
							"lerp_mode": "catmullrom"
						},
						"0.1667": [0, 0, 0]
					}
				},
				"bone105": {
					"rotation": {
						"0.0": [0, 0, 0],
						"0.1667": [0, 0, 0]
					},
					"position": {
						"0.0": [0, 0, 0],
						"0.0833": {
							"pre": [0.1, -0.2, 0],
							"post": [0.1, -0.2, 0],
							"lerp_mode": "catmullrom"
						},
						"0.1667": [0, 0, 0]
					}
				},
				"bone106": {
					"rotation": {
						"0.0": [0, 0, 0],
						"0.1667": [0, 0, 0]
					},
					"position": {
						"0.0": [0, 0, 0],
						"0.0833": {
							"pre": [0.1, -0.2, 0],
							"post": [0.1, -0.2, 0],
							"lerp_mode": "catmullrom"
						},
						"0.1667": [0, 0, 0]
					}
				},
				"bone107": {
					"rotation": {
						"0.0": [0, 0, 0],
						"0.1667": [0, 0, 0]
					},
					"position": {
						"0.0": [0, 0, 0],
						"0.0833": {
							"pre": [-0.1, -0.2, 0],
							"post": [-0.1, -0.2, 0],
							"lerp_mode": "catmullrom"
						},
						"0.1667": [0, 0, 0]
					}
				},
				"bone108": {
					"rotation": {
						"0.0": [0, 0, 0],
						"0.1667": [0, 0, 0]
					},
					"position": {
						"0.0": [0, 0, 0],
						"0.0833": {
							"pre": [-0.1, -0.2, 0],
							"post": [-0.1, -0.2, 0],
							"lerp_mode": "catmullrom"
						},
						"0.1667": [0, 0, 0]
					}
				},
				"bone109": {
					"rotation": {
						"0.0": [0, 0, 0],
						"0.1667": [0, 0, 0]
					},
					"position": {
						"0.0": [0, 0, 0],
						"0.0833": {
							"pre": [-0.1, -0.2, 0],
							"post": [-0.1, -0.2, 0],
							"lerp_mode": "catmullrom"
						},
						"0.1667": [0, 0, 0]
					}
				},
				"bone110": {
					"rotation": {
						"0.0": [0, 0, 0],
						"0.1667": [0, 0, 0]
					},
					"position": {
						"0.0": [0, 0, 0],
						"0.0833": {
							"pre": [0.1, -0.2, 0],
							"post": [0.1, -0.2, 0],
							"lerp_mode": "catmullrom"
						},
						"0.1667": [0, 0, 0]
					}
				},
				"root": {
					"rotation": {
						"0.0": [0, 0, 0],
						"0.0417": [-0.586, 0.022, -0.92],
						"0.0833": [-0.273, 0.009, 0.812],
						"0.125": [-0.014, 0.047, 1.048],
						"0.1667": [0.228, 0.118, 0.927],
						"0.2083": [0.343, 0.179, 0.353],
						"0.25": [0.339, 0.226, -0.463],
						"0.2917": [0.129, 0.177, -0.515],
						"0.3333": [-0.064, 0.105, -0.246],
						"0.375": [-0.257, 0.034, 0.024],
						"0.4167": [-0.162, -0.071, 0.343],
						"0.4583": [-0.098, -0.04, 0.194],
						"0.5": [-0.034, -0.008, 0.045],
						"0.5417": [0.03, 0.024, -0.104],
						"0.5833": [0.078, 0.045, -0.164],
						"0.625": [0.062, 0.034, -0.075],
						"0.6667": [0.047, 0.023, 0.015],
						"0.7083": [0.031, 0.011, 0.104],
						"0.75": [0.022, 0.01, 0.058],
						"0.7917": [0.013, 0.009, 0.011],
						"0.9167": [0.003, 0.005, -0.103],
						"1.0": [0.002, 0.004, -0.077],
						"1.125": [0, 0, 0]
					},
					"position": {
						"0.0": [0, 0, 0],
						"0.0417": [0.002, 0.029, 1.064],
						"0.0833": [0.012, 0.082, 0.258],
						"0.125": [0, 0.036, 0.272],
						"0.1667": [-0.003, -0.014, 0.11],
						"0.2083": [-0.014, -0.034, 0.084],
						"0.25": [-0.009, -0.03, 0.051],
						"0.2917": [0.001, -0.014, 0.042],
						"0.3333": [0.003, 0.004, 0.034],
						"0.375": [0.016, -0.009, 0.043],
						"0.4167": [0.048, 0.015, 0.069],
						"0.4583": [0.039, 0.012, 0.057],
						"0.5": [0.03, 0.01, 0.045],
						"0.5417": [0.022, 0.007, 0.034],
						"0.5833": [-0.003, -0.006, 0.009],
						"0.625": [-0.005, -0.007, 0.007],
						"0.6667": [-0.007, -0.007, 0.006],
						"0.7083": [-0.01, -0.007, 0.005],
						"0.75": [-0.008, -0.008, 0.005],
						"0.7917": [-0.007, -0.008, 0.004],
						"0.9167": [-0.003, -0.009, 0.003],
						"1.0": [-0.003, -0.008, 0.003],
						"1.125": [0, 0, 0]
					}
				},
				"constraint": {
					"rotation": {
						"0.0417": [0.35, 0.45, 0.35],
						"0.5": [0, 0, 0]
					},
					"position": {
						"0.0417": [0.45, 0.25, 0.325],
						"0.5": [0, 0, 0]
					}
				},
				"camera": {
					"rotation": {
						"0.0": [0, 0, 0],
						"0.0417": [0, 0, 0.65],
						"0.0833": [0, 0, 0.41],
						"0.125": [0, 0, -0.185],
						"0.1667": [0, 0, 0.2],
						"0.2083": [0, 0, 0]
					}
				}
			}
		},
		"reload_tactical": {
			"animation_length": 3,
			"bones": {
				"bullet": {
					"scale": {
						"1.2": [0, 0, 0],
						"1.2333": [1, 1, 1]
					}
				},
				"bullet_in_mag": {
					"scale": {
						"1.2": [1, 1, 1],
						"1.2333": [0, 0, 0]
					}
				},
				"root": {
					"rotation": {
						"0.0": [0, 0, 0],
						"0.1": {
							"pre": [-9.9798, -5.69315, -3.78492],
							"post": [-9.9798, -5.69315, -3.78492],
							"lerp_mode": "catmullrom"
						},
						"0.2667": {
							"post": [-22.64721, -22.90108, -21.45411],
							"lerp_mode": "catmullrom"
						},
						"0.4": {
							"post": [-22.78083, -23.99681, -21.41099],
							"lerp_mode": "catmullrom"
						},
						"0.4667": {
							"post": [-23.18285, -22.38797, -17.48681],
							"lerp_mode": "catmullrom"
						},
						"0.6": {
							"post": [-25.28526, -21.88253, -17.1827],
							"lerp_mode": "catmullrom"
						},
						"0.8": {
							"post": [-24.56547, -22.82701, -21.2417],
							"lerp_mode": "catmullrom"
						},
						"0.9": {
							"post": [-22.18774, -23.50748, -24.20756],
							"lerp_mode": "catmullrom"
						},
						"1.0": {
							"post": [-24.75731, -21.79456, -17.61184],
							"lerp_mode": "catmullrom"
						},
						"1.1": {
							"post": [-23.43435, -24.326, -23.31597],
							"lerp_mode": "catmullrom"
						},
						"1.2": {
							"post": [-24.7515, -23.9375, -22.89313],
							"lerp_mode": "catmullrom"
						},
						"1.3": {
							"post": [-25.26, -24.065, -23.035],
							"lerp_mode": "catmullrom"
						},
						"1.4333": {
							"post": [-20.77608, -26.65719, -33.11244],
							"lerp_mode": "catmullrom"
						},
						"1.5333": {
							"post": [-20.445, -26.395, -33.385],
							"lerp_mode": "catmullrom"
						},
						"1.7": {
							"post": [-20.60933, -26.39091, -32.51659],
							"lerp_mode": "catmullrom"
						},
						"1.7667": {
							"post": [-20.59005, -27.93453, -34.45059],
							"lerp_mode": "catmullrom"
						},
						"1.8667": {
							"post": [-19.53133, -27.39199, -32.68718],
							"lerp_mode": "catmullrom"
						},
						"2.0333": {
							"post": [-17.95987, -27.15229, -34.29352],
							"lerp_mode": "catmullrom"
						},
						"2.0667": {
							"post": [-20.06525, -26.57494, -28.46179],
							"lerp_mode": "catmullrom"
						},
						"2.1667": {
							"post": [-11.53925, -27.59772, -34.83451],
							"lerp_mode": "catmullrom"
						},
						"2.3333": {
							"post": [-14.36214, -19.444, -20.68301],
							"lerp_mode": "catmullrom"
						},
						"2.4333": {
							"post": [-12.63606, -4.76279, -6.39753],
							"lerp_mode": "catmullrom"
						},
						"2.5667": {
							"post": [-4.48906, -0.82, -0.77],
							"lerp_mode": "catmullrom"
						},
						"2.6667": {
							"post": [1.70703, 0, -1.4],
							"lerp_mode": "catmullrom"
						},
						"2.7667": {
							"post": [-0.36328, 0.425, 1.025],
							"lerp_mode": "catmullrom"
						},
						"2.8667": {
							"post": [0, 0, 0],
							"lerp_mode": "catmullrom"
						},
						"3.0": {
							"post": [0, 0, 0],
							"lerp_mode": "catmullrom"
						}
					},
					"position": {
						"0.0": [0, 0, 0],
						"0.1": {
							"pre": [-1.08, -1.26, -0.28],
							"post": [-1.08, -1.26, -0.28],
							"lerp_mode": "catmullrom"
						},
						"0.2667": {
							"post": [-2.6, -1.95, -1.1],
							"lerp_mode": "catmullrom"
						},
						"0.4": {
							"post": [-2.85, -1.775, -0.73],
							"lerp_mode": "catmullrom"
						},
						"0.5": {
							"post": [-2.85, -1.535, -0.605],
							"lerp_mode": "catmullrom"
						},
						"0.6667": {
							"post": [-2.8, -1.55, -0.7],
							"lerp_mode": "catmullrom"
						},
						"0.8": {
							"post": [-2.8, -1.6, -0.7],
							"lerp_mode": "catmullrom"
						},
						"0.9": {
							"post": [-2.79, -1.85, -0.65],
							"lerp_mode": "catmullrom"
						},
						"1.0": {
							"post": [-2.77, -1.71, -0.67],
							"lerp_mode": "catmullrom"
						},
						"1.1": {
							"post": [-2.78, -1.63, -0.69],
							"lerp_mode": "catmullrom"
						},
						"1.2": {
							"post": [-2.83, -1.845, -0.71],
							"lerp_mode": "catmullrom"
						},
						"1.4333": {
							"post": [-2.92, -1.905, -0.7],
							"lerp_mode": "catmullrom"
						},
						"1.6": {
							"post": [-2.93, -1.96, -0.7],
							"lerp_mode": "catmullrom"
						},
						"1.6333": {
							"post": [-2.93, -2, -1.7],
							"lerp_mode": "catmullrom"
						},
						"1.6667": {
							"post": [-2.92, -2.03, -0.7],
							"lerp_mode": "catmullrom"
						},
						"1.7667": {
							"post": [-2.895, -2.03, -0.7],
							"lerp_mode": "catmullrom"
						},
						"2.0333": {
							"post": [-2.8, -1.675, -0.7],
							"lerp_mode": "catmullrom"
						},
						"2.0667": {
							"post": [-2.9, -2.45, -0.5],
							"lerp_mode": "catmullrom"
						},
						"2.1333": {
							"post": [-2.9, -2.45, -0.54],
							"lerp_mode": "catmullrom"
						},
						"2.2667": {
							"post": [-2.7, -1.975, -0.575],
							"lerp_mode": "catmullrom"
						},
						"2.4333": {
							"post": [-0.8, -1.3, -0.875],
							"lerp_mode": "catmullrom"
						},
						"2.5333": {
							"post": [-0.05, -0.35, -1.525],
							"lerp_mode": "catmullrom"
						},
						"2.6667": {
							"post": [0.025, -0.05, 0.275],
							"lerp_mode": "catmullrom"
						},
						"2.7667": {
							"post": [0, -0.15, -0.15],
							"lerp_mode": "catmullrom"
						},
						"2.8667": {
							"post": [0, 0, 0],
							"lerp_mode": "catmullrom"
						},
						"3.0": {
							"post": [0, 0, 0],
							"lerp_mode": "catmullrom"
						}
					},
					"scale": 1
				},
				"mag_and_lefthand": {
					"rotation": {
						"0.9667": [0, 0, 0],
						"1.4333": [0, 0, 0],
						"1.6": [0, 0, 0],
						"2.0667": [0, 0, 0]
					},
					"position": {
						"0.4667": [0, 0, 0],
						"0.5667": [0, 0, 0],
						"0.7667": [0, 2, 21],
						"0.9667": [0, 2, 21],
						"1.4333": [0, 2, 14],
						"1.6": [0, 0, 0],
						"1.6667": [0, 0, 0],
						"1.7333": [0, 0, 0],
						"1.8333": [0, 0, 0],
						"1.9333": [0, 0, 0],
						"2.0": [0, 0, 0],
						"2.0333": [0, 0, 0],
						"2.0667": [0, 0, 0]
					}
				},
				"lefthand": {
					"rotation": {
						"0.0": [96.46298, -388.94431, -144.09311],
						"0.1667": {"pre": [96.46298, -388.94431, -144.09311], "post": [121.23178, -5.50436, -196.44119]},
						"0.3667": [121.23178, -5.50436, -196.44119],
						"0.5": [143.5442, -8.85241, -242.10675],
						"0.7": [171.0442, -8.85241, -242.10675],
						"1.1": [175.12669, -11.59773, -264.80618],
						"1.6": [153.5442, -8.85241, -242.10675],
						"1.6667": [158.5442, -8.85241, -242.10675],
						"1.9": {
							"pre": [101.70047, -39.33906, -192.29514],
							"post": [101.70047, -39.33906, -192.29514],
							"lerp_mode": "catmullrom"
						},
						"2.0": {
							"post": [128.3555, -52.22712, -183.40713],
							"lerp_mode": "catmullrom"
						},
						"2.0667": {
							"post": [101.70047, -39.33906, -192.29514],
							"lerp_mode": "catmullrom"
						},
						"2.2667": [99.56111, -11.48935, -192.43839],
						"2.4333": [93.69044, -14.89722, -170.46831],
						"2.5": {"pre": [93.69044, -14.89722, -170.46831], "post": [96.46298, -388.94431, -144.09311]}
					},
					"position": {
						"0.0": [6.4, -7.7, -7.5],
						"0.1": [9.08, -6.52, -3.78],
						"0.1667": [9.08, -1.52, 0.22],
						"0.2667": [9.08, 1.48, 0.22],
						"0.3667": [8.08, 0.48, 0.22],
						"0.5": [6.08, 2.48, 0.22],
						"0.7": [5.8057, -0.67024, 0.00704],
						"1.1": [5.8057, -0.67024, 0.00704],
						"1.6": [5.8057, 1.32976, 3.00704],
						"1.6667": [5.8057, 1.32976, 3.00704],
						"1.7333": [5.8057, 1.32976, 0.00704],
						"1.9": {
							"pre": [4.83, 3.14, 2.15],
							"post": [4.83, 3.14, 2.15],
							"lerp_mode": "catmullrom"
						},
						"2.0": {
							"post": [4.83, 4.14, 2.15],
							"lerp_mode": "catmullrom"
						},
						"2.0333": {
							"post": [4.83, 2.14, 2.15],
							"lerp_mode": "catmullrom"
						},
						"2.0667": {
							"post": [4.83, 4.14, 2.15],
							"lerp_mode": "catmullrom"
						},
						"2.2667": [9.895, -18.075, -4.695],
						"2.4333": [7.415, -12.44, -7.795],
						"2.5": [6.4, -7.7, -7.5]
					},
					"scale": {
						"0.0": [1, 1.5, 1],
						"2.5": [1, 1.5, 1]
					}
				},
				"mag_extended_1": {
					"scale": 0
				},
				"righthand": {
					"rotation": [92.73772, 12.3071, -177.79539],
					"position": [-6.8, -6.45, 3.65],
					"scale": [1, 1.5, 1]
				},
				"refit_scope_view": {
					"position": [2, 0, 8]
				},
				"camera": {
					"rotation": {
						"0.0": {
							"post": [0, 0, 0],
							"lerp_mode": "catmullrom"
						},
						"0.1": {
							"post": [0.29, 0.05, -0.22],
							"lerp_mode": "catmullrom"
						},
						"0.3": {
							"post": [2.675, 0.3, -1.3],
							"lerp_mode": "catmullrom"
						},
						"0.4333": {
							"post": [2.875, 0.35, -1.51],
							"lerp_mode": "catmullrom"
						},
						"0.5": {
							"post": [3.195, 0.37, -1.43],
							"lerp_mode": "catmullrom"
						},
						"0.6": {
							"post": [3.325, 0.4, -1.725],
							"lerp_mode": "catmullrom"
						},
						"0.8333": {
							"post": [2.855, 0.4, -1.9],
							"lerp_mode": "catmullrom"
						},
						"0.9": {
							"post": [2.405, 0.4, -1.42],
							"lerp_mode": "catmullrom"
						},
						"1.0": {
							"post": [3.025, 0.4, -2.225],
							"lerp_mode": "catmullrom"
						},
						"1.1": {
							"post": [2.87, 0.44, -1.825],
							"lerp_mode": "catmullrom"
						},
						"1.2333": {
							"post": [2.55, 0.475, -1.7],
							"lerp_mode": "catmullrom"
						},
						"1.4333": {
							"post": [2.425, 0.475, -1.6],
							"lerp_mode": "catmullrom"
						},
						"1.6333": {
							"post": [2.625, 0.49, -1.76],
							"lerp_mode": "catmullrom"
						},
						"1.7": {
							"post": [3, 0.49, -1.61],
							"lerp_mode": "catmullrom"
						},
						"1.8": {
							"post": [2.775, 0.5, -1.925],
							"lerp_mode": "catmullrom"
						},
						"2.0": {
							"post": [2.85, 0.43, -1.79],
							"lerp_mode": "catmullrom"
						},
						"2.0667": {
							"post": [3.68, 0.4, -1.075],
							"lerp_mode": "catmullrom"
						},
						"2.1667": {
							"post": [2.675, 0.35, -2.11],
							"lerp_mode": "catmullrom"
						},
						"2.3333": {
							"post": [2.725, 0.3, -1.575],
							"lerp_mode": "catmullrom"
						},
						"2.5667": {
							"post": [0.04, 0.06, -0.4],
							"lerp_mode": "catmullrom"
						},
						"2.6333": {
							"post": [0.55, 0, 0.275],
							"lerp_mode": "catmullrom"
						},
						"2.7333": {
							"post": [-0.275, 0, -0.2],
							"lerp_mode": "catmullrom"
						},
						"2.8": {
							"post": [-0.19, 0, -0.13],
							"lerp_mode": "catmullrom"
						},
						"2.8667": {
							"post": [-0.05, 0, -0.04],
							"lerp_mode": "catmullrom"
						},
						"2.9667": {
							"post": [0, 0, 0],
							"lerp_mode": "catmullrom"
						}
					}
				}
			},
			"sound_effects": {
				"0.1667": {
					"effect": "fennec_reload_fast_up"
				},
				"0.4667": {
					"effect": "p10_sm_victor_raise"
				},
				"1.5333": {
					"effect": "p10_sm_victor_reload_maghit"
				},
				"1.9": {
					"effect": "p10_sm_victor_reload_magin"
				},
				"2.1": {
					"effect": "p10_sm_victor_reload_end"
				}
			}
		}
	}
}