{
	"format_version": "1.8.0",
	"animations": {
		"reload_empty": {
			"animation_length": 3.5333,
			"bones": {
				"rocket": {
					"scale": {
						"0.5": [0, 0, 0],
						"0.5333": [0.5, 0.5, 0.5],
						"0.5667": [1, 1, 1]
					}
				},
				"root": {
					"rotation": {
						"0.0": [0, 0, 0],
						"0.0333": [0.82, -0.23, 0.92],
						"0.0667": [2.22, -0.32, 2.3],
						"0.1": [3.5, -0.75, 3.79],
						"0.1333": [3.96, -1.99, 5.02],
						"0.1667": [2.88, -4.5, 5.64],
						"0.2": [-1.52, -10.51, 5.27],
						"0.2333": [-8.24, -18.79, 4.12],
						"0.2667": [-15.3, -27.05, 2.79],
						"0.3": [-20.72, -33.05, 1.9],
						"0.3333": [-23.07, -35.2, 1.68],
						"0.3667": [-24.89, -36.36, 1.62],
						"0.4": [-26.28, -36.86, 1.66],
						"0.4333": [-27.33, -36.99, 1.75],
						"0.4667": [-28.11, -37.06, 1.84],
						"0.5": [-28.72, -37.4, 1.87],
						"0.5333": [-29.02, -38.1, 1.86],
						"0.5667": [-28.28, -38.58, 1.83],
						"0.6": [-27.38, -39.81, 1.68],
						"0.6333": [-26.97, -41.04, 1.53],
						"0.6667": [-26.47, -42.67, 1.34],
						"0.7": [-25.93, -44.48, 1.11],
						"0.7333": [-25.41, -46.27, 0.88],
						"0.7667": [-24.95, -47.81, 0.66],
						"0.8": [-24.62, -48.9, 0.48],
						"0.8333": [-24.36, -49.76, 0.11],
						"0.8667": [-24.43, -49.28, -0.18],
						"0.9": [-24.4, -48.88, -0.41],
						"0.9333": [-24.37, -48.25, -0.64],
						"0.9667": [-24.32, -47.7, -0.79],
						"1.0": [-24.04, -46.75, -0.7],
						"1.0333": [-24.35, -47.1, -0.71],
						"1.0667": [-24.51, -47.59, -0.72],
						"1.1": [-24.4, -47.65, -0.72],
						"1.1333": [-24.22, -47.67, -0.72],
						"1.1667": [-23.99, -47.68, -0.72],
						"1.2": [-23.74, -47.68, -0.71],
						"1.2333": [-23.49, -47.7, -0.71],
						"1.2667": [-23.28, -47.74, -0.7],
						"1.3": [-23.11, -47.82, -0.68],
						"1.3333": [-23.05, -47.87, -0.67],
						"1.3667": [-22.99, -47.94, -0.66],
						"1.4": [-22.93, -48.01, -0.64],
						"1.4333": [-22.87, -48.1, -0.63],
						"1.4667": [-22.81, -48.19, -0.61],
						"1.5": [-22.76, -48.28, -0.59],
						"1.5333": [-22.71, -48.37, -0.58],
						"1.5667": [-22.67, -48.47, -0.56],
						"1.6": [-22.64, -48.57, -0.54],
						"1.6333": [-22.62, -48.66, -0.52],
						"1.6667": [-22.61, -48.75, -0.5],
						"1.7": [-22.62, -48.84, -0.49],
						"1.7333": [-22.64, -48.91, -0.47],
						"1.7667": [-22.68, -48.98, -0.46],
						"1.8": [-22.74, -49.04, -0.45],
						"1.8333": [-23.51, -49.22, -0.42],
						"1.8667": [-24.6, -49.3, -0.4],
						"1.9": [-25.22, -49.39, -0.38],
						"1.9333": [-25.16, -49.56, -0.35],
						"1.9667": [-24.82, -49.77, -0.31],
						"2.0": [-24.27, -49.9, -0.29],
						"2.0333": [-23.59, -49.79, -0.3],
						"2.0667": [-21.56, -50.14, -0.32],
						"2.1": [-19.55, -47.25, -0.7],
						"2.1333": [-19.22, -44.11, -1.04],
						"2.1667": [-19.09, -39.75, -1.5],
						"2.2": [-19.03, -34.76, -2.03],
						"2.2333": [-18.92, -29.7, -2.58],
						"2.2667": [-18.65, -25.16, -3.11],
						"2.3": [-18.11, -21.72, -3.57],
						"2.3333": [-15.86, -17.87, -4.41],
						"2.3667": [-12.96, -16.09, -5.17],
						"2.4": [-10.87, -14.74, -5.72],
						"2.4333": [-10.44, -13.85, -5.92],
						"2.4667": [-10.44, -13.14, -6.04],
						"2.5": [-10.66, -12.57, -6.09],
						"2.5333": [-10.89, -12.11, -6.08],
						"2.5667": [-10.93, -11.72, -6],
						"2.6": [-9.56, -11.01, -4.67],
						"2.6333": [-9.65, -10.91, -5.22],
						"2.6667": [-9.94, -10.86, -6.13],
						"2.7": [-10.1, -10.84, -6.67],
						"2.7333": [-9.98, -10.95, -6.51],
						"2.7667": [-9.73, -11.1, -5.98],
						"2.8": [-9.39, -10.99, -5.37],
						"2.8333": [-9.23, -10.66, -4.71],
						"2.8667": [-8.99, -10.09, -3.96],
						"2.9": [-7.97, -8.91, -3.34],
						"2.9333": [-7.05, -8.09, -3.18],
						"2.9667": [-5.8, -7.02, -3.08],
						"3.0": [-4.36, -5.81, -3.02],
						"3.0333": [-2.87, -4.55, -2.96],
						"3.0667": [-1.47, -3.35, -2.86],
						"3.1": [-0.32, -2.31, -2.68],
						"3.1333": [0.46, -1.51, -2.39],
						"3.1667": [0.85, -0.69, -1.46],
						"3.2": [0.5, -0.3, -0.21],
						"3.2333": [-0.11, -0.14, 0.98],
						"3.2667": [-0.5, 0, 1.68],
						"3.3": [-0.57, 0.16, 1.16],
						"3.3333": [-0.49, 0.11, 0.18],
						"3.3667": [-0.43, 0.09, 0.18],
						"3.4": [-0.34, 0.04, 0.39],
						"3.4333": [-0.25, 0, 0.5],
						"3.4667": [-0.16, -0.01, 0.38],
						"3.5": [-0.07, 0, 0.16],
						"3.5333": [0, 0, 0]
					},
					"position": {
						"0.0": [0, 0, 0],
						"0.0333": [-0.05, -0.22, -0.01],
						"0.0667": [-0.12, -0.53, -0.03],
						"0.1": [-0.2, -0.89, -0.05],
						"0.1333": [-0.27, -1.28, -0.04],
						"0.1667": [-0.3, -1.67, 0],
						"0.2": [-0.3, -2.22, 0.11],
						"0.2333": [-0.27, -2.82, 0.28],
						"0.2667": [-0.21, -3.39, 0.46],
						"0.3": [-0.12, -3.84, 0.66],
						"0.3333": [0, -4.08, 0.83],
						"0.3667": [0.16, -4.25, 1.03],
						"0.4": [0.34, -4.37, 1.23],
						"0.4333": [0.49, -4.46, 1.41],
						"0.4667": [0.6, -4.54, 1.54],
						"0.5": [0.65, -4.62, 1.61],
						"0.5333": [0.65, -4.66, 1.62],
						"0.5667": [0.62, -4.68, 1.6],
						"0.6": [0.6, -4.7, 1.6],
						"0.6333": [0.6, -4.72, 1.62],
						"0.6667": [0.6, -4.73, 1.64],
						"0.7": [0.6, -4.78, 1.65],
						"0.7333": [0.6, -4.83, 1.66],
						"0.7667": [0.6, -4.89, 1.67],
						"0.8": [0.6, -4.97, 1.67],
						"0.8333": [0.6, -5.04, 1.68],
						"0.8667": [0.6, -5.1, 1.67],
						"0.9": [0.6, -5.18, 1.64],
						"0.9333": [0.6, -5.24, 1.59],
						"0.9667": [0.6, -5.27, 1.53],
						"1.0": [0.6, -5.27, 1.5],
						"1.0333": [0.6, -5.26, 1.47],
						"1.0667": [0.6, -5.24, 1.44],
						"1.1": [0.6, -5.22, 1.41],
						"1.1333": [0.6, -5.2, 1.38],
						"1.1667": [0.6, -5.18, 1.34],
						"1.2": [0.6, -5.17, 1.31],
						"1.2333": [0.6, -5.17, 1.29],
						"1.2667": [0.6, -5.17, 1.27],
						"1.3": [0.6, -5.17, 1.25],
						"1.3333": [0.6, -5.17, 1.22],
						"1.3667": [0.6, -5.18, 1.2],
						"1.4": [0.59, -5.19, 1.18],
						"1.4333": [0.59, -5.19, 1.16],
						"1.4667": [0.59, -5.19, 1.14],
						"1.5": [0.59, -5.2, 1.12],
						"1.5333": [0.59, -5.2, 1.1],
						"1.5667": [0.59, -5.19, 1.09],
						"1.6": [0.59, -5.17, 1.06],
						"1.6333": [0.59, -5.13, 1.04],
						"1.6667": [0.59, -5.09, 1.03],
						"1.7": [0.59, -5.03, 1.02],
						"1.7333": [0.59, -4.97, 1.01],
						"1.7667": [0.59, -4.93, 1],
						"1.8": [0.59, -4.92, 0.98],
						"1.8333": [0.59, -4.91, 0.95],
						"1.8667": [0.59, -4.92, 0.92],
						"1.9": [0.59, -4.93, 0.9],
						"1.9333": [0.59, -5, 0.89],
						"1.9667": [0.59, -5.03, 0.86],
						"2.0": [0.58, -4.94, 0.79],
						"2.0333": [0.6, -4.8, 0.6],
						"2.0667": [0.64, -4.8, 0.43],
						"2.1": [0.7, -4.85, 0.22],
						"2.1333": [0.75, -4.87, -0.02],
						"2.1667": [0.79, -4.79, -0.25],
						"2.2": [0.77, -4.52, -0.43],
						"2.2333": [0.7, -4.08, -0.56],
						"2.2667": [0.58, -3.46, -0.69],
						"2.3": [0.45, -2.75, -0.8],
						"2.3333": [0.3, -2.04, -0.88],
						"2.3667": [0.18, -1.41, -0.92],
						"2.4": [0.1, -0.95, -0.9],
						"2.4333": [0.06, -0.64, -0.77],
						"2.4667": [0.06, -0.5, -0.53],
						"2.5": [0.07, -0.45, -0.25],
						"2.5333": [0.09, -0.44, 0.01],
						"2.5667": [0.1, -0.4, 0.2],
						"2.6": [0.07, -0.3, 0.34],
						"2.6333": [0.04, -0.25, 0.38],
						"2.6667": [0.02, -0.21, 0.39],
						"2.7": [0.01, -0.19, 0.4],
						"2.7333": [0.02, -0.17, 0.4],
						"2.7667": [0.02, -0.17, 0.39],
						"2.8": [0.03, -0.2, 0.38],
						"2.8333": [0.02, -0.25, 0.37],
						"2.8667": [0.02, -0.34, 0.37],
						"2.9": [0.01, -0.43, 0.36],
						"2.9333": [0.01, -0.52, 0.35],
						"2.9667": [0, -0.58, 0.33],
						"3.0": [0, -0.6, 0.3],
						"3.0333": [0, -0.54, 0.24],
						"3.0667": [0, -0.41, 0.15],
						"3.1": [0, -0.26, 0.06],
						"3.1333": [0, -0.13, -0.02],
						"3.1667": [0, -0.04, -0.07],
						"3.2": [0, -0.01, -0.1],
						"3.2333": [0, -0.05, -0.08],
						"3.2667": [0, -0.07, -0.05],
						"3.3": [0, -0.02, -0.02],
						"3.3333": [0, 0.03, 0],
						"3.3667": [0, 0.02, 0],
						"3.4": [0, 0.01, 0],
						"3.4333": [0, 0, 0],
						"3.4667": [0, 0, 0],
						"3.5": [0, 0, 0],
						"3.5333": [0, 0, 0]
					}
				},
				"mag_hand": {
					"rotation": {
						"0.0": [0, 0, 0],
						"0.0333": [0, 0, -2.76],
						"0.0667": [0, 0, -5.53],
						"0.1": [0, 0, -8.29],
						"0.1333": [0, 0, -11.06],
						"0.1667": [0, 0, -13.82],
						"0.2": [0, 0, -16.59],
						"0.2333": [0, 0, -19.35],
						"0.2667": [0, 0, -22.12],
						"0.3": [0, 0, -24.88],
						"0.3333": [0, 0, -27.65],
						"0.3667": [0, 0, -30.41],
						"0.4": [0, 0, -33.18],
						"0.4333": [0, 0, -35.94],
						"0.4667": [0, 0, -38.71],
						"0.5": [0, 0, -41.47],
						"0.5333": [0, 0, -44.24],
						"0.5667": [0, 0, -47],
						"0.6": [0.48, -0.18, -47],
						"0.6333": [0.96, -0.36, -47],
						"0.6667": [1.45, -0.54, -47],
						"0.7": [1.93, -0.71, -47],
						"0.7333": [2.41, -0.89, -47],
						"0.7667": [2.89, -1.07, -47],
						"0.8": [3.38, -1.25, -47],
						"0.8333": [4.07, -2.08, -47.06],
						"0.8667": [4.77, -2.91, -47.13],
						"0.9": [5.47, -3.74, -47.19],
						"0.9333": [2.23, -2.87, -47.1],
						"0.9667": [-1, -2, -47],
						"1.0": [-0.63, -1.25, -50],
						"1.0333": [-0.25, -0.5, -53],
						"1.0667": [-0.12, -0.25, -54],
						"1.1": [0, 0, -55],
						"1.1333": [0, 0, -53],
						"1.1667": [0, 0, -51],
						"1.2": [0, 0, -49],
						"1.2333": [0, 0, -47],
						"1.2667": [0, 0, -42.67],
						"1.3": [0, 0, -38.33],
						"1.3333": [0, 0, -34],
						"1.3667": [0, 0, -34],
						"1.4": [0, 0, -34],
						"1.4333": [0, 0, -34],
						"1.4667": [0, 0, -34],
						"1.5": [0, 0, -34],
						"1.5333": [0, 0, -34],
						"1.5667": [0, 0, -34],
						"1.6": [0, 0, -38.33],
						"1.6333": [0, 0, -42.67],
						"1.6667": [0, 0, -47],
						"1.7": [0, 0, -47],
						"1.7333": [0, 0, -47],
						"1.7667": [0, 0, -47],
						"1.8": [0, 0, -47],
						"1.8333": [0, 0, -47],
						"1.8667": [0, 0, -47],
						"1.9": [0, 0, -47],
						"1.9333": [0, 0, -23.5],
						"1.9667": [0, 0, 0]
					},
					"position": {
						"0.0": [0, 0, 0],
						"0.0333": [0.3, -0.45, 2.57],
						"0.0667": [0.6, -0.9, 5.14],
						"0.1": [0.89, -1.35, 7.71],
						"0.1333": [1.19, -1.81, 10.27],
						"0.1667": [1.49, -2.26, 12.84],
						"0.2": [1.79, -2.71, 15.41],
						"0.2333": [2.09, -3.16, 17.98],
						"0.2667": [2.38, -3.61, 20.55],
						"0.3": [2.68, -4.06, 23.12],
						"0.3333": [2.98, -4.51, 25.69],
						"0.3667": [3.28, -4.96, 28.25],
						"0.4": [3.57, -5.42, 30.82],
						"0.4333": [3.87, -5.87, 33.39],
						"0.4667": [4.17, -6.32, 35.96],
						"0.5": [4.47, -6.77, 38.53],
						"0.5333": [4.77, -7.22, 41.1],
						"0.5667": [5.06, -7.67, 43.67],
						"0.6": [4.9, -7.29, 34.33],
						"0.6333": [4.74, -6.9, 25],
						"0.6667": [4.57, -6.51, 15.67],
						"0.7": [4.41, -6.13, 6.33],
						"0.7333": [4.24, -5.74, -3],
						"0.7667": [4.08, -5.36, -12.34],
						"0.8": [3.91, -4.97, -21.67],
						"0.8333": [3.56, -3.7, -23.17],
						"0.8667": [3.21, -2.43, -24.67],
						"0.9": [2.28, -0.72, -20.66],
						"0.9333": [1.34, -0.36, -20.53],
						"0.9667": [0.4, 0, -20.4],
						"1.0": [0.25, 0, -20.21],
						"1.0333": [0.1, 0, -20.02],
						"1.0667": [0.05, 0, -19.96],
						"1.1": [0, 0, -19.9],
						"1.1333": [0, 0, -16.98],
						"1.1667": [0, 0, -14.06],
						"1.2": [0, 0, -11.14],
						"1.2333": [0, 0, -8.22],
						"1.2667": [0, 0, -7.9],
						"1.3": [0, 0, -7.57],
						"1.3333": [0, 0, -7.25],
						"1.3667": [0, 0, -7.25],
						"1.4": [0, 0, -7.25],
						"1.4333": [0, 0, -7.25],
						"1.4667": [0, 0, -7.25],
						"1.5": [0, 0, -7.25],
						"1.5333": [0, 0, -7.25],
						"1.5667": [0, 0, -7.25],
						"1.6": [0, 0, -5.17],
						"1.6333": [0, 0, -3.08],
						"1.6667": [0, 0, -1],
						"1.7": [0, 0, -1],
						"1.7333": [0, 0, -1],
						"1.7667": [0, 0, -1],
						"1.8": [0, 0, -1],
						"1.8333": [0, 0, -1],
						"1.8667": [0, 0, -1],
						"1.9": [0, 0, -1],
						"1.9333": [0, 0, -0.5],
						"1.9667": [0, 0, 0]
					}
				},
				"lefthand": {
					"rotation": {
						"0.0": [-306.46, -42.42, 254.51],
						"0.0333": [73.42, -59.53, -140.5],
						"0.0667": [47.35, -59.27, -108.08],
						"0.1": [21.29, -59, -75.66],
						"0.1333": [-4.78, -58.74, -43.24],
						"0.1667": [-30.84, -58.47, -10.82],
						"0.2": [-56.9, -58.21, 21.59],
						"0.2333": [-82.97, -57.94, 54.01],
						"0.2667": [-109.03, -57.68, 86.43],
						"0.3": [-135.1, -57.41, 118.85],
						"0.3333": [-161.16, -57.15, 151.27],
						"0.3667": [-187.23, -56.88, 183.69],
						"0.4": [-213.29, -56.62, 216.11],
						"0.4333": [-239.36, -56.35, 248.53],
						"0.4667": [-265.42, -56.09, 280.95],
						"0.5": [-291.49, -55.82, 313.37],
						"0.5333": [-291.49, -55.82, 313.37],
						"0.5667": [-291.49, -55.82, 313.37],
						"0.6": [-291.49, -55.82, 313.37],
						"0.6333": [-291.49, -55.82, 313.37],
						"0.6667": [-291.49, -55.82, 313.37],
						"0.7": [-291.49, -55.82, 313.37],
						"0.7333": [-291.49, -55.82, 313.37],
						"0.7667": [-291.49, -55.82, 313.37],
						"0.8": [-291.49, -55.82, 313.37],
						"0.8333": [-291.49, -55.82, 313.37],
						"0.8667": [-291.49, -55.82, 313.37],
						"0.9": [-291.49, -55.82, 313.37],
						"0.9333": [-291.49, -55.82, 313.37],
						"0.9667": [-291.49, -55.82, 313.37],
						"1.0": [-291.49, -55.82, 313.37],
						"1.0333": [-291.49, -55.82, 313.37],
						"1.0667": [-291.49, -55.82, 313.37],
						"1.1": [-291.49, -55.82, 313.37],
						"1.1333": [-291.49, -55.82, 313.37],
						"1.1667": [-291.49, -55.82, 313.37],
						"1.2": [-291.49, -55.82, 313.37],
						"1.2333": [-291.49, -55.82, 313.37],
						"1.2667": [-291.49, -55.82, 313.37],
						"1.3": [-291.49, -55.82, 313.37],
						"1.3333": [-288.89, -52.84, 311.2],
						"1.3667": [-286.29, -49.87, 309.03],
						"1.4": [-283.69, -46.89, 306.86],
						"1.4333": [-281.1, -43.91, 304.69],
						"1.4667": [-278.5, -40.93, 302.52],
						"1.5": [-278.5, -40.93, 302.52],
						"1.5333": [-278.5, -40.93, 302.52],
						"1.5667": [-278.5, -40.93, 302.52],
						"1.6": [-278.5, -40.93, 302.52],
						"1.6333": [-278.5, -40.93, 302.52],
						"1.6667": [-278.5, -40.93, 302.52],
						"1.7": [-278.5, -40.93, 302.52],
						"1.7333": [-278.5, -40.93, 302.52],
						"1.7667": [-278.5, -40.93, 302.52],
						"1.8": [-278.5, -40.93, 302.52],
						"1.8333": [-278.5, -40.93, 302.52],
						"1.8667": [-278.5, -40.93, 302.52],
						"1.9": [-278.5, -40.93, 302.52],
						"1.9333": [-278.5, -40.93, 302.52],
						"1.9667": [-278.5, -40.93, 302.52],
						"2.0": [-278.5, -40.93, 302.52],
						"2.0333": [-278.5, -40.93, 302.52],
						"2.0667": [-278.5, -40.93, 302.52],
						"2.1": [-278.5, -40.93, 302.52],
						"2.1333": [-287.82, -41.43, 286.52],
						"2.1667": [-297.14, -41.92, 270.51],
						"2.2": [-306.46, -42.42, 254.51],
						"2.5667": [-306.46, -42.42, 254.51]
					},
					"position": {
						"0.0": [7.1, -17, -9],
						"0.5333": [4.02, -15.06, -5.27],
						"0.5667": [4.02, -15.06, -5.27],
						"0.6": [4.02, -15.06, -5.27],
						"0.6333": [4.02, -15.06, -5.27],
						"0.6667": [4.02, -15.06, -5.27],
						"0.7": [4.02, -15.06, -5.27],
						"0.7333": [4.02, -15.06, -5.27],
						"0.7667": [4.02, -15.06, -5.27],
						"0.8": [4.02, -15.06, -5.27],
						"0.8333": [4.02, -15.06, -5.27],
						"0.8667": [4.02, -15.06, -5.27],
						"0.9": [4.02, -15.06, -5.27],
						"0.9333": [4.02, -15.06, -5.27],
						"0.9667": [4.02, -15.06, -5.27],
						"1.0": [4.02, -15.06, -5.27],
						"1.0333": [4.02, -15.06, -5.27],
						"1.0667": [4.02, -15.06, -5.27],
						"1.1": [4.02, -15.06, -5.27],
						"1.1333": [4.02, -15.06, -5.27],
						"1.1667": [4.02, -15.06, -5.27],
						"1.2": [4.02, -15.06, -5.27],
						"1.2333": [4.02, -15.06, -5.27],
						"1.2667": [4.02, -15.06, -5.27],
						"1.3": [4.02, -15.06, -5.27],
						"1.3333": [4.14, -15.14, -6.61],
						"1.3667": [4.27, -15.21, -7.95],
						"1.4": [4.39, -15.29, -9.29],
						"1.4333": [4.52, -15.36, -10.63],
						"1.4667": [4.64, -15.44, -11.97],
						"1.5": [4.64, -15.44, -11.97],
						"1.5333": [4.64, -15.44, -11.97],
						"1.5667": [4.64, -15.44, -11.97],
						"1.6": [4.64, -15.44, -11.97],
						"1.6333": [4.64, -15.44, -11.97],
						"1.6667": [4.64, -15.44, -11.97],
						"1.7": [4.64, -15.44, -11.97],
						"1.7333": [4.64, -15.44, -11.97],
						"1.7667": [4.64, -15.44, -11.97],
						"1.8": [4.64, -15.44, -11.97],
						"1.8333": [4.64, -15.44, -11.97],
						"1.8667": [4.64, -15.44, -11.97],
						"1.9": [4.64, -15.44, -11.97],
						"1.9333": [4.64, -15.44, -11.97],
						"1.9667": [4.64, -15.44, -11.97],
						"2.0": [4.64, -15.44, -11.97],
						"2.5667": [7.1, -17, -9]
					},
					"scale": [1, 1.5, 1]
				},
				"righthand": {
					"rotation": {
						"0.0": [94.35, 18.68, -173.87],
						"0.0333": [94.35, 18.68, -173.87],
						"0.0667": [94.35, 18.68, -173.87],
						"0.1": [94.35, 18.68, -173.87],
						"0.1333": [94.35, 18.68, -173.87],
						"0.1667": [94.35, 18.68, -173.87],
						"0.2": [94.35, 18.68, -173.87],
						"0.2333": [94.35, 18.68, -173.87],
						"0.2667": [94.35, 18.68, -173.87],
						"0.3": [94.35, 18.68, -173.87],
						"0.3333": [94.35, 18.68, -173.87],
						"0.3667": [94.35, 18.68, -173.87],
						"0.4": [94.35, 18.68, -173.87],
						"0.4333": [94.35, 18.68, -173.87],
						"0.4667": [94.35, 18.68, -173.87],
						"0.5": [94.35, 18.68, -173.87],
						"0.5333": [94.35, 18.68, -173.87],
						"0.5667": [94.35, 18.68, -173.87],
						"0.6": [94.35, 18.68, -173.87],
						"0.6333": [94.35, 18.68, -173.87],
						"0.6667": [94.35, 18.68, -173.87],
						"0.7": [94.35, 18.68, -173.87],
						"0.7333": [94.35, 18.68, -173.87],
						"0.7667": [94.35, 18.68, -173.87],
						"0.8": [94.35, 18.68, -173.87],
						"0.8333": [94.35, 18.68, -173.87],
						"0.8667": [94.35, 18.68, -173.87],
						"0.9": [94.35, 18.68, -173.87],
						"0.9333": [94.35, 18.68, -173.87],
						"0.9667": [94.35, 18.68, -173.87],
						"1.0": [94.35, 18.68, -173.87],
						"1.0333": [94.35, 18.68, -173.87],
						"1.0667": [94.35, 18.68, -173.87],
						"1.1": [94.35, 18.68, -173.87],
						"1.1333": [94.35, 18.68, -173.87],
						"1.1667": [94.35, 18.68, -173.87],
						"1.2": [94.35, 18.68, -173.87],
						"1.2333": [94.35, 18.68, -173.87],
						"1.2667": [94.35, 18.68, -173.87],
						"1.3": [94.35, 18.68, -173.87],
						"1.3333": [94.35, 18.68, -173.87],
						"1.3667": [94.35, 18.68, -173.87],
						"1.4": [94.35, 18.68, -173.87],
						"1.4333": [94.35, 18.68, -173.87],
						"1.4667": [94.35, 18.68, -173.87],
						"1.5": [94.35, 18.68, -173.87],
						"1.5333": [94.35, 18.68, -173.87],
						"1.5667": [94.35, 18.68, -173.87],
						"1.6": [94.35, 18.68, -173.87],
						"1.6333": [94.35, 18.68, -173.87],
						"1.6667": [94.35, 18.68, -173.87],
						"1.7": [94.35, 18.68, -173.87],
						"1.7333": [94.35, 18.68, -173.87],
						"1.7667": [94.35, 18.68, -173.87],
						"1.8": [94.35, 18.68, -173.87],
						"1.8333": [94.35, 18.68, -173.87],
						"1.8667": [94.35, 18.68, -173.87],
						"1.9": [94.35, 18.68, -173.87],
						"1.9333": [94.35, 18.68, -173.87],
						"1.9667": [94.35, 18.68, -173.87],
						"2.0": [94.35, 18.68, -173.87],
						"2.0333": [94.35, 18.68, -173.87],
						"2.0667": [94.35, 18.68, -173.87],
						"2.1": [94.35, 18.68, -173.87],
						"2.1333": [94.39, 18.77, -176.19],
						"2.1667": [94.44, 18.87, -178.52],
						"2.2": [94.48, 18.96, -180.84],
						"2.2333": [94.53, 19.06, -183.17],
						"2.2667": [94.57, 19.15, -185.49],
						"2.3": [94.57, 19.15, -185.49],
						"2.3333": [94.57, 19.15, -185.49],
						"2.3667": [94.57, 19.15, -185.49],
						"2.4": [94.57, 19.15, -185.49],
						"2.4333": [94.57, 19.15, -185.49],
						"2.4667": [94.57, 19.15, -185.49],
						"2.5": [94.57, 19.15, -185.49],
						"2.5333": [94.57, 19.15, -185.49],
						"2.5667": [94.57, 19.15, -185.49],
						"2.6": [94.35, 18.68, -173.87]
					},
					"position": {
						"0.0": [-6.8, -17, -2],
						"0.0333": [-6.8, -17, -2],
						"0.0667": [-6.8, -17, -2],
						"0.1": [-6.8, -17, -2],
						"0.1333": [-6.8, -17, -2],
						"0.1667": [-6.8, -17, -2],
						"0.2": [-6.8, -17, -2],
						"0.2333": [-6.8, -17, -2],
						"0.2667": [-6.8, -17, -2],
						"0.3": [-6.8, -17, -2],
						"0.3333": [-6.8, -17, -2],
						"0.3667": [-6.8, -17, -2],
						"0.4": [-6.8, -17, -2],
						"0.4333": [-6.8, -17, -2],
						"0.4667": [-6.8, -17, -2],
						"0.5": [-6.8, -17, -2],
						"0.5333": [-6.8, -17, -2],
						"0.5667": [-6.8, -17, -2],
						"0.6": [-6.8, -17, -2],
						"0.6333": [-6.8, -17, -2],
						"0.6667": [-6.8, -17, -2],
						"0.7": [-6.8, -17, -2],
						"0.7333": [-6.8, -17, -2],
						"0.7667": [-6.8, -17, -2],
						"0.8": [-6.8, -17, -2],
						"0.8333": [-6.8, -17, -2],
						"0.8667": [-6.8, -17, -2],
						"0.9": [-6.8, -17, -2],
						"0.9333": [-6.8, -17, -2],
						"0.9667": [-6.8, -17, -2],
						"1.0": [-6.8, -17, -2],
						"1.0333": [-6.8, -17, -2],
						"1.0667": [-6.8, -17, -2],
						"1.1": [-6.8, -17, -2],
						"1.1333": [-6.8, -17, -2],
						"1.1667": [-6.8, -17, -2],
						"1.2": [-6.8, -17, -2],
						"1.2333": [-6.8, -17, -2],
						"1.2667": [-6.8, -17, -2],
						"1.3": [-6.8, -17, -2],
						"1.3333": [-6.8, -17, -2],
						"1.3667": [-6.8, -17, -2],
						"1.4": [-6.8, -17, -2],
						"1.4333": [-6.8, -17, -2],
						"1.4667": [-6.8, -17, -2],
						"1.5": [-6.8, -17, -2],
						"1.5333": [-6.8, -17, -2],
						"1.5667": [-6.8, -17, -2],
						"1.6": [-6.8, -17, -2],
						"1.6333": [-6.8, -17, -2],
						"1.6667": [-6.8, -17, -2],
						"1.7": [-6.8, -17, -2],
						"1.7333": [-6.8, -17, -2],
						"1.7667": [-6.8, -17, -2],
						"1.8": [-6.8, -17, -2],
						"1.8333": [-6.8, -17, -2],
						"1.8667": [-6.8, -17, -2],
						"1.9": [-6.8, -17, -2],
						"1.9333": [-6.8, -17, -2],
						"1.9667": [-6.8, -17, -2],
						"2.0": [-6.8, -17, -2],
						"2.0333": [-6.8, -17, -2],
						"2.0667": [-6.8, -17, -2],
						"2.1": [-6.8, -17, -2],
						"2.1333": [-6.84, -16.96, -1.86],
						"2.1667": [-6.87, -16.93, -1.72],
						"2.2": [-6.91, -16.89, -1.58],
						"2.2333": [-6.95, -16.85, -1.43],
						"2.2667": [-6.99, -16.81, -1.29],
						"2.3": [-6.99, -16.81, -1.29],
						"2.3333": [-6.99, -16.81, -1.29],
						"2.3667": [-6.99, -16.81, -1.29],
						"2.4": [-6.99, -16.81, -1.29],
						"2.4333": [-6.99, -16.81, -1.29],
						"2.4667": [-6.99, -16.81, -1.29],
						"2.5": [-6.99, -16.81, -1.29],
						"2.5333": [-6.99, -16.81, -1.29],
						"2.5667": [-6.99, -16.81, -1.29],
						"2.6": [-6.8, -17, -2]
					},
					"scale": [1, 1.5, 1]
				},
				"camera": {
					"rotation": {
						"0.0": [0, 0, 0],
						"0.0333": [-0.07, 0.06, -0.21],
						"0.0667": [-0.16, 0.14, -0.51],
						"0.1": [-0.28, 0.23, -0.87],
						"0.1333": [-0.4, 0.33, -1.25],
						"0.1667": [-0.52, 0.44, -1.64],
						"0.2": [-0.64, 0.54, -2.01],
						"0.2333": [-0.73, 0.63, -2.32],
						"0.2667": [-0.8, 0.71, -2.56],
						"0.3": [-0.87, 0.9, -2.88],
						"0.3333": [-0.86, 1.05, -2.97],
						"0.3667": [-0.84, 1.14, -2.97],
						"0.4": [-0.83, 1.16, -2.95],
						"0.4333": [-0.81, 1.16, -2.89],
						"0.4667": [-0.79, 1.14, -2.82],
						"0.5": [-0.77, 1.12, -2.73],
						"0.5333": [-0.78, 1.1, -2.65],
						"0.5667": [-0.81, 1.08, -2.58],
						"0.6": [-0.9, 1.08, -2.54],
						"0.6333": [-1.02, 1.08, -2.53],
						"0.6667": [-1.17, 1.08, -2.52],
						"0.7": [-1.31, 1.08, -2.49],
						"0.7333": [-1.43, 1.07, -2.42],
						"0.7667": [-1.51, 1.04, -2.29],
						"0.8": [-1.53, 1, -2.05],
						"0.8333": [-1.51, 0.93, -1.73],
						"0.8667": [-1.47, 0.86, -1.36],
						"0.9": [-1.42, 0.79, -1],
						"0.9333": [-1.38, 0.72, -0.69],
						"0.9667": [-1.36, 0.68, -0.47],
						"1.0": [-1.37, 0.66, -0.37],
						"1.0333": [-1.38, 0.65, -0.3],
						"1.0667": [-1.41, 0.64, -0.28],
						"1.1": [-1.44, 0.64, -0.29],
						"1.1333": [-1.47, 0.65, -0.33],
						"1.1667": [-1.49, 0.65, -0.4],
						"1.2": [-1.52, 0.65, -0.49],
						"1.2333": [-1.61, 0.64, -1.34],
						"1.2667": [-1.65, 0.63, -1.97],
						"1.3": [-1.59, 0.65, -1.61],
						"1.3333": [-1.48, 0.67, -0.91],
						"1.3667": [-1.41, 0.68, -0.35],
						"1.4": [-1.39, 0.68, -0.21],
						"1.4333": [-1.39, 0.68, -0.1],
						"1.4667": [-1.39, 0.67, -0.01],
						"1.5": [-1.4, 0.66, 0.05],
						"1.5333": [-1.41, 0.66, 0.08],
						"1.5667": [-1.44, 0.65, 0.07],
						"1.6": [-1.47, 0.64, 0.03],
						"1.6333": [-1.53, 0.63, -0.17],
						"1.6667": [-1.61, 0.61, -0.51],
						"1.7": [-1.71, 0.6, -0.87],
						"1.7333": [-1.82, 0.59, -1.15],
						"1.7667": [-1.95, 0.6, -1.24],
						"1.8": [-2.27, 0.67, -0.79],
						"1.8333": [-2.64, 0.77, 0],
						"1.8667": [-2.88, 0.85, 0.53],
						"1.9": [-2.67, 0.87, 0],
						"1.9333": [-2.65, 0.85, -0.09],
						"1.9667": [-2.64, 0.84, 0.05],
						"2.0": [-2.58, 0.85, 1.39],
						"2.0333": [-2.61, 0.69, -0.23],
						"2.0667": [-2.6, 0.73, -0.22],
						"2.1": [-2.57, 0.81, -0.1],
						"2.1333": [-2.54, 0.9, 0.08],
						"2.1667": [-2.51, 1.01, 0.29],
						"2.2": [-2.47, 1.1, 0.5],
						"2.2333": [-2.44, 1.19, 0.67],
						"2.2667": [-2.4, 1.25, 0.77],
						"2.3": [-2.35, 1.28, 0.8],
						"2.3333": [-2.3, 1.3, 0.77],
						"2.3667": [-2.24, 1.3, 0.72],
						"2.4": [-2.19, 1.3, 0.65],
						"2.4333": [-2.14, 1.3, 0.59],
						"2.4667": [-2.1, 1.3, 0.56],
						"2.5": [-2.07, 1.31, 0.57],
						"2.5333": [-2.11, 1.39, 0.87],
						"2.5667": [-2.2, 1.49, 1.29],
						"2.6": [-2.22, 1.51, 1.46],
						"2.6333": [-2.09, 1.39, 1.1],
						"2.6667": [-1.9, 1.19, 0.5],
						"2.7": [-1.74, 1.04, 0.12],
						"2.7333": [-1.74, 1.01, 0.26],
						"2.7667": [-1.78, 1.03, 0.63],
						"2.8": [-1.63, 0.96, 0.8],
						"2.8333": [-1.52, 0.91, 0.76],
						"2.8667": [-1.37, 0.85, 0.69],
						"2.9": [-1.19, 0.78, 0.59],
						"2.9333": [-0.99, 0.69, 0.47],
						"2.9667": [-0.78, 0.61, 0.34],
						"3.0": [-0.57, 0.52, 0.2],
						"3.0333": [-0.37, 0.43, 0.07],
						"3.0667": [-0.18, 0.35, -0.05],
						"3.1": [-0.01, 0.28, -0.15],
						"3.1333": [0.12, 0.21, -0.22],
						"3.1667": [0.21, 0.16, -0.26],
						"3.2": [0.23, 0.05, -0.13],
						"3.2333": [0.01, 0.02, 0.19],
						"3.2667": [-0.15, 0, 0.38],
						"3.3": [-0.11, -0.01, 0.24],
						"3.3333": [0, -0.01, -0.02],
						"3.3667": [0.08, 0, -0.2],
						"3.4": [0.08, 0, -0.2],
						"3.4333": [0.05, 0, -0.14],
						"3.4667": [0.02, 0, -0.05],
						"3.5": [0, 0, 0]
					}
				}
			},
			"sound_effects": {
				"0.0": {
					"effect": "p30_la_rpapa7_reload_hip_raise"
				},
				"1.0667": {
					"effect": "p30_la_rpapa7_reload_hip_magin"
				},
				"1.5333": {
					"effect": "p30_la_rpapa7_reload_hip_magin2"
				},
				"1.8": {
					"effect": "p30_la_rpapa7_reload_hip_magin3"
				},
				"2.0333": {
					"effect": "p30_la_rpapa7_reload_hip_end"
				},
				"2.4667": {
					"effect": "p30_la_rpapa7_reload_hip_safetyclick"
				}
			}
		},
		"static_idle": {
			"loop": true,
			"bones": {
				"lefthand": {
					"rotation": [-306.46, -42.42, 254.51],
					"position": [7.1, -17, -9],
					"scale": [1, 1.5, 1]
				},
				"righthand": {
					"rotation": [94.35, 18.68, -173.87],
					"position": [-6.8, -17, -2],
					"scale": [1, 1.5, 1]
				}
			}
		},
		"static_bolt_caught": {
			"loop": true,
			"bones": {
				"root": {
					"rotation": [0, 0, 0],
					"position": [0, 0, 0]
				},
				"rocket": {
					"scale": 0
				},
				"camera": {
					"rotation": [0, 0, 0]
				}
			},
			"sound_effects": {
				"0.0": {
					"effect": "rpg7_reload_lower"
				}
			}
		},
		"draw": {
			"loop": "hold_on_last_frame",
			"animation_length": 1.1806,
			"bones": {
				"root": {
					"rotation": {
						"0.0": [-80, 0, 0],
						"0.16": {
							"pre": [-40.51, -29.67, 13.76],
							"post": [-40.51, -29.67, 13.76],
							"lerp_mode": "catmullrom"
						},
						"0.36": {
							"post": [7.25, -27.25, 17.5],
							"lerp_mode": "catmullrom"
						},
						"0.48": {
							"post": [6.08, -27.65, 17.73],
							"lerp_mode": "catmullrom"
						},
						"0.64": {
							"post": [5.875, -27.25, 17.5],
							"lerp_mode": "catmullrom"
						},
						"0.76": {
							"post": [10.83, -20.74, 18.45],
							"lerp_mode": "catmullrom"
						},
						"0.92": {
							"post": [-1.0426, -7.43355, -1.54071],
							"lerp_mode": "catmullrom"
						},
						"1.04": [0, 0, 0]
					},
					"position": {
						"0.0": [-2.5, -11.75, 6.5],
						"0.16": {
							"pre": [0.1875, -1.5, -2.5],
							"post": [0.1875, -1.5, -2.5],
							"lerp_mode": "catmullrom"
						},
						"0.36": {
							"post": [0.9375, -1.1875, -1.25],
							"lerp_mode": "catmullrom"
						},
						"0.52": {
							"post": [0.9375, -1, -1.5],
							"lerp_mode": "catmullrom"
						},
						"0.6": {
							"post": [2.1275, -2.115, -4.27],
							"lerp_mode": "catmullrom"
						},
						"0.68": {
							"post": [0.97, -1.02, -3.02],
							"lerp_mode": "catmullrom"
						},
						"0.84": {
							"post": [0.1875, -2.5, -3.75],
							"lerp_mode": "catmullrom"
						},
						"1.0": {
							"post": [0, 0, -0.03],
							"lerp_mode": "catmullrom"
						},
						"1.2": [0, 0, 0]
					}
				},
				"lefthand": {
					"rotation": [-306.46, -42.42, 254.51],
					"position": [7.1, -17, -9],
					"scale": [1, 1.5, 1]
				},
				"stock": {
					"position": {
						"0.52": [0, 0, -6],
						"0.56": {
							"pre": [0, 0, 0],
							"post": [0, 0, 0],
							"lerp_mode": "catmullrom"
						}
					}
				},
				"righthand": {
					"rotation": [94.35, 18.68, -173.87],
					"position": {
						"0.0": [-6.8, -17, -2],
						"0.12": [-6.75, -13.3, 0.55],
						"0.2": {
							"pre": [-6.75, -15.3, 6.55],
							"post": [-6.75, -15.3, 6.55],
							"lerp_mode": "catmullrom"
						},
						"0.28": {
							"post": [-6.75, -10.3, 8.55],
							"lerp_mode": "catmullrom"
						},
						"0.36": [-6.75, -9.05, 5.05],
						"0.52": [-6.75, -9.05, 5.05],
						"0.6": {
							"pre": [-6.75, -9.05, 15.05],
							"post": [-6.75, -9.05, 15.05],
							"lerp_mode": "catmullrom"
						},
						"0.64": {
							"post": [-6.75, -15.3, 10.05],
							"lerp_mode": "catmullrom"
						},
						"0.76": [-6.8, -17, -2]
					},
					"scale": [1, 1.5, 1]
				},
				"camera": {
					"rotation": {
						"0.0": {
							"post": [0, 0, 0],
							"lerp_mode": "catmullrom"
						},
						"0.12": {
							"post": [1.5, 0, 0.25],
							"lerp_mode": "catmullrom"
						},
						"0.28": {
							"post": [-0.5, 0, -0.5],
							"lerp_mode": "catmullrom"
						},
						"0.48": {
							"post": [-0.5, 0, -0.5],
							"lerp_mode": "catmullrom"
						},
						"0.6": {
							"post": [0.82, 0, 0.25],
							"lerp_mode": "catmullrom"
						},
						"0.68": {
							"post": [-0.25, 0, -0.75],
							"lerp_mode": "catmullrom"
						},
						"0.8": {
							"post": [0, 0, -0.75],
							"lerp_mode": "catmullrom"
						},
						"0.92": {
							"post": [-0.46, 0, 0.5],
							"lerp_mode": "catmullrom"
						},
						"1.08": {
							"post": [0.17, 0, -0.25],
							"lerp_mode": "catmullrom"
						},
						"1.2": {
							"post": [0, 0, 0],
							"lerp_mode": "catmullrom"
						}
					}
				}
			}
		},
		"put_away": {
			"animation_length": 1.1667,
			"bones": {
				"root": {
					"rotation": {
						"0.0": [0, 0, 0],
						"0.1667": {
							"pre": [-1.0426, -7.43355, -1.54071],
							"post": [-1.0426, -7.43355, -1.54071],
							"lerp_mode": "catmullrom"
						},
						"0.3333": {
							"post": [10.83, -20.74, 18.45],
							"lerp_mode": "catmullrom"
						},
						"0.4583": {
							"post": [5.875, -27.25, 17.5],
							"lerp_mode": "catmullrom"
						},
						"0.6667": {
							"post": [6.08, -27.65, 17.73],
							"lerp_mode": "catmullrom"
						},
						"0.8333": {
							"post": [-40.51, -29.67, 13.76],
							"lerp_mode": "catmullrom"
						},
						"1.0417": [-100, 0, 0]
					},
					"position": {
						"0.0": [0, 0, 0],
						"0.2083": {
							"pre": [0.1875, -3.75, -0.5],
							"post": [0.1875, -3.75, -0.5],
							"lerp_mode": "catmullrom"
						},
						"0.4167": {
							"post": [0.47, -2.27, -1.52],
							"lerp_mode": "catmullrom"
						},
						"0.5": {
							"post": [1.8775, -3.365, -3.02],
							"lerp_mode": "catmullrom"
						},
						"0.625": {
							"post": [-0.0625, -2.25, -1.5],
							"lerp_mode": "catmullrom"
						},
						"0.8333": {
							"post": [-2.0625, -2.75, -1],
							"lerp_mode": "catmullrom"
						},
						"1.0833": [-2.5, -11.75, 6.5]
					}
				},
				"lefthand": {
					"rotation": [-306.46, -42.42, 254.51],
					"position": [7.1, -17, -9],
					"scale": [1, 1.5, 1]
				},
				"stock": {
					"position": {
						"0.4167": [0, 0, 0],
						"0.5": [0, 0, -6]
					}
				},
				"righthand": {
					"rotation": {
						"0.0": [94.35, 18.68, -173.87],
						"0.2917": [101.07, 8.95, -179.05],
						"0.4583": [121.07, 8.95, -179.05],
						"0.5417": [155.90333, 8.95, -179.05],
						"1.125": [101.07, 8.95, -179.05]
					},
					"position": {
						"0.0": [-6.8, -17, -2],
						"0.125": [-6.75, -13.3, 0.55],
						"0.25": {
							"pre": [-6.75, -15.3, 10.05],
							"post": [-6.75, -15.3, 10.05],
							"lerp_mode": "catmullrom"
						},
						"0.3333": {
							"post": [-6.75, -9.05, 15.05],
							"lerp_mode": "catmullrom"
						},
						"0.5": [-6.75, -9.05, 6.55],
						"0.5833": [-6.75, -9.05, 5.3],
						"0.7083": [-6.75, -9.05, 6.55],
						"0.7917": {
							"pre": [-6.75, -10.3, 8.55],
							"post": [-6.75, -10.3, 8.55],
							"lerp_mode": "catmullrom"
						},
						"0.875": {
							"post": [-6.75, -15.3, 6.55],
							"lerp_mode": "catmullrom"
						},
						"1.0": [-6.75, -13.3, 0.55],
						"1.125": [-6.75, -13.3, 0.55]
					},
					"scale": [1, 1.5, 1]
				},
				"camera": {
					"rotation": {
						"0.0": {
							"post": [0, 0, 0],
							"lerp_mode": "catmullrom"
						},
						"0.1667": {
							"post": [0.905, 0, -0.2],
							"lerp_mode": "catmullrom"
						},
						"0.3333": {
							"post": [-0.5775, 0, 0.56],
							"lerp_mode": "catmullrom"
						},
						"0.4583": {
							"post": [-0.5, 0, -0.5],
							"lerp_mode": "catmullrom"
						},
						"0.5417": {
							"post": [0.82, 0, 1.5],
							"lerp_mode": "catmullrom"
						},
						"0.7083": {
							"post": [-0.25, 0, 0],
							"lerp_mode": "catmullrom"
						},
						"0.8333": {
							"post": [0, 0, 0.25],
							"lerp_mode": "catmullrom"
						},
						"1.0": {
							"post": [0.165, 0, 0],
							"lerp_mode": "catmullrom"
						},
						"1.1667": {
							"post": [0.17, 0, 0],
							"lerp_mode": "catmullrom"
						},
						"1.2917": {
							"post": [0, 0, 0],
							"lerp_mode": "catmullrom"
						}
					}
				}
			}
		},
		"shoot": {
			"animation_length": 0.5833,
			"bones": {
				"root": {
					"rotation": {
						"0.0": {
							"post": [-2.59768, 0.1525, 1.74334],
							"lerp_mode": "catmullrom"
						},
						"0.0417": {
							"post": [-5.95824, -1.30704, -2.72798],
							"lerp_mode": "catmullrom"
						},
						"0.1667": {
							"post": [0.84251, 0.26479, -1.02186],
							"lerp_mode": "catmullrom"
						},
						"0.2917": {
							"post": [-0.70043, -0.09694, 0.24998],
							"lerp_mode": "catmullrom"
						},
						"0.4167": {
							"post": [0.05, 0.13, 0.1],
							"lerp_mode": "catmullrom"
						},
						"0.5833": {
							"post": [0, 0, 0],
							"lerp_mode": "catmullrom"
						}
					},
					"position": {
						"0.0": {
							"post": [0, -0.0025, 0.5],
							"lerp_mode": "catmullrom"
						},
						"0.0417": {
							"post": [0, -0.2225, 0.975],
							"lerp_mode": "catmullrom"
						},
						"0.125": {
							"post": [0, 0.175, -0.175],
							"lerp_mode": "catmullrom"
						},
						"0.2083": {
							"post": [0, 0.0625, 0.2625],
							"lerp_mode": "catmullrom"
						},
						"0.2917": {
							"post": [0, -0.1, 0.075],
							"lerp_mode": "catmullrom"
						},
						"0.375": {
							"post": [0.0125, -0.025, 0.125],
							"lerp_mode": "catmullrom"
						},
						"0.4583": {
							"post": [0, -0.005, -0.015],
							"lerp_mode": "catmullrom"
						}
					}
				},
				"stock": {
					"position": [0, 0, 0]
				},
				"constraint": {
					"rotation": {
						"0.125": [0.15, 0.3, 0.3],
						"0.25": [0, 0, 0]
					},
					"position": {
						"0.125": [0.2, 0.2, 0.3],
						"0.25": [0, 0, 0]
					}
				},
				"camera": {
					"rotation": {
						"0.0": {
							"post": [0, 0, 0],
							"lerp_mode": "catmullrom"
						},
						"0.0417": {
							"post": [0, 0, -0.2],
							"lerp_mode": "catmullrom"
						},
						"0.125": {
							"post": [0, 0, 0.35],
							"lerp_mode": "catmullrom"
						},
						"0.2083": {
							"post": [0, 0, -0.05],
							"lerp_mode": "catmullrom"
						},
						"0.2917": {
							"post": [0, 0, 0.1],
							"lerp_mode": "catmullrom"
						},
						"0.375": {
							"post": [0, 0, -0.15],
							"lerp_mode": "catmullrom"
						},
						"0.4583": {
							"post": [0, 0, 0],
							"lerp_mode": "catmullrom"
						}
					}
				}
			}
		},
		"inspect": {
			"loop": "hold_on_last_frame",
			"animation_length": 5.25,
			"bones": {
				"rotate": {
					"rotation": {
						"0.75": [0, 0, 0],
						"1.0": [0, 0, 90],
						"1.25": [0, 0, 180],
						"1.5": [0, 0, 270],
						"1.75": [0, 0, 360],
						"2.75": [0, 0, 0],
						"3.0": [0, 0, 90],
						"3.25": [0, 0, 180],
						"3.5": [0, 0, 270],
						"3.75": [0, 0, 360],
						"4.0": [0, 0, 0],
						"4.25": [0, 0, 90],
						"4.5": [0, 0, 180],
						"4.75": [0, 0, 270],
						"5.0": [0, 0, 360]
					}
				},
				"root": {
					"rotation": {
						"0.0": [0, 0, 0],
						"0.0417": [-1.15, 0.01, -0.57],
						"0.0833": [-2.8, 0.11, -1.25],
						"0.125": [-4.67, -0.36, -2.89],
						"0.1667": [-6.5, -2.07, -6.35],
						"0.2083": [-8.7, -5.62, -12.48],
						"0.25": [-11.25, -10.49, -20.61],
						"0.2917": [-13.25, -15.76, -29.32],
						"0.3333": [-13.79, -20.46, -37.21],
						"0.375": [-12.04, -24.63, -44.41],
						"0.4167": [-8.68, -28.68, -51.5],
						"0.4583": [-5.08, -32.24, -57.74],
						"0.5": [-2.6, -34.94, -62.39],
						"0.5417": [-1.81, -36.28, -64.57],
						"0.5833": [-1.62, -36.99, -65.62],
						"0.625": [-1.77, -37.31, -65.94],
						"0.6667": [-1.99, -37.45, -65.98],
						"0.7083": [-2.02, -37.63, -66.14],
						"0.75": [-1.93, -37.76, -66.3],
						"0.7917": [-1.83, -37.84, -66.37],
						"0.8333": [-1.71, -37.87, -66.38],
						"0.875": [-1.59, -37.87, -66.34],
						"0.9167": [-1.48, -37.85, -66.28],
						"0.9583": [-1.36, -37.83, -66.2],
						"1.0": [-1.26, -37.8, -66.14],
						"1.0417": [-1.18, -37.78, -66.1],
						"1.0833": [-1.11, -37.79, -66.11],
						"1.125": [-1.04, -37.83, -66.2],
						"1.1667": [-1.02, -37.87, -66.34],
						"1.2083": [-1.03, -37.92, -66.5],
						"1.25": [-1.05, -37.96, -66.66],
						"1.2917": [-1.05, -37.98, -66.79],
						"1.3333": [-1.05, -37.99, -66.88],
						"1.375": [-1.05, -38, -66.96],
						"1.4167": [-1.05, -37.99, -67.03],
						"1.4583": [-1.05, -37.98, -67.1],
						"1.5": [-1.05, -37.97, -67.18],
						"1.5417": [-1.05, -37.97, -67.26],
						"1.5833": [-1.06, -37.96, -67.41],
						"1.625": [-1.06, -37.95, -67.59],
						"1.6667": [-1.07, -37.94, -67.77],
						"1.7083": [-1.07, -37.92, -67.87],
						"1.75": [-1.07, -37.9, -67.83],
						"1.7917": [-1.08, -37.89, -67.79],
						"1.8333": [-1.09, -37.87, -67.77],
						"1.875": [-1.09, -37.84, -67.69],
						"1.9167": [-1.1, -37.82, -67.45],
						"1.9583": [-1.11, -37.8, -66.96],
						"2.0": [-1.11, -37.79, -66.11],
						"2.0417": [-0.77, -38.16, -64.83],
						"2.0833": [-0.2, -38.8, -63.37],
						"2.125": [-0.09, -38.94, -60.53],
						"2.1667": [-1.11, -37.79, -55.11],
						"2.2083": [-7.29, -30.97, -34.42],
						"2.25": [-15.62, -21.36, -9.19],
						"2.2917": [-25, -10.06, 16],
						"2.3333": [-32.91, 0.97, 38.17],
						"2.375": [-34.65, 5.41, 45.94],
						"2.4167": [-35.29, 9.45, 52.05],
						"2.4583": [-35.41, 12.79, 56.66],
						"2.5": [-35.64, 15.19, 59.92],
						"2.5417": [-36.05, 16.27, 61.33],
						"2.5833": [-36.35, 16.27, 60.97],
						"2.625": [-36.57, 15.83, 59.93],
						"2.6667": [-36.72, 15.58, 59.25],
						"2.7083": [-36.8, 15.6, 58.91],
						"2.75": [-36.73, 15.56, 58.77],
						"2.7917": [-36.74, 15.54, 58.83],
						"2.8333": [-36.75, 15.52, 58.96],
						"2.875": [-36.76, 15.49, 59.13],
						"2.9167": [-36.77, 15.47, 59.3],
						"2.9583": [-36.77, 15.45, 59.45],
						"3.0": [-36.77, 15.45, 59.55],
						"3.0417": [-36.78, 15.44, 59.51],
						"3.0833": [-36.78, 15.42, 59.36],
						"3.125": [-36.79, 15.4, 59.16],
						"3.1667": [-36.79, 15.39, 58.97],
						"3.2083": [-36.79, 15.39, 58.84],
						"3.25": [-36.78, 15.42, 58.84],
						"3.2917": [-36.76, 15.49, 59.01],
						"3.3333": [-36.72, 15.6, 59.43],
						"3.375": [-36.61, 15.92, 60.8],
						"3.4167": [-36.45, 16.38, 62.81],
						"3.4583": [-36.28, 16.88, 65.05],
						"3.5": [-36.12, 17.34, 67.1],
						"3.5417": [-36, 17.68, 68.54],
						"3.5833": [-35.97, 17.79, 68.97],
						"3.625": [-35.95, 17.88, 69.27],
						"3.6667": [-35.94, 17.94, 69.48],
						"3.7083": [-35.94, 17.98, 69.59],
						"3.75": [-35.94, 18.01, 69.63],
						"3.7917": [-35.95, 18.03, 69.62],
						"3.8333": [-35.95, 18.04, 69.57],
						"3.875": [-35.95, 18.05, 69.51],
						"3.9167": [-35.95, 18.05, 69.44],
						"3.9583": [-35.93, 18.05, 69.4],
						"4.0": [-35.92, 18.05, 69.38],
						"4.0417": [-35.93, 18.05, 69.37],
						"4.0833": [-35.94, 18.05, 69.37],
						"4.125": [-35.95, 18.04, 69.33],
						"4.1667": [-35.94, 18.01, 69.25],
						"4.2083": [-35.92, 17.98, 69.08],
						"4.25": [-35.86, 17.92, 68.81],
						"4.2917": [-35.77, 17.85, 68.41],
						"4.3333": [-35.63, 17.76, 67.86],
						"4.375": [-35.68, 17.86, 66.51],
						"4.4167": [-35.9, 18.14, 64.85],
						"4.4583": [-35.33, 17.83, 62.24],
						"4.5": [-33, 16.18, 58.04],
						"4.5417": [-27.82, 12.16, 51.32],
						"4.5833": [-20.56, 6.43, 42.69],
						"4.625": [-13.14, 0.83, 33.75],
						"4.6667": [-7.42, -2.84, 26.12],
						"4.7083": [-3.06, -3.62, 18.13],
						"4.75": [-0.62, -2.05, 11.52],
						"4.7917": [0.81, -0.65, 6.5],
						"4.8333": [1.18, -0.29, 3.45],
						"4.875": [0.55, -0.11, 2],
						"4.9167": [0, 0, 1.25],
						"4.9583": [-0.05, 0.04, 2.33],
						"5.0": [-0.03, 0.02, 1.51],
						"5.0417": [0, 0, 0.5],
						"5.0833": [0, 0, 0.22],
						"5.125": [0, 0, 0.08],
						"5.1667": [0, 0, 0],
						"5.2083": [0, 0, -0.03],
						"5.25": [0, 0, -0.03]
					},
					"position": {
						"0.0": [0, 0, 0],
						"0.0417": [-0.12, -0.06, -0.65],
						"0.0833": [-0.21, -0.24, -1.04],
						"0.125": [-0.32, -0.48, -1.55],
						"0.1667": [-0.43, -0.72, -2.03],
						"0.2083": [-0.53, -0.87, -2.35],
						"0.25": [-0.62, -0.94, -2.44],
						"0.2917": [-0.69, -0.9, -2.33],
						"0.3333": [-0.83, -0.8, -2.25],
						"0.375": [-1.08, -0.62, -2.3],
						"0.4167": [-1.4, -0.38, -2.39],
						"0.4583": [-1.68, -0.15, -2.45],
						"0.5": [-1.94, 0.14, -2.47],
						"0.5417": [-2.1, 0.36, -2.46],
						"0.5833": [-2.13, 0.39, -2.46],
						"0.625": [-2.12, 0.39, -2.45],
						"0.6667": [-2.1, 0.37, -2.45],
						"0.7083": [-2.09, 0.35, -2.44],
						"0.75": [-2.09, 0.33, -2.43],
						"0.7917": [-2.09, 0.29, -2.43],
						"0.8333": [-2.08, 0.25, -2.42],
						"0.875": [-2.08, 0.21, -2.42],
						"0.9167": [-2.08, 0.2, -2.41],
						"0.9583": [-2.08, 0.2, -2.4],
						"1.0": [-2.08, 0.21, -2.4],
						"1.0417": [-2.07, 0.24, -2.4],
						"1.0833": [-2.07, 0.25, -2.39],
						"1.125": [-2.07, 0.25, -2.39],
						"1.1667": [-2.07, 0.26, -2.38],
						"1.2083": [-2.06, 0.26, -2.38],
						"1.25": [-2.06, 0.26, -2.37],
						"1.2917": [-2.06, 0.26, -2.37],
						"1.3333": [-2.06, 0.26, -2.36],
						"1.375": [-2.06, 0.26, -2.36],
						"1.4167": [-2.05, 0.25, -2.35],
						"1.4583": [-2.05, 0.25, -2.35],
						"1.5": [-2.05, 0.22, -2.34],
						"1.5417": [-2.04, 0.18, -2.33],
						"1.5833": [-2.03, 0.14, -2.32],
						"1.625": [-2.03, 0.09, -2.32],
						"1.6667": [-2.02, 0.06, -2.31],
						"1.7083": [-2.02, 0.04, -2.3],
						"1.75": [-2.02, 0.03, -2.29],
						"1.7917": [-2.02, 0.05, -2.28],
						"1.8333": [-2.02, 0.07, -2.28],
						"1.875": [-2.01, 0.08, -2.27],
						"1.9167": [-2, 0.07, -2.26],
						"1.9583": [-2.01, 0.04, -2.25],
						"2.0": [-2, -0.03, -2.24],
						"2.0417": [-1.84, -0.23, -2.21],
						"2.0833": [-1.6, -0.53, -2.19],
						"2.125": [-1.27, -0.95, -2.19],
						"2.1667": [-0.9, -1.38, -2.16],
						"2.2083": [-0.58, -1.69, -2.11],
						"2.25": [-0.35, -1.77, -1.99],
						"2.2917": [-0.27, -1.59, -1.82],
						"2.3333": [-0.25, -1.22, -1.59],
						"2.375": [-0.27, -0.74, -1.33],
						"2.4167": [-0.31, -0.23, -1.07],
						"2.4583": [-0.35, 0.22, -0.84],
						"2.5": [-0.37, 0.55, -0.67],
						"2.5417": [-0.37, 0.73, -0.57],
						"2.5833": [-0.38, 0.84, -0.51],
						"2.625": [-0.38, 0.89, -0.48],
						"2.6667": [-0.39, 0.92, -0.46],
						"2.7083": [-0.39, 0.93, -0.46],
						"2.75": [-0.39, 0.95, -0.44],
						"2.7917": [-0.4, 0.97, -0.43],
						"2.8333": [-0.4, 0.98, -0.43],
						"2.875": [-0.4, 0.98, -0.43],
						"2.9167": [-0.39, 0.98, -0.43],
						"2.9583": [-0.39, 0.97, -0.43],
						"3.0": [-0.39, 0.95, -0.43],
						"3.0417": [-0.39, 0.94, -0.44],
						"3.0833": [-0.39, 0.93, -0.44],
						"3.125": [-0.39, 0.93, -0.44],
						"3.1667": [-0.39, 0.92, -0.44],
						"3.2083": [-0.39, 0.91, -0.44],
						"3.25": [-0.39, 0.9, -0.44],
						"3.2917": [-0.39, 0.9, -0.45],
						"3.3333": [-0.39, 0.89, -0.45],
						"3.375": [-0.39, 0.88, -0.45],
						"3.4167": [-0.39, 0.87, -0.45],
						"3.4583": [-0.39, 0.86, -0.45],
						"3.5": [-0.39, 0.85, -0.45],
						"3.5417": [-0.39, 0.84, -0.46],
						"3.5833": [-0.39, 0.83, -0.46],
						"3.625": [-0.39, 0.82, -0.46],
						"3.6667": [-0.39, 0.81, -0.46],
						"3.7083": [-0.39, 0.8, -0.46],
						"3.75": [-0.39, 0.8, -0.46],
						"3.7917": [-0.39, 0.79, -0.47],
						"3.8333": [-0.39, 0.78, -0.47],
						"3.875": [-0.39, 0.78, -0.47],
						"3.9167": [-0.39, 0.77, -0.47],
						"3.9583": [-0.39, 0.76, -0.47],
						"4.0": [-0.39, 0.75, -0.47],
						"4.0417": [-0.39, 0.75, -0.48],
						"4.0833": [-0.39, 0.74, -0.48],
						"4.125": [-0.39, 0.74, -0.48],
						"4.1667": [-0.39, 0.74, -0.48],
						"4.2083": [-0.39, 0.74, -0.48],
						"4.25": [-0.39, 0.74, -0.48],
						"4.2917": [-0.38, 0.77, -0.48],
						"4.3333": [-0.38, 0.8, -0.48],
						"4.375": [-0.37, 0.81, -0.48],
						"4.4167": [-0.36, 0.79, -0.48],
						"4.4583": [-0.35, 0.72, -0.47],
						"4.5": [-0.32, 0.54, -0.47],
						"4.5417": [-0.28, 0.28, -0.47],
						"4.5833": [-0.23, 0, -0.47],
						"4.625": [-0.19, -0.26, -0.46],
						"4.6667": [-0.15, -0.42, -0.45],
						"4.7083": [-0.09, -0.48, -0.44],
						"4.75": [-0.04, -0.4, -0.43],
						"4.7917": [0, -0.3, -0.35],
						"4.8333": [0.03, -0.23, -0.2],
						"4.875": [0.07, -0.14, 0],
						"4.9167": [0.09, -0.06, 0.19],
						"4.9583": [0.1, 0, 0.3],
						"5.0": [0.06, 0.02, 0.19],
						"5.0417": [0, 0, 0],
						"5.0833": [-0.01, 0, -0.02],
						"5.125": [-0.01, 0, -0.02],
						"5.1667": [0, 0, -0.01],
						"5.2083": [0, 0, 0]
					}
				},
				"lefthand": {
					"rotation": {
						"0.0": [-306.46, -42.42, 254.51],
						"0.25": [-283.96, -42.42, 254.51],
						"4.75": [-283.96, -42.42, 254.51],
						"5.0": [-306.46, -42.42, 254.51]
					},
					"position": {
						"0.0": [7.1, -17, -9],
						"0.25": [7.35, -15.52, -8],
						"4.75": [7.35, -15.52, -8],
						"5.0": [7.1, -17, -9]
					},
					"scale": {
						"0.0": [1, 1.5, 1],
						"5.0": [1, 1.5, 1]
					}
				},
				"constraint": {
					"rotation": [0.2, 0.2, 0.2],
					"position": [0.2, 0.2, 0.2]
				},
				"righthand": {
					"rotation": [94.35, 18.68, -173.87],
					"position": [-6.8, -17, -2],
					"scale": [1, 1.5, 1]
				},
				"camera": {
					"rotation": {
						"0.0": [0, 0, 0],
						"0.0417": [0.02, 0.01, 0.05],
						"0.0833": [0.03, 0.03, 0.13],
						"0.125": [0.08, 0.07, 0.14],
						"0.1667": [0.19, 0.17, 0],
						"0.2083": [0.3, 0.26, -0.2],
						"0.25": [0.46, 0.38, -0.49],
						"0.2917": [0.63, 0.52, -0.84],
						"0.3333": [0.82, 0.66, -1.2],
						"0.375": [0.98, 0.81, -1.54],
						"0.4167": [1.12, 0.94, -1.82],
						"0.4583": [1.2, 1.06, -2.02],
						"0.5": [1.21, 1.18, -2.13],
						"0.5417": [1.16, 1.31, -2.16],
						"0.5833": [1.08, 1.42, -2.13],
						"0.625": [0.98, 1.52, -2.05],
						"0.6667": [0.9, 1.6, -1.96],
						"0.7083": [0.85, 1.65, -1.87],
						"0.75": [0.85, 1.66, -1.83],
						"0.7917": [0.84, 1.67, -1.77],
						"0.8333": [0.84, 1.67, -1.7],
						"0.875": [0.84, 1.66, -1.63],
						"0.9167": [0.84, 1.65, -1.55],
						"0.9583": [0.84, 1.63, -1.46],
						"1.0": [0.85, 1.62, -1.38],
						"1.0417": [0.85, 1.6, -1.3],
						"1.0833": [0.87, 1.58, -1.22],
						"1.125": [0.88, 1.56, -1.15],
						"1.1667": [0.9, 1.55, -1.09],
						"1.2083": [0.92, 1.53, -1.05],
						"1.25": [0.95, 1.52, -1.01],
						"1.2917": [0.97, 1.52, -1],
						"1.3333": [1, 1.52, -1],
						"1.375": [1.03, 1.51, -1.02],
						"1.4167": [1.07, 1.51, -1.05],
						"1.4583": [1.11, 1.52, -1.09],
						"1.5": [1.15, 1.52, -1.13],
						"1.5417": [1.2, 1.52, -1.19],
						"1.5833": [1.24, 1.53, -1.24],
						"1.625": [1.29, 1.53, -1.3],
						"1.6667": [1.34, 1.53, -1.37],
						"1.7083": [1.39, 1.54, -1.43],
						"1.75": [1.44, 1.54, -1.49],
						"1.7917": [1.49, 1.55, -1.55],
						"1.8333": [1.53, 1.55, -1.61],
						"1.875": [1.58, 1.55, -1.66],
						"1.9167": [1.62, 1.55, -1.7],
						"1.9583": [1.67, 1.55, -1.73],
						"2.0": [1.7, 1.55, -1.75],
						"2.0417": [1.78, 1.55, -1.8],
						"2.0833": [1.8, 1.55, -1.8],
						"2.125": [1.9, 1.53, -1.71],
						"2.1667": [2.2, 1.48, -1.5],
						"2.2083": [2.6, 1.42, -1.24],
						"2.25": [3.14, 1.33, -0.88],
						"2.2917": [3.75, 1.24, -0.47],
						"2.3333": [4.37, 1.14, -0.05],
						"2.375": [4.91, 1.05, 0.31],
						"2.4167": [5.3, 0.99, 0.58],
						"2.4583": [5.54, 0.95, 0.75],
						"2.5": [5.68, 0.92, 0.86],
						"2.5417": [5.74, 0.91, 0.92],
						"2.5833": [5.76, 0.9, 0.95],
						"2.625": [5.76, 0.9, 0.96],
						"2.6667": [5.77, 0.9, 0.95],
						"2.7083": [5.76, 0.91, 0.87],
						"2.75": [5.71, 0.94, 0.7],
						"2.7917": [5.62, 0.97, 0.54],
						"2.8333": [5.5, 0.98, 0.46],
						"2.875": [5.48, 0.98, 0.47],
						"2.9167": [5.47, 0.99, 0.48],
						"2.9583": [5.48, 1, 0.49],
						"3.0": [5.5, 1.01, 0.52],
						"3.0417": [5.52, 1.02, 0.54],
						"3.0833": [5.53, 1.03, 0.57],
						"3.125": [5.55, 1.05, 0.61],
						"3.1667": [5.55, 1.05, 0.64],
						"3.2083": [5.55, 1.06, 0.68],
						"3.25": [5.52, 1.06, 0.72],
						"3.2917": [5.47, 1.05, 0.76],
						"3.3333": [5.4, 1.04, 0.8],
						"3.375": [5.3, 1.02, 0.84],
						"3.4167": [5.16, 0.99, 0.88],
						"3.4583": [4.98, 0.95, 0.91],
						"3.5": [4.77, 0.9, 0.95],
						"3.5417": [4.41, 0.82, 0.99],
						"3.5833": [3.97, 0.71, 1.03],
						"3.625": [3.44, 0.58, 1.07],
						"3.6667": [2.86, 0.43, 1.11],
						"3.7083": [2.23, 0.28, 1.15],
						"3.75": [1.58, 0.11, 1.2],
						"3.7917": [0.92, -0.05, 1.24],
						"3.8333": [0.27, -0.22, 1.28],
						"3.875": [-0.36, -0.37, 1.33],
						"3.9167": [-0.94, -0.52, 1.37],
						"3.9583": [-1.46, -0.64, 1.42],
						"4.0": [-1.9, -0.75, 1.47],
						"4.0417": [-2.24, -0.83, 1.52],
						"4.0833": [-2.67, -0.92, 1.62],
						"4.125": [-2.92, -0.96, 1.75],
						"4.1667": [-3.01, -0.96, 1.88],
						"4.2083": [-3, -0.93, 2.01],
						"4.25": [-2.93, -0.88, 2.13],
						"4.2917": [-2.83, -0.83, 2.21],
						"4.3333": [-2.75, -0.79, 2.27],
						"4.375": [-2.56, -0.71, 2.3],
						"4.4167": [-2.23, -0.6, 2.27],
						"4.4583": [-1.83, -0.49, 2.15],
						"4.5": [-1.41, -0.37, 1.93],
						"4.5417": [-1.1, -0.31, 1.67],
						"4.5833": [-0.73, -0.23, 1.32],
						"4.625": [-0.34, -0.16, 0.92],
						"4.6667": [0.02, -0.1, 0.53],
						"4.7083": [0.31, -0.04, 0.2],
						"4.75": [0.5, 0, -0.02],
						"4.7917": [0.53, 0.03, -0.12],
						"4.8333": [0.37, 0.02, -0.05],
						"4.875": [0.15, 0.01, 0.07],
						"4.9167": [0, 0, 0.1],
						"4.9583": [-0.04, 0, -0.47],
						"5.0": [-0.02, 0, -0.2],
						"5.0417": [0, 0, 0.13],
						"5.0833": [0, 0, 0.13],
						"5.125": [0, 0, 0.06],
						"5.1667": [0, 0, 0]
					}
				}
			},
			"sound_effects": {
				"0.0": {
					"effect": "tacz:aug/aug_inspect_raise"
				},
				"2.0": {
					"effect": "tacz:aug/aug_inspect_quick"
				},
				"3.25": {
					"effect": "tacz:aug/aug_inspect_armin"
				},
				"4.4167": {
					"effect": "tacz:aug/aug_inspect_end"
				}
			}
		},
		"inspect_empty": {
			"loop": "hold_on_last_frame",
			"animation_length": 5.25,
			"bones": {
				"rotate": {
					"rotation": {
						"0.75": [0, 0, 0],
						"1.0": [0, 0, 90],
						"1.25": [0, 0, 180],
						"1.5": [0, 0, 270],
						"1.75": [0, 0, 360],
						"2.75": [0, 0, 0],
						"3.0": [0, 0, 90],
						"3.25": [0, 0, 180],
						"3.5": [0, 0, 270],
						"3.75": [0, 0, 360],
						"4.0": [0, 0, 0],
						"4.25": [0, 0, 90],
						"4.5": [0, 0, 180],
						"4.75": [0, 0, 270],
						"5.0": [0, 0, 360]
					}
				},
				"root": {
					"rotation": {
						"0.0": [0, 0, 0],
						"0.0417": [-1.15, 0.01, -0.57],
						"0.0833": [-2.8, 0.11, -1.25],
						"0.125": [-4.67, -0.36, -2.89],
						"0.1667": [-6.5, -2.07, -6.35],
						"0.2083": [-8.7, -5.62, -12.48],
						"0.25": [-11.25, -10.49, -20.61],
						"0.2917": [-13.25, -15.76, -29.32],
						"0.3333": [-13.79, -20.46, -37.21],
						"0.375": [-12.04, -24.63, -44.41],
						"0.4167": [-8.68, -28.68, -51.5],
						"0.4583": [-5.08, -32.24, -57.74],
						"0.5": [-2.6, -34.94, -62.39],
						"0.5417": [-1.81, -36.28, -64.57],
						"0.5833": [-1.62, -36.99, -65.62],
						"0.625": [-1.77, -37.31, -65.94],
						"0.6667": [-1.99, -37.45, -65.98],
						"0.7083": [-2.02, -37.63, -66.14],
						"0.75": [-1.93, -37.76, -66.3],
						"0.7917": [-1.83, -37.84, -66.37],
						"0.8333": [-1.71, -37.87, -66.38],
						"0.875": [-1.59, -37.87, -66.34],
						"0.9167": [-1.48, -37.85, -66.28],
						"0.9583": [-1.36, -37.83, -66.2],
						"1.0": [-1.26, -37.8, -66.14],
						"1.0417": [-1.18, -37.78, -66.1],
						"1.0833": [-1.11, -37.79, -66.11],
						"1.125": [-1.04, -37.83, -66.2],
						"1.1667": [-1.02, -37.87, -66.34],
						"1.2083": [-1.03, -37.92, -66.5],
						"1.25": [-1.05, -37.96, -66.66],
						"1.2917": [-1.05, -37.98, -66.79],
						"1.3333": [-1.05, -37.99, -66.88],
						"1.375": [-1.05, -38, -66.96],
						"1.4167": [-1.05, -37.99, -67.03],
						"1.4583": [-1.05, -37.98, -67.1],
						"1.5": [-1.05, -37.97, -67.18],
						"1.5417": [-1.05, -37.97, -67.26],
						"1.5833": [-1.06, -37.96, -67.41],
						"1.625": [-1.06, -37.95, -67.59],
						"1.6667": [-1.07, -37.94, -67.77],
						"1.7083": [-1.07, -37.92, -67.87],
						"1.75": [-1.07, -37.9, -67.83],
						"1.7917": [-1.08, -37.89, -67.79],
						"1.8333": [-1.09, -37.87, -67.77],
						"1.875": [-1.09, -37.84, -67.69],
						"1.9167": [-1.1, -37.82, -67.45],
						"1.9583": [-1.11, -37.8, -66.96],
						"2.0": [-1.11, -37.79, -66.11],
						"2.0417": [-0.77, -38.16, -64.83],
						"2.0833": [-0.2, -38.8, -63.37],
						"2.125": [-0.09, -38.94, -60.53],
						"2.1667": [-1.11, -37.79, -55.11],
						"2.2083": [-7.29, -30.97, -34.42],
						"2.25": [-15.62, -21.36, -9.19],
						"2.2917": [-25, -10.06, 16],
						"2.3333": [-32.91, 0.97, 38.17],
						"2.375": [-34.65, 5.41, 45.94],
						"2.4167": [-35.29, 9.45, 52.05],
						"2.4583": [-35.41, 12.79, 56.66],
						"2.5": [-35.64, 15.19, 59.92],
						"2.5417": [-36.05, 16.27, 61.33],
						"2.5833": [-36.35, 16.27, 60.97],
						"2.625": [-36.57, 15.83, 59.93],
						"2.6667": [-36.72, 15.58, 59.25],
						"2.7083": [-36.8, 15.6, 58.91],
						"2.75": [-36.73, 15.56, 58.77],
						"2.7917": [-36.74, 15.54, 58.83],
						"2.8333": [-36.75, 15.52, 58.96],
						"2.875": [-36.76, 15.49, 59.13],
						"2.9167": [-36.77, 15.47, 59.3],
						"2.9583": [-36.77, 15.45, 59.45],
						"3.0": [-36.77, 15.45, 59.55],
						"3.0417": [-36.78, 15.44, 59.51],
						"3.0833": [-36.78, 15.42, 59.36],
						"3.125": [-36.79, 15.4, 59.16],
						"3.1667": [-36.79, 15.39, 58.97],
						"3.2083": [-36.79, 15.39, 58.84],
						"3.25": [-36.78, 15.42, 58.84],
						"3.2917": [-36.76, 15.49, 59.01],
						"3.3333": [-36.72, 15.6, 59.43],
						"3.375": [-36.61, 15.92, 60.8],
						"3.4167": [-36.45, 16.38, 62.81],
						"3.4583": [-36.28, 16.88, 65.05],
						"3.5": [-36.12, 17.34, 67.1],
						"3.5417": [-36, 17.68, 68.54],
						"3.5833": [-35.97, 17.79, 68.97],
						"3.625": [-35.95, 17.88, 69.27],
						"3.6667": [-35.94, 17.94, 69.48],
						"3.7083": [-35.94, 17.98, 69.59],
						"3.75": [-35.94, 18.01, 69.63],
						"3.7917": [-35.95, 18.03, 69.62],
						"3.8333": [-35.95, 18.04, 69.57],
						"3.875": [-35.95, 18.05, 69.51],
						"3.9167": [-35.95, 18.05, 69.44],
						"3.9583": [-35.93, 18.05, 69.4],
						"4.0": [-35.92, 18.05, 69.38],
						"4.0417": [-35.93, 18.05, 69.37],
						"4.0833": [-35.94, 18.05, 69.37],
						"4.125": [-35.95, 18.04, 69.33],
						"4.1667": [-35.94, 18.01, 69.25],
						"4.2083": [-35.92, 17.98, 69.08],
						"4.25": [-35.86, 17.92, 68.81],
						"4.2917": [-35.77, 17.85, 68.41],
						"4.3333": [-35.63, 17.76, 67.86],
						"4.375": [-35.68, 17.86, 66.51],
						"4.4167": [-35.9, 18.14, 64.85],
						"4.4583": [-35.33, 17.83, 62.24],
						"4.5": [-33, 16.18, 58.04],
						"4.5417": [-27.82, 12.16, 51.32],
						"4.5833": [-20.56, 6.43, 42.69],
						"4.625": [-13.14, 0.83, 33.75],
						"4.6667": [-7.42, -2.84, 26.12],
						"4.7083": [-3.06, -3.62, 18.13],
						"4.75": [-0.62, -2.05, 11.52],
						"4.7917": [0.81, -0.65, 6.5],
						"4.8333": [1.18, -0.29, 3.45],
						"4.875": [0.55, -0.11, 2],
						"4.9167": [0, 0, 1.25],
						"4.9583": [-0.05, 0.04, 2.33],
						"5.0": [-0.03, 0.02, 1.51],
						"5.0417": [0, 0, 0.5],
						"5.0833": [0, 0, 0.22],
						"5.125": [0, 0, 0.08],
						"5.1667": [0, 0, 0],
						"5.2083": [0, 0, -0.03],
						"5.25": [0, 0, -0.03]
					},
					"position": {
						"0.0": [0, 0, 0],
						"0.0417": [-0.12, -0.06, -0.65],
						"0.0833": [-0.21, -0.24, -1.04],
						"0.125": [-0.32, -0.48, -1.55],
						"0.1667": [-0.43, -0.72, -2.03],
						"0.2083": [-0.53, -0.87, -2.35],
						"0.25": [-0.62, -0.94, -2.44],
						"0.2917": [-0.69, -0.9, -2.33],
						"0.3333": [-0.83, -0.8, -2.25],
						"0.375": [-1.08, -0.62, -2.3],
						"0.4167": [-1.4, -0.38, -2.39],
						"0.4583": [-1.68, -0.15, -2.45],
						"0.5": [-1.94, 0.14, -2.47],
						"0.5417": [-2.1, 0.36, -2.46],
						"0.5833": [-2.13, 0.39, -2.46],
						"0.625": [-2.12, 0.39, -2.45],
						"0.6667": [-2.1, 0.37, -2.45],
						"0.7083": [-2.09, 0.35, -2.44],
						"0.75": [-2.09, 0.33, -2.43],
						"0.7917": [-2.09, 0.29, -2.43],
						"0.8333": [-2.08, 0.25, -2.42],
						"0.875": [-2.08, 0.21, -2.42],
						"0.9167": [-2.08, 0.2, -2.41],
						"0.9583": [-2.08, 0.2, -2.4],
						"1.0": [-2.08, 0.21, -2.4],
						"1.0417": [-2.07, 0.24, -2.4],
						"1.0833": [-2.07, 0.25, -2.39],
						"1.125": [-2.07, 0.25, -2.39],
						"1.1667": [-2.07, 0.26, -2.38],
						"1.2083": [-2.06, 0.26, -2.38],
						"1.25": [-2.06, 0.26, -2.37],
						"1.2917": [-2.06, 0.26, -2.37],
						"1.3333": [-2.06, 0.26, -2.36],
						"1.375": [-2.06, 0.26, -2.36],
						"1.4167": [-2.05, 0.25, -2.35],
						"1.4583": [-2.05, 0.25, -2.35],
						"1.5": [-2.05, 0.22, -2.34],
						"1.5417": [-2.04, 0.18, -2.33],
						"1.5833": [-2.03, 0.14, -2.32],
						"1.625": [-2.03, 0.09, -2.32],
						"1.6667": [-2.02, 0.06, -2.31],
						"1.7083": [-2.02, 0.04, -2.3],
						"1.75": [-2.02, 0.03, -2.29],
						"1.7917": [-2.02, 0.05, -2.28],
						"1.8333": [-2.02, 0.07, -2.28],
						"1.875": [-2.01, 0.08, -2.27],
						"1.9167": [-2, 0.07, -2.26],
						"1.9583": [-2.01, 0.04, -2.25],
						"2.0": [-2, -0.03, -2.24],
						"2.0417": [-1.84, -0.23, -2.21],
						"2.0833": [-1.6, -0.53, -2.19],
						"2.125": [-1.27, -0.95, -2.19],
						"2.1667": [-0.9, -1.38, -2.16],
						"2.2083": [-0.58, -1.69, -2.11],
						"2.25": [-0.35, -1.77, -1.99],
						"2.2917": [-0.27, -1.59, -1.82],
						"2.3333": [-0.25, -1.22, -1.59],
						"2.375": [-0.27, -0.74, -1.33],
						"2.4167": [-0.31, -0.23, -1.07],
						"2.4583": [-0.35, 0.22, -0.84],
						"2.5": [-0.37, 0.55, -0.67],
						"2.5417": [-0.37, 0.73, -0.57],
						"2.5833": [-0.38, 0.84, -0.51],
						"2.625": [-0.38, 0.89, -0.48],
						"2.6667": [-0.39, 0.92, -0.46],
						"2.7083": [-0.39, 0.93, -0.46],
						"2.75": [-0.39, 0.95, -0.44],
						"2.7917": [-0.4, 0.97, -0.43],
						"2.8333": [-0.4, 0.98, -0.43],
						"2.875": [-0.4, 0.98, -0.43],
						"2.9167": [-0.39, 0.98, -0.43],
						"2.9583": [-0.39, 0.97, -0.43],
						"3.0": [-0.39, 0.95, -0.43],
						"3.0417": [-0.39, 0.94, -0.44],
						"3.0833": [-0.39, 0.93, -0.44],
						"3.125": [-0.39, 0.93, -0.44],
						"3.1667": [-0.39, 0.92, -0.44],
						"3.2083": [-0.39, 0.91, -0.44],
						"3.25": [-0.39, 0.9, -0.44],
						"3.2917": [-0.39, 0.9, -0.45],
						"3.3333": [-0.39, 0.89, -0.45],
						"3.375": [-0.39, 0.88, -0.45],
						"3.4167": [-0.39, 0.87, -0.45],
						"3.4583": [-0.39, 0.86, -0.45],
						"3.5": [-0.39, 0.85, -0.45],
						"3.5417": [-0.39, 0.84, -0.46],
						"3.5833": [-0.39, 0.83, -0.46],
						"3.625": [-0.39, 0.82, -0.46],
						"3.6667": [-0.39, 0.81, -0.46],
						"3.7083": [-0.39, 0.8, -0.46],
						"3.75": [-0.39, 0.8, -0.46],
						"3.7917": [-0.39, 0.79, -0.47],
						"3.8333": [-0.39, 0.78, -0.47],
						"3.875": [-0.39, 0.78, -0.47],
						"3.9167": [-0.39, 0.77, -0.47],
						"3.9583": [-0.39, 0.76, -0.47],
						"4.0": [-0.39, 0.75, -0.47],
						"4.0417": [-0.39, 0.75, -0.48],
						"4.0833": [-0.39, 0.74, -0.48],
						"4.125": [-0.39, 0.74, -0.48],
						"4.1667": [-0.39, 0.74, -0.48],
						"4.2083": [-0.39, 0.74, -0.48],
						"4.25": [-0.39, 0.74, -0.48],
						"4.2917": [-0.38, 0.77, -0.48],
						"4.3333": [-0.38, 0.8, -0.48],
						"4.375": [-0.37, 0.81, -0.48],
						"4.4167": [-0.36, 0.79, -0.48],
						"4.4583": [-0.35, 0.72, -0.47],
						"4.5": [-0.32, 0.54, -0.47],
						"4.5417": [-0.28, 0.28, -0.47],
						"4.5833": [-0.23, 0, -0.47],
						"4.625": [-0.19, -0.26, -0.46],
						"4.6667": [-0.15, -0.42, -0.45],
						"4.7083": [-0.09, -0.48, -0.44],
						"4.75": [-0.04, -0.4, -0.43],
						"4.7917": [0, -0.3, -0.35],
						"4.8333": [0.03, -0.23, -0.2],
						"4.875": [0.07, -0.14, 0],
						"4.9167": [0.09, -0.06, 0.19],
						"4.9583": [0.1, 0, 0.3],
						"5.0": [0.06, 0.02, 0.19],
						"5.0417": [0, 0, 0],
						"5.0833": [-0.01, 0, -0.02],
						"5.125": [-0.01, 0, -0.02],
						"5.1667": [0, 0, -0.01],
						"5.2083": [0, 0, 0]
					}
				},
				"lefthand": {
					"rotation": {
						"0.0": [-306.46, -42.42, 254.51],
						"0.25": [-283.96, -42.42, 254.51],
						"4.75": [-283.96, -42.42, 254.51],
						"5.0": [-306.46, -42.42, 254.51]
					},
					"position": {
						"0.0": [7.1, -17, -9],
						"0.25": [7.35, -15.52, -8],
						"4.75": [7.35, -15.52, -8],
						"5.0": [7.1, -17, -9]
					},
					"scale": {
						"0.0": [1, 1.5, 1],
						"5.0": [1, 1.5, 1]
					}
				},
				"rocket": {
					"scale": 0
				},
				"constraint": {
					"rotation": [0.2, 0.2, 0.2],
					"position": [0.2, 0.2, 0.2]
				},
				"righthand": {
					"rotation": [94.35, 18.68, -173.87],
					"position": [-6.8, -17, -2],
					"scale": [1, 1.5, 1]
				},
				"camera": {
					"rotation": {
						"0.0": [0, 0, 0],
						"0.0417": [0.02, 0.01, 0.05],
						"0.0833": [0.03, 0.03, 0.13],
						"0.125": [0.08, 0.07, 0.14],
						"0.1667": [0.19, 0.17, 0],
						"0.2083": [0.3, 0.26, -0.2],
						"0.25": [0.46, 0.38, -0.49],
						"0.2917": [0.63, 0.52, -0.84],
						"0.3333": [0.82, 0.66, -1.2],
						"0.375": [0.98, 0.81, -1.54],
						"0.4167": [1.12, 0.94, -1.82],
						"0.4583": [1.2, 1.06, -2.02],
						"0.5": [1.21, 1.18, -2.13],
						"0.5417": [1.16, 1.31, -2.16],
						"0.5833": [1.08, 1.42, -2.13],
						"0.625": [0.98, 1.52, -2.05],
						"0.6667": [0.9, 1.6, -1.96],
						"0.7083": [0.85, 1.65, -1.87],
						"0.75": [0.85, 1.66, -1.83],
						"0.7917": [0.84, 1.67, -1.77],
						"0.8333": [0.84, 1.67, -1.7],
						"0.875": [0.84, 1.66, -1.63],
						"0.9167": [0.84, 1.65, -1.55],
						"0.9583": [0.84, 1.63, -1.46],
						"1.0": [0.85, 1.62, -1.38],
						"1.0417": [0.85, 1.6, -1.3],
						"1.0833": [0.87, 1.58, -1.22],
						"1.125": [0.88, 1.56, -1.15],
						"1.1667": [0.9, 1.55, -1.09],
						"1.2083": [0.92, 1.53, -1.05],
						"1.25": [0.95, 1.52, -1.01],
						"1.2917": [0.97, 1.52, -1],
						"1.3333": [1, 1.52, -1],
						"1.375": [1.03, 1.51, -1.02],
						"1.4167": [1.07, 1.51, -1.05],
						"1.4583": [1.11, 1.52, -1.09],
						"1.5": [1.15, 1.52, -1.13],
						"1.5417": [1.2, 1.52, -1.19],
						"1.5833": [1.24, 1.53, -1.24],
						"1.625": [1.29, 1.53, -1.3],
						"1.6667": [1.34, 1.53, -1.37],
						"1.7083": [1.39, 1.54, -1.43],
						"1.75": [1.44, 1.54, -1.49],
						"1.7917": [1.49, 1.55, -1.55],
						"1.8333": [1.53, 1.55, -1.61],
						"1.875": [1.58, 1.55, -1.66],
						"1.9167": [1.62, 1.55, -1.7],
						"1.9583": [1.67, 1.55, -1.73],
						"2.0": [1.7, 1.55, -1.75],
						"2.0417": [1.78, 1.55, -1.8],
						"2.0833": [1.8, 1.55, -1.8],
						"2.125": [1.9, 1.53, -1.71],
						"2.1667": [2.2, 1.48, -1.5],
						"2.2083": [2.6, 1.42, -1.24],
						"2.25": [3.14, 1.33, -0.88],
						"2.2917": [3.75, 1.24, -0.47],
						"2.3333": [4.37, 1.14, -0.05],
						"2.375": [4.91, 1.05, 0.31],
						"2.4167": [5.3, 0.99, 0.58],
						"2.4583": [5.54, 0.95, 0.75],
						"2.5": [5.68, 0.92, 0.86],
						"2.5417": [5.74, 0.91, 0.92],
						"2.5833": [5.76, 0.9, 0.95],
						"2.625": [5.76, 0.9, 0.96],
						"2.6667": [5.77, 0.9, 0.95],
						"2.7083": [5.76, 0.91, 0.87],
						"2.75": [5.71, 0.94, 0.7],
						"2.7917": [5.62, 0.97, 0.54],
						"2.8333": [5.5, 0.98, 0.46],
						"2.875": [5.48, 0.98, 0.47],
						"2.9167": [5.47, 0.99, 0.48],
						"2.9583": [5.48, 1, 0.49],
						"3.0": [5.5, 1.01, 0.52],
						"3.0417": [5.52, 1.02, 0.54],
						"3.0833": [5.53, 1.03, 0.57],
						"3.125": [5.55, 1.05, 0.61],
						"3.1667": [5.55, 1.05, 0.64],
						"3.2083": [5.55, 1.06, 0.68],
						"3.25": [5.52, 1.06, 0.72],
						"3.2917": [5.47, 1.05, 0.76],
						"3.3333": [5.4, 1.04, 0.8],
						"3.375": [5.3, 1.02, 0.84],
						"3.4167": [5.16, 0.99, 0.88],
						"3.4583": [4.98, 0.95, 0.91],
						"3.5": [4.77, 0.9, 0.95],
						"3.5417": [4.41, 0.82, 0.99],
						"3.5833": [3.97, 0.71, 1.03],
						"3.625": [3.44, 0.58, 1.07],
						"3.6667": [2.86, 0.43, 1.11],
						"3.7083": [2.23, 0.28, 1.15],
						"3.75": [1.58, 0.11, 1.2],
						"3.7917": [0.92, -0.05, 1.24],
						"3.8333": [0.27, -0.22, 1.28],
						"3.875": [-0.36, -0.37, 1.33],
						"3.9167": [-0.94, -0.52, 1.37],
						"3.9583": [-1.46, -0.64, 1.42],
						"4.0": [-1.9, -0.75, 1.47],
						"4.0417": [-2.24, -0.83, 1.52],
						"4.0833": [-2.67, -0.92, 1.62],
						"4.125": [-2.92, -0.96, 1.75],
						"4.1667": [-3.01, -0.96, 1.88],
						"4.2083": [-3, -0.93, 2.01],
						"4.25": [-2.93, -0.88, 2.13],
						"4.2917": [-2.83, -0.83, 2.21],
						"4.3333": [-2.75, -0.79, 2.27],
						"4.375": [-2.56, -0.71, 2.3],
						"4.4167": [-2.23, -0.6, 2.27],
						"4.4583": [-1.83, -0.49, 2.15],
						"4.5": [-1.41, -0.37, 1.93],
						"4.5417": [-1.1, -0.31, 1.67],
						"4.5833": [-0.73, -0.23, 1.32],
						"4.625": [-0.34, -0.16, 0.92],
						"4.6667": [0.02, -0.1, 0.53],
						"4.7083": [0.31, -0.04, 0.2],
						"4.75": [0.5, 0, -0.02],
						"4.7917": [0.53, 0.03, -0.12],
						"4.8333": [0.37, 0.02, -0.05],
						"4.875": [0.15, 0.01, 0.07],
						"4.9167": [0, 0, 0.1],
						"4.9583": [-0.04, 0, -0.47],
						"5.0": [-0.02, 0, -0.2],
						"5.0417": [0, 0, 0.13],
						"5.0833": [0, 0, 0.13],
						"5.125": [0, 0, 0.06],
						"5.1667": [0, 0, 0]
					}
				}
			},
			"sound_effects": {
				"0.0": {
					"effect": "tacz:aug/aug_inspect_raise"
				},
				"2.0": {
					"effect": "tacz:aug/aug_inspect_quick"
				},
				"3.25": {
					"effect": "tacz:aug/aug_inspect_armin"
				},
				"4.4167": {
					"effect": "tacz:aug/aug_inspect_end"
				}
			}
		}
	}
}