{
  "materials": [
    {
      "item": {
        "type": "forge:partial_nbt",
        "item": "tacz:attachment",
        "nbt": {
          "AttachmentId": "trisdyna:trammo_1"
        }
      },
      "count": 1
    },
    {
      "item": {
        "type": "forge:partial_nbt",
        "item": "tacz:ammo",
        "nbt": {
          "AmmoId": "trisdyna:emx_b1"
        }
      },
      "count": 16
    },
    {
      "item": {
        "item": "minecraft:redstone"
      },
      "count": 20
    },
    {
      "item": {
        "item": "minecraft:gold_ingot"
      },
      "count": 24
    },
    {
      "item": {
        "item": "minecraft:iron_ingot"
      },
      "count": 30
    }
  ],
  "result": {
    "type": "attachment",
    "id": "trisdyna:sf7e_ammo_1"
  },
  "type": "tacz:gun_smith_table_crafting"
}