{
  "materials": [
    {
      "item": {
        "type": "forge:partial_nbt",
        "item": "tacz:ammo",
        "nbt": {
          "AmmoId": "trisdyna:emx_b1"
        }
      },
      "count": 8
    },
    {
      "item": {
        "item": "minecraft:redstone"
      },
      "count": 20
    },
    {
      "item": {
        "item": "minecraft:gold_ingot"
      },
      "count": 28
    },
    {
      "item": {
        "item": "minecraft:netherite_ingot"
      },
      "count": 2
    }
  ],
  "result": {
    "type": "attachment",
    "id": "trisdyna:trammo_2"
  },
  "type": "tacz:gun_smith_table_crafting"
}