{
  "model": "emxarms:gun/emx_mk951r_ba_geo",
  "texture": "emxarms:gun/uv/emx_mk951r_ba",
  "hud": "emxarms:gun/hud/emx_mk951r",
  "slot": "emxarms:gun/slot/emx_mk951r_ba",
  "animation": "emxarms:emx_mk951",
  "use_default_animation": "rifle",
  "third_person_animation": "default",
  "transform": {
    "scale": {
      "thirdperson": [0.6, 0.6, 0.6],
      "ground": [0.6, 0.6, 0.6],
      "fixed": [1.2, 1.2, 1.2]
    }
  },
  "muzzle_flash": {
    "texture": "emxarms:flash/emx_muzzle_flash_b",
    "scale": 0.6
  },
  "shell": {
    "initial_velocity": [5, 2, 1],
    "random_velocity": [1, 1, 0.25],
    "acceleration": [0.0, -10, 0.0],
    "angular_velocity": [360, -1200, 90],
    "living_time": 1.0
  },
  "sounds": {
    "shoot": "emxarms:emx_mk951/emx_mk951l_shoot3",
    "shoot_3p": "emxarms:emx_mk951/emx_mk951l_shoot3",
    "silence": "emxarms:emx_umx32/vector_silence",
    "silence_3p": "emxarms:emx_umx32/vector_silence_3p",
    "draw": "emxarms:aln/qq",
    "put_away": "emxarms:aln/dq",
    "reload_empty": "emxarms:aln/kchd",
    "reload_tactical": "emxarms:emx_mk951/qbz951_reload_tactical",
    "inspect": "emxarms:aln/fkcjs",
    "inspect_empty": "emxarms:aln/kcjs",
    "dry_fire": "emxarms:emx_dw",
    "fire_select": "emxarms:emx_mode",
    "melee_stock":"emxarms:aln/cnm",
    "melee_push":"emxarms:aln/cnm",
	  "kill": "emxarms:emx_hit1"
  },
  // 枪械模型上的文本显示
  "text_show": {
    // 作用的组名，该组的旋转点决定文本的位置和朝向
    "ammo_count_text_show_pos": {
      // 文本缩放，默认大小对于 BlockBench 里的 1
      "scale": 0.5,
      // 对齐方式：right，center，left
      "align": "center",
      // 阴影
      "shadow": false,
      // 文本颜色
      "color": "#53f9af",
      // 亮度：1-15
      "light": 14,
      // 本地化，且支持PlaceholderAPI 风格的占位符
      // 目前仅支持两个：%player_name% %ammo_count%
      "text": "%ammo_count%"
    },
    "ammo_count_text_show_pos2": {
      // 文本缩放，默认大小对于 BlockBench 里的 1
      "scale": 0.5,
      // 对齐方式：right，center，left
      "align": "right",
      // 阴影
      "shadow": false,
      // 文本颜色
      "color": "#53f9af",
      // 亮度：1-15
      "light": 15,
      // 本地化，且支持PlaceholderAPI 风格的占位符
      // 目前仅支持两个：%player_name% %ammo_count%
      "text": "%player_name%"
    },
    "ammo_count_text_show_pos4": {
      // 文本缩放，默认大小对于 BlockBench 里的 1
      "scale": 0.5,
      // 对齐方式：right，center，left
      "align": "right",
      // 阴影
      "shadow": false,
      // 文本颜色
      "color": "#53f9af",
      // 亮度：1-15
      "light": 15,
      // 本地化，且支持PlaceholderAPI 风格的占位符
      // 目前仅支持两个：%player_name% %ammo_count%
      "text": "天际军科|"
    },
	    "ammo_count_text_show_pos3": {
      // 文本缩放，默认大小对于 BlockBench 里的 1
      "scale": 0.2,
      // 对齐方式：right，center，left
      "align": "center",
      // 阴影
      "shadow": false,
      // 文本颜色
      "color": "#53f9af",
      // 亮度：1-15
      "light": 15,
      // 本地化，且支持PlaceholderAPI 风格的占位符
      // 目前仅支持两个：%player_name% %ammo_count%
      "text": "-弹药-"
    }
  },
  "offhand_show": {
    "pos": [1, 19, 4],
    "rotate": [0, 0, 30],
    "scale": [0.5, 0.5, 0.5]
  },
  "hotbar_show": {
    "0": {
      "pos": [1, 16, -2],
    "rotate": [0, 0, 20],
    "scale": [0.5, 0.5, 0.5]
    }
  }
}