{
  "materials": [
    {
      "item": {
        "item": "goety:dark_ingot"
      },
      "count": 32
    },
    {
      "item": {
        "item": "minecraft:copper_ingot"
      },
      "count": 128
    },
    {
      "item": {
        "item": "minecraft:iron_ingot"
      },
      "count": 64
    },
    {
      "item": {
        "item": "minecraft:gold_ingot"
      },
      "count": 64
    },
    {
      "item": {
        "item": "minecraft:redstone"
      },
      "count": 60
    },
    {
      "item": {
        "item": "minecraft:diamond"
      },
      "count": 10
    }
  ],
  "result": {
    "type": "ammo",
    "id": "emxcust:emx_cus_tool",
    "count": 7
  },
  "type": "tacz:gun_smith_table_crafting"
}