{
  "materials": [
    {
      "item": {
        "item": "minecraft:iron_ingot"
      },
      "count": 64
    },
    {
      "item": {
        "item": "minecraft:blaze_powder"
      },
      "count": 6
    },
    {
      "item": {
        "item": "minecraft:netherite_ingot"
      },
      "count": 1
    },
    {
      "item": {
        "item": "minecraft:quartz"
      },
      "count": 16
    }
  ],
  "result": {
    "type": "ammo",
    "id": "emxarms:1045x103belt",
    "count": 96
  },
  "type": "tacz:gun_smith_table_crafting"
}