{
	"format_version": "1.12.0",
	"minecraft:geometry": [
		{
			"description": {
				"identifier": "geometry.unknown",
				"texture_width": 64,
				"texture_height": 64,
				"visible_bounds_width": 4,
				"visible_bounds_height": 2.5,
				"visible_bounds_offset": [0, 0.75, 0]
			},
			"bones": [
				{
					"name": "base",
					"pivot": [0, 0.5, 0]
				},
				{
					"name": "Barrels",
					"parent": "base",
					"pivot": [0, -2.26626, -4.09285],
					"cubes": [
						{
							"origin": [-0.25324, 4.40187, -13.9247],
							"size": [0.50647, 0.50647, 12.7769],
							"pivot": [0, 4.6551, 1.83379],
							"rotation": [0, 0, 45],
							"uv": {
								"north": {"uv": [45, 5], "uv_size": [0.5, 0.5]},
								"east": {"uv": [31, 8], "uv_size": [12.75, 0.5]},
								"south": {"uv": [6, 45], "uv_size": [0.5, 0.5]},
								"west": {"uv": [31, 9], "uv_size": [12.75, 0.5]},
								"up": {"uv": [5, 30], "uv_size": [0.5, 12.75]},
								"down": {"uv": [13, 42.75], "uv_size": [0.5, -12.75]}
							}
						},
						{
							"origin": [-0.25324, 5.61388, -11.94608],
							"size": [0.60541, 0.60541, 10.79828],
							"pivot": [0, 5.96606, 1.83379],
							"rotation": [0, 0, 45],
							"uv": {
								"north": {"uv": [7, 45], "uv_size": [0.5, 0.5]},
								"east": {"uv": [33, 15], "uv_size": [10.75, 0.5]},
								"south": {"uv": [8, 45], "uv_size": [0.5, 0.5]},
								"west": {"uv": [33, 16], "uv_size": [10.75, 0.5]},
								"up": {"uv": [15, 33], "uv_size": [0.5, 10.75]},
								"down": {"uv": [16, 43.75], "uv_size": [0.5, -10.75]}
							}
						},
						{
							"origin": [-0.25279, 4.67395, -12.0482],
							"size": [0.50558, 1.47591, 1.08166],
							"pivot": [-0.25368, 5.89774, -12.24608],
							"rotation": [-42.5, 0, 0],
							"uv": {
								"north": {"uv": [21, 43], "uv_size": [0.5, 1.5]},
								"east": {"uv": [17, 40], "uv_size": [1, 1.5]},
								"south": {"uv": [22, 43], "uv_size": [0.5, 1.5]},
								"west": {"uv": [37, 40], "uv_size": [1, 1.5]},
								"up": {"uv": [44, 12], "uv_size": [0.5, 1]},
								"down": {"uv": [13, 45], "uv_size": [0.5, -1]}
							}
						},
						{
							"origin": [-0.25324, 4.69869, -12.44608],
							"size": [0.50647, 1.19905, 0.9117],
							"uv": {
								"north": {"uv": [34, 43], "uv_size": [0.5, 1.25]},
								"east": {"uv": [36, 41], "uv_size": [1, 1.25]},
								"south": {"uv": [35, 43], "uv_size": [0.5, 1.25]},
								"west": {"uv": [4, 42], "uv_size": [1, 1.25]},
								"up": {"uv": [14, 44], "uv_size": [0.5, 1]},
								"down": {"uv": [15, 45], "uv_size": [0.5, -1]}
							}
						},
						{
							"origin": [-1.10218, 3.17793, -13.25933],
							"size": [2.20435, 2.57935, 7.8234],
							"uv": {
								"east": {"uv": [21.75, 4], "uv_size": [-7.75, 2.5]},
								"south": {"uv": [0, 33], "uv_size": [2.25, 2.5]},
								"west": {"uv": [14, 4], "uv_size": [7.75, 2.5]},
								"down": {"uv": [14, 22.75], "uv_size": [2.25, -7.75]}
							}
						},
						{
							"origin": [1.06969, 5.74043, -5.50933],
							"size": [-2.1394, -2.54565, -7.7391],
							"uv": {
								"east": {"uv": [14, 6.5], "uv_size": [7.75, -2.5]},
								"west": {"uv": [21.75, 6.5], "uv_size": [-7.75, -2.5]},
								"up": {"uv": [14, 22.75], "uv_size": [2.25, -7.75]}
							}
						},
						{
							"origin": [-0.85218, 6.55293, -13.25933],
							"size": [1.70435, 0.70435, 9.8234],
							"uv": {
								"north": {"uv": [2, 42], "uv_size": [1.75, 0.75]},
								"east": {"uv": [31, 2], "uv_size": [9.75, 0.75]},
								"south": {"uv": [8, 42], "uv_size": [1.75, 0.75]},
								"west": {"uv": [31, 7], "uv_size": [9.75, 0.75]},
								"up": {"uv": [4, 17], "uv_size": [1.75, 9.75]},
								"down": {"uv": [6, 26.75], "uv_size": [1.75, -9.75]}
							}
						},
						{
							"origin": [-1.41468, 6.55293, -13.25933],
							"size": [0.57935, -1.42065, 9.8234],
							"uv": {
								"north": {"uv": [43, 31], "uv_size": [0.5, 1.5]},
								"east": {"uv": [17, 7], "uv_size": [9.75, 1.5]},
								"south": {"uv": [33, 43], "uv_size": [0.5, 1.5]},
								"west": {"uv": [17, 9], "uv_size": [9.75, 1.5]},
								"up": {"uv": [32, 33], "uv_size": [0.5, 9.75]},
								"down": {"uv": [33, 42.75], "uv_size": [0.5, -9.75]}
							}
						},
						{
							"origin": [-0.35218, 4.30293, -13.31074],
							"size": [0.70435, 0.70435, 1.77424],
							"pivot": [0, 4.6551, -13.26461],
							"rotation": [0, 0, -45],
							"uv": {
								"north": {"uv": [0, 44], "uv_size": [0.75, 0.75]},
								"east": {"uv": [41, 30], "uv_size": [1.75, 0.75]},
								"south": {"uv": [1, 44], "uv_size": [0.75, 0.75]},
								"west": {"uv": [41, 31], "uv_size": [1.75, 0.75]},
								"up": {"uv": [34, 41], "uv_size": [0.75, 1.75]},
								"down": {"uv": [35, 42.75], "uv_size": [0.75, -1.75]}
							}
						},
						{
							"origin": [-0.2285, 3.80823, -12.08574],
							"size": [0.457, 0.90223, 0.53749],
							"uv": {
								"north": {"uv": [44, 15], "uv_size": [0.5, 1]},
								"east": {"uv": [16, 44], "uv_size": [0.5, 1]},
								"south": {"uv": [44, 16], "uv_size": [0.5, 1]},
								"west": {"uv": [17, 44], "uv_size": [0.5, 1]},
								"up": {"uv": [45, 8], "uv_size": [0.5, 0.5]},
								"down": {"uv": [9, 45.5], "uv_size": [0.5, -0.5]}
							}
						},
						{
							"origin": [-0.35218, 4.30293, -8.61109],
							"size": [0.70435, 0.70435, 0.53749],
							"pivot": [0, 4.6551, -10.19747],
							"rotation": [0, 0, -45],
							"uv": {
								"north": {"uv": [2, 44], "uv_size": [0.75, 0.75]},
								"east": {"uv": [26, 44], "uv_size": [0.5, 0.75]},
								"south": {"uv": [3, 44], "uv_size": [0.75, 0.75]},
								"west": {"uv": [44, 26], "uv_size": [0.5, 0.75]},
								"up": {"uv": [27, 44], "uv_size": [0.75, 0.5]},
								"down": {"uv": [28, 44.5], "uv_size": [0.75, -0.5]}
							}
						}
					]
				},
				{
					"name": "Ak74m_base",
					"parent": "base",
					"pivot": [0, -7.21326, 6.69161],
					"cubes": [
						{
							"origin": [-0.5, -3.03031, 1.1926],
							"size": [1, 2.8125, 2.9375],
							"pivot": [0, 0.02169, 1.68243],
							"rotation": [-26, 0, 0],
							"uv": {
								"north": {"uv": [38, 17], "uv_size": [1, 2.75]},
								"east": {"uv": [13, 30], "uv_size": [-3, 2.75]},
								"south": {"uv": [26, 38], "uv_size": [1, 2.75]},
								"west": {"uv": [10, 30], "uv_size": [3, 2.75]}
							}
						},
						{
							"origin": [-0.5, -0.68123, 1.23584],
							"size": [1, 2.9, 2.9375],
							"pivot": [0, 0.27607, 2.12754],
							"rotation": [-18, 0, 0],
							"uv": {
								"north": {"uv": [25, 36], "uv_size": [1, 3]},
								"east": {"uv": [26, 28], "uv_size": [-3, 3]},
								"south": {"uv": [6, 37], "uv_size": [1, 3]},
								"west": {"uv": [23, 28], "uv_size": [3, 3]},
								"up": {"uv": [8, 37], "uv_size": [1, 3]}
							}
						},
						{
							"origin": [-0.499, 1.8388, 1.76642],
							"size": [0.998, 2.15, 2.9375],
							"pivot": [-0.001, 1.83884, 2.70392],
							"rotation": [-10, 0, 0],
							"uv": {
								"north": {"uv": [14, 39], "uv_size": [1, 2.25]},
								"east": {"uv": [24, 31], "uv_size": [-3, 2.25]},
								"south": {"uv": [20, 39], "uv_size": [1, 2.25]},
								"west": {"uv": [21, 31], "uv_size": [3, 2.25]},
								"up": {"uv": [9, 37], "uv_size": [1, 3]}
							}
						},
						{
							"origin": [-0.94145, 5.44536, -8.21061],
							"size": [1.8829, 0.79046, 5.5],
							"uv": {
								"north": {"uv": [40, 34], "uv_size": [2, 0.75]},
								"east": {"uv": [35, 13], "uv_size": [5.5, 0.75]},
								"south": {"uv": [41, 2], "uv_size": [2, 0.75]},
								"west": {"uv": [35, 14], "uv_size": [5.5, 0.75]},
								"up": {"uv": [12, 24], "uv_size": [2, 5.5]},
								"down": {"uv": [8, 30.5], "uv_size": [2, -5.5]}
							}
						},
						{
							"origin": [-0.94145, 5.18286, -8.21061],
							"size": [1.8829, 0.27796, 5.45],
							"uv": {
								"north": {"uv": [18, 44], "uv_size": [2, 0.25]},
								"east": {"uv": [41, 27], "uv_size": [5.5, 0.25]},
								"south": {"uv": [44, 18], "uv_size": [2, 0.25]},
								"west": {"uv": [41, 28], "uv_size": [5.5, 0.25]},
								"up": {"uv": [25, 18], "uv_size": [2, 5.5]},
								"down": {"uv": [19, 30.5], "uv_size": [2, -5.5]}
							}
						},
						{
							"origin": [-0.46937, 6.22481, -8.21061],
							"size": [0.93874, 0.48309, 5.5],
							"uv": {
								"north": {"uv": [44, 19], "uv_size": [1, 0.5]},
								"east": {"uv": [38, 20], "uv_size": [5.5, 0.5]},
								"south": {"uv": [20, 44], "uv_size": [1, 0.5]},
								"west": {"uv": [38, 23], "uv_size": [5.5, 0.5]},
								"up": {"uv": [10, 33], "uv_size": [1, 5.5]},
								"down": {"uv": [11, 38.5], "uv_size": [1, -5.5]}
							}
						},
						{
							"origin": [-0.94145, 3.6397, -5.71061],
							"size": [1.8829, 1.53251, 4.25],
							"uv": {
								"north": {"uv": [37, 21], "uv_size": [2, 1.5]},
								"east": {"uv": [31.75, 26], "uv_size": [-6.75, 1.5]},
								"south": {"uv": [37, 35], "uv_size": [2, 1.5]},
								"west": {"uv": [25, 26], "uv_size": [6.75, 1.5]},
								"up": {"uv": [17, 11], "uv_size": [2, 6.75]},
								"down": {"uv": [8, 24.75], "uv_size": [2, -6.75]}
							}
						},
						{
							"origin": [-0.935, 3.1397, -8.16061],
							"size": [1.87, 0.63251, 5.7],
							"pivot": [0.09401, 3.77575, 4.65812],
							"rotation": [-2.5, 0, 0],
							"uv": {
								"north": {"uv": [41, 32], "uv_size": [1.75, 0.75]},
								"east": {"uv": [18, 34], "uv_size": [5.75, 0.75]},
								"south": {"uv": [41, 35], "uv_size": [1.75, 0.75]},
								"west": {"uv": [34, 34], "uv_size": [5.75, 0.75]},
								"up": {"uv": [21, 25], "uv_size": [1.75, 5.75]},
								"down": {"uv": [0, 32.75], "uv_size": [1.75, -5.75]}
							}
						},
						{
							"origin": [-0.67938, 5.48374, -8.21061],
							"size": [0.66763, 0.73777, 5.5],
							"pivot": [-0.82769, 5.91232, -4.15195],
							"rotation": [0, 0, -45],
							"uv": {
								"north": {"uv": [4, 44], "uv_size": [0.75, 0.75]},
								"east": {"uv": [18, 35], "uv_size": [5.5, 0.75]},
								"south": {"uv": [5, 44], "uv_size": [0.75, 0.75]},
								"west": {"uv": [35, 30], "uv_size": [5.5, 0.75]},
								"up": {"uv": [30, 34], "uv_size": [0.75, 5.5]},
								"down": {"uv": [31, 39.5], "uv_size": [0.75, -5.5]}
							}
						},
						{
							"origin": [0.01176, 5.48374, -8.21061],
							"size": [0.66763, 0.73777, 5.5],
							"pivot": [0.82769, 5.91232, -4.15195],
							"rotation": [0, 0, 45],
							"uv": {
								"north": {"uv": [6, 44], "uv_size": [0.75, 0.75]},
								"east": {"uv": [35, 31], "uv_size": [5.5, 0.75]},
								"south": {"uv": [7, 44], "uv_size": [0.75, 0.75]},
								"west": {"uv": [35, 32], "uv_size": [5.5, 0.75]},
								"up": {"uv": [7, 35], "uv_size": [0.75, 5.5]},
								"down": {"uv": [34, 40.5], "uv_size": [0.75, -5.5]}
							}
						},
						{
							"origin": [-0.94145, 3.39341, -1.96061],
							"size": [1.8829, 0.24629, 0.5],
							"uv": {
								"north": {"uv": [44, 20], "uv_size": [2, 0.25]},
								"east": {"uv": [45, 13], "uv_size": [0.5, 0.25]},
								"south": {"uv": [44, 21], "uv_size": [2, 0.25]},
								"west": {"uv": [14, 45], "uv_size": [0.5, 0.25]},
								"up": {"uv": [42, 25], "uv_size": [2, 0.5]},
								"down": {"uv": [42, 26.5], "uv_size": [2, -0.5]}
							}
						},
						{
							"origin": [-0.7814, 1.87174, 8.48754],
							"size": [1.5628, 1.28622, 2.4735],
							"uv": {
								"north": {"uv": [39, 35], "uv_size": [1.5, 1.25]},
								"east": {"uv": [36, 26], "uv_size": [2.5, 1.25]},
								"south": {"uv": [39, 39], "uv_size": [1.5, 1.25]},
								"west": {"uv": [36, 28], "uv_size": [2.5, 1.25]},
								"up": {"uv": [20, 36], "uv_size": [1.5, 2.5]},
								"down": {"uv": [22, 38.5], "uv_size": [1.5, -2.5]}
							}
						},
						{
							"origin": [-0.50736, 1.87174, 5.04938],
							"size": [1.01473, 1.38516, 0.96467],
							"uv": {
								"north": {"uv": [18, 41], "uv_size": [1, 1.5]},
								"east": {"uv": [19, 41], "uv_size": [1, 1.5]},
								"south": {"uv": [21, 41], "uv_size": [1, 1.5]},
								"west": {"uv": [22, 41], "uv_size": [1, 1.5]},
								"up": {"uv": [36, 21], "uv_size": [1, 1]},
								"down": {"uv": [37, 18], "uv_size": [1, -1]}
							}
						},
						{
							"origin": [-0.78155, 2.71591, 10.93631],
							"size": [1.5628, 0.34311, 0.27209],
							"uv": {
								"north": {"uv": [29, 44], "uv_size": [1.5, 0.25]},
								"east": {"uv": [17, 45], "uv_size": [0.25, 0.25]},
								"south": {"uv": [44, 29], "uv_size": [1.5, 0.25]},
								"west": {"uv": [45, 17], "uv_size": [0.25, 0.25]},
								"up": {"uv": [31, 44], "uv_size": [1.5, 0.25]},
								"down": {"uv": [44, 31.25], "uv_size": [1.5, -0.25]}
							}
						},
						{
							"origin": [-0.66885, -2.04526, 9.76144],
							"size": [1.3377, 0.70738, 0.52502],
							"pivot": [-0.59323, -1.98099, 10.20667],
							"rotation": [-32.5, 0, 0],
							"uv": {
								"north": {"uv": [28, 42], "uv_size": [1.25, 0.75]},
								"east": {"uv": [44, 32], "uv_size": [0.5, 0.75]},
								"south": {"uv": [30, 42], "uv_size": [1.25, 0.75]},
								"west": {"uv": [44, 34], "uv_size": [0.5, 0.75]},
								"up": {"uv": [43, 35], "uv_size": [1.25, 0.5]},
								"down": {"uv": [36, 43.5], "uv_size": [1.25, -0.5]}
							}
						},
						{
							"origin": [-0.66885, -1.62325, 11.13437],
							"size": [1.3377, 0.54417, 0.44523],
							"pivot": [-0.59323, -1.72219, 11.5796],
							"rotation": [-32.5, 0, 0],
							"uv": {
								"north": {"uv": [43, 36], "uv_size": [1.25, 0.5]},
								"east": {"uv": [10, 45], "uv_size": [0.5, 0.5]},
								"south": {"uv": [38, 43], "uv_size": [1.25, 0.5]},
								"west": {"uv": [11, 45], "uv_size": [0.5, 0.5]},
								"up": {"uv": [43, 39], "uv_size": [1.25, 0.5]},
								"down": {"uv": [40, 43.5], "uv_size": [1.25, -0.5]}
							}
						},
						{
							"origin": [-0.78155, 2.0228, 10.71369],
							"size": [1.5628, 0.69311, 0.4947],
							"pivot": [-0.48083, 2.71591, 11.20839],
							"rotation": [-22.5, 0, 0],
							"uv": {
								"north": {"uv": [42, 18], "uv_size": [1.5, 0.75]},
								"east": {"uv": [36, 44], "uv_size": [0.5, 0.75]},
								"south": {"uv": [42, 19], "uv_size": [1.5, 0.75]},
								"west": {"uv": [37, 44], "uv_size": [0.5, 0.75]},
								"up": {"uv": [43, 17], "uv_size": [1.5, 0.5]},
								"down": {"uv": [25, 43.5], "uv_size": [1.5, -0.5]}
							}
						},
						{
							"origin": [-0.66885, -1.99916, 9.56988],
							"size": [1.3377, 4.42757, 1.87986],
							"pivot": [0.08758, -0.0451, 9.02571],
							"rotation": [17.5, 0, 0],
							"uv": {
								"north": {"uv": [24, 31], "uv_size": [1.25, 4.5]},
								"east": {"uv": [30, 28], "uv_size": [-2, 4.5]},
								"south": {"uv": [3, 33], "uv_size": [1.25, 4.5]},
								"west": {"uv": [28, 28], "uv_size": [2, 4.5]},
								"up": {"uv": [11, 39], "uv_size": [1.25, 2]},
								"down": {"uv": [18, 41], "uv_size": [1.25, -2]}
							}
						},
						{
							"origin": [-0.66885, -2.34408, 9.59944],
							"size": [1.3377, 0.72792, 1.46095],
							"pivot": [0.08758, -0.13206, 9.05527],
							"rotation": [17.5, 0, 0],
							"uv": {
								"north": {"uv": [42, 34], "uv_size": [1.25, 0.75]},
								"east": {"uv": [42, 21], "uv_size": [1.5, 0.75]},
								"south": {"uv": [37, 42], "uv_size": [1.25, 0.75]},
								"west": {"uv": [42, 22], "uv_size": [1.5, 0.75]},
								"up": {"uv": [0, 40], "uv_size": [1.25, 1.5]},
								"down": {"uv": [8, 41.5], "uv_size": [1.25, -1.5]}
							}
						}
					]
				},
				{
					"name": "Stock",
					"parent": "Ak74m_base",
					"pivot": [0.02721, 3.27575, 13.72372]
				},
				{
					"name": "BaseReceiver",
					"parent": "Ak74m_base",
					"pivot": [-0.69258, 0.88882, -0.88229],
					"cubes": [
						{
							"origin": [0, 0.95459, 5.06616],
							"size": [0, 2.4735, 3.95866],
							"uv": {
								"north": {"uv": [0, 0], "uv_size": [0, 2.5]},
								"east": {"uv": [31, 7], "uv_size": [-4, 2.5]},
								"south": {"uv": [0, 0], "uv_size": [0, 2.5]},
								"west": {"uv": [27, 7], "uv_size": [4, 2.5]},
								"up": {"uv": [0, 0], "uv_size": [0, 4]},
								"down": {"uv": [0, 4], "uv_size": [0, -4]}
							}
						},
						{
							"origin": [-0.8918, 3.46656, -1.49329],
							"size": [1.7836, 1.4841, 13.33186],
							"uv": {
								"north": {"uv": [27, 38], "uv_size": [1.75, 1.5]},
								"east": {"uv": [14, 0], "uv_size": [13.25, 1.5]},
								"south": {"uv": [38, 37], "uv_size": [1.75, 1.5]},
								"west": {"uv": [14, 2], "uv_size": [13.25, 1.5]},
								"up": {"uv": [0, 0], "uv_size": [1.75, 13.25]},
								"down": {"uv": [2, 13.25], "uv_size": [1.75, -13.25]}
							}
						},
						{
							"origin": [-0.8918, -0.97094, 17.25671],
							"size": [1.7836, 5.9841, 1.58186],
							"pivot": [0, 0.3125, 18],
							"rotation": [-12.5, 0, 0],
							"uv": {
								"east": {"uv": [45, 34], "uv_size": [1.5, 6]},
								"west": {"uv": [35, 45], "uv_size": [1.5, 6]},
								"up": {"uv": [4, 14], "uv_size": [1.75, 1.5]},
								"down": {"uv": [6, 15.5], "uv_size": [1.75, -1.5]}
							}
						},
						{
							"origin": [-0.8918, -3.22094, 17.25671],
							"size": [1.7836, 6.1091, 1.58186],
							"inflate": -0.004,
							"pivot": [0, 1.125, 18],
							"rotation": [70, 0, 0],
							"uv": {
								"east": {"uv": [45, 34], "uv_size": [1.5, 6]},
								"west": {"uv": [35, 45], "uv_size": [1.5, 6]},
								"up": {"uv": [4, 14], "uv_size": [1.75, 1.5]},
								"down": {"uv": [6, 15.5], "uv_size": [1.75, -1.5]}
							}
						},
						{
							"origin": [-0.50468, 3.23448, 11.6409],
							"size": [0.98888, 0.98888, 9.23576],
							"pivot": [-0.31262, 3.86865, 9.71093],
							"rotation": [0, 0, -45],
							"uv": {
								"north": {"uv": [6, 40], "uv_size": [1, 1]},
								"east": {"uv": [27, 10], "uv_size": [9.25, 1]},
								"south": {"uv": [14, 42], "uv_size": [1, 1]},
								"west": {"uv": [27, 22], "uv_size": [9.25, 1]},
								"up": {"uv": [16, 23], "uv_size": [1, 9.25]},
								"down": {"uv": [6, 36.25], "uv_size": [1, -9.25]}
							}
						},
						{
							"origin": [-0.875, -4.30161, 18.00048],
							"size": [1.75, 1.75, 5.375],
							"pivot": [0, -1.36411, 18.87548],
							"rotation": [90, 0, 0],
							"uv": {
								"north": {"uv": [18, 29], "uv_size": [1, 1.75]},
								"east": {"uv": [27, 18], "uv_size": [5.5, 1.75]},
								"south": {"uv": [2, 40], "uv_size": [1, 1.75]},
								"west": {"uv": [27, 20], "uv_size": [5.5, 1.75]},
								"up": {"uv": [12, 33], "uv_size": [1, 5.5]},
								"down": {"uv": [14, 38.5], "uv_size": [1, -5.5]}
							}
						},
						{
							"origin": [-0.875, 0.28969, 14.10517],
							"size": [1.75, 0.8125, 7.9375],
							"inflate": 0.001,
							"pivot": [0, 2.16469, 17.04267],
							"rotation": [-35, 0, 0],
							"uv": {
								"north": {"uv": [17, 42], "uv_size": [1, 0.75]},
								"east": {"uv": [32, 24], "uv_size": [8, 0.75]},
								"south": {"uv": [20, 42], "uv_size": [1, 0.75]},
								"west": {"uv": [32, 25], "uv_size": [8, 0.75]},
								"up": {"uv": [7, 27], "uv_size": [1, 8]},
								"down": {"uv": [17, 37], "uv_size": [1, -8]}
							}
						},
						{
							"origin": [-0.875, 1.91469, 12.29267],
							"size": [1.75, 0.8125, 3],
							"inflate": 0.002,
							"uv": {
								"north": {"uv": [29, 43], "uv_size": [1, 0.75]},
								"east": {"uv": [21, 39], "uv_size": [3, 0.75]},
								"south": {"uv": [30, 43], "uv_size": [1, 0.75]},
								"west": {"uv": [39, 21], "uv_size": [3, 0.75]},
								"up": {"uv": [17, 37], "uv_size": [1, 3]},
								"down": {"uv": [37, 40], "uv_size": [1, -3]}
							}
						},
						{
							"origin": [-1.43198, 2.0305, 12.06298],
							"size": [1.23744, 1.23744, 9.75],
							"pivot": [-1.06954, 3.9055, 16.93798],
							"rotation": [0, 0, -45],
							"uv": {
								"north": {"uv": [30, 40], "uv_size": [1.25, 1.25]},
								"east": {"uv": [19, 11], "uv_size": [9.75, 1.25]},
								"south": {"uv": [40, 37], "uv_size": [1.25, 1.25]},
								"west": {"uv": [19, 13], "uv_size": [9.75, 1.25]},
								"up": {"uv": [19, 15], "uv_size": [1.25, 9.75]},
								"down": {"uv": [21, 24.75], "uv_size": [1.25, -9.75]}
							}
						},
						{
							"origin": [-1.43198, 2.843, 12.06298],
							"size": [1.23744, 1.23744, 9.75],
							"pivot": [-1.06954, 4.718, 16.93798],
							"rotation": [0, 0, -45],
							"uv": {
								"north": {"uv": [41, 0], "uv_size": [1.25, 1.25]},
								"east": {"uv": [22, 4], "uv_size": [9.75, 1.25]},
								"south": {"uv": [6, 41], "uv_size": [1.25, 1.25]},
								"west": {"uv": [23, 15], "uv_size": [9.75, 1.25]},
								"up": {"uv": [14, 23], "uv_size": [1.25, 9.75]},
								"down": {"uv": [23, 26.75], "uv_size": [1.25, -9.75]}
							}
						},
						{
							"origin": [-0.875, 3.19839, 12.06298],
							"size": [1.75, 0.8125, 9.75],
							"uv": {
								"north": {"uv": [41, 36], "uv_size": [1.75, 0.75]},
								"east": {"uv": [31, 0], "uv_size": [9.75, 0.75]},
								"south": {"uv": [39, 41], "uv_size": [1.75, 0.75]},
								"west": {"uv": [31, 1], "uv_size": [9.75, 0.75]},
								"up": {"uv": [0, 17], "uv_size": [1.75, 9.75]},
								"down": {"uv": [2, 26.75], "uv_size": [1.75, -9.75]}
							}
						},
						{
							"origin": [-0.6621, 4.75278, -2.78141],
							"size": [1.3242, 1.78092, 3.18869],
							"uv": {
								"north": {"uv": [39, 27], "uv_size": [1.25, 1.75]},
								"east": {"uv": [32, 26], "uv_size": [3.25, 1.75]},
								"south": {"uv": [35, 39], "uv_size": [1.25, 1.75]},
								"west": {"uv": [32, 28], "uv_size": [3.25, 1.75]},
								"up": {"uv": [35, 35], "uv_size": [1.25, 3.25]},
								"down": {"uv": [0, 39.25], "uv_size": [1.25, -3.25]}
							}
						},
						{
							"origin": [-0.6621, 5.37778, -2.15641],
							"size": [1.3242, 0.96842, 1.00119],
							"inflate": 0.003,
							"uv": {
								"west": {"uv": [50.25, 42.75], "uv_size": [3.25, 3.25]}
							}
						},
						{
							"origin": [-0.6621, 5.37778, -2.15641],
							"size": [1.3242, 0.96842, 1.00119],
							"inflate": 0.003,
							"uv": {
								"east": {"uv": [53.5, 42.75], "uv_size": [-3.25, 3.25]}
							}
						},
						{
							"origin": [-0.89, 3.36958, -0.82896],
							"size": [1.78, 0.5233, 12.65669],
							"pivot": [-0.74271, 3.36958, -0.37896],
							"rotation": [-2, 0, 0],
							"uv": {
								"north": {"uv": [5, 43], "uv_size": [1.75, 0.5]},
								"east": {"uv": [32, 4], "uv_size": [12.75, 0.5]},
								"south": {"uv": [7, 43], "uv_size": [1.75, 0.5]},
								"west": {"uv": [32, 5], "uv_size": [12.75, 0.5]},
								"up": {"uv": [4, 0], "uv_size": [1.75, 12.75]},
								"down": {"uv": [6, 12.75], "uv_size": [1.75, -12.75]}
							}
						},
						{
							"origin": [-0.94205, 3.79822, 3.70644],
							"size": [0.1, 1.45936, 5.66431],
							"pivot": [0.05795, 4.3279, 8.76474],
							"rotation": [22.5, 0, 0],
							"uv": {
								"north": {"uv": [44, 37], "uv_size": [0.25, 1.5]},
								"east": {"uv": [29, 11], "uv_size": [5.75, 1.5]},
								"south": {"uv": [38, 44], "uv_size": [0.25, 1.5]},
								"west": {"uv": [29, 13], "uv_size": [5.75, 1.5]},
								"up": {"uv": [23, 41], "uv_size": [0.25, 5.75]},
								"down": {"uv": [24, 46.75], "uv_size": [0.25, -5.75]}
							}
						}
					]
				},
				{
					"name": "upper",
					"parent": "BaseReceiver",
					"pivot": [-0.76688, 4.74748, 8.64068],
					"cubes": [
						{
							"origin": [-0.56885, 5.61658, -0.0148],
							"size": [1.1377, 0.86572, 10.29358],
							"uv": {
								"north": {"uv": [42, 37], "uv_size": [1.25, 0.75]},
								"east": {"uv": [27, 23], "uv_size": [10.25, 0.75]},
								"south": {"uv": [42, 38], "uv_size": [1.25, 0.75]},
								"west": {"uv": [28, 3], "uv_size": [10.25, 0.75]},
								"up": {"uv": [10, 18], "uv_size": [1.25, 10.25]},
								"down": {"uv": [17, 28.25], "uv_size": [1.25, -10.25]}
							}
						},
						{
							"origin": [-0.9302, 4.86898, -0.76692],
							"size": [1.8604, 0.89046, 11.98775],
							"uv": {
								"north": {"uv": [40, 25], "uv_size": [1.75, 1]},
								"east": {"uv": [22, 6], "uv_size": [12, 1]},
								"south": {"uv": [27, 40], "uv_size": [1.75, 1]},
								"west": {"uv": [25, 17], "uv_size": [12, 1]},
								"up": {"uv": [12, 0], "uv_size": [1.75, 12]},
								"down": {"uv": [12, 24], "uv_size": [1.75, -12]}
							}
						},
						{
							"origin": [-0.9302, 3.36898, 0.48308],
							"size": [1.8604, 2.39046, 3.98775],
							"inflate": 0.002,
							"uv": {
								"west": {"uv": [45.75, 47], "uv_size": [9, 5.75]}
							}
						},
						{
							"origin": [-0.9302, 4.85172, 11.17072],
							"size": [1.8604, 0.39576, 0.71731],
							"uv": {
								"north": {"uv": [9, 43], "uv_size": [1.75, 0.5]},
								"east": {"uv": [39, 44], "uv_size": [0.75, 0.5]},
								"south": {"uv": [11, 43], "uv_size": [1.75, 0.5]},
								"west": {"uv": [40, 44], "uv_size": [0.75, 0.5]},
								"up": {"uv": [41, 39], "uv_size": [1.75, 0.75]},
								"down": {"uv": [41, 40.75], "uv_size": [1.75, -0.75]}
							}
						},
						{
							"origin": [-0.9302, 4.75278, 11.04704],
							"size": [1.8604, 0.4947, 0.84099],
							"pivot": [-0.70251, 5.24748, 11.88803],
							"rotation": [-37.5, 0, 0],
							"uv": {
								"north": {"uv": [13, 43], "uv_size": [1.75, 0.5]},
								"east": {"uv": [41, 44], "uv_size": [0.75, 0.5]},
								"south": {"uv": [43, 13], "uv_size": [1.75, 0.5]},
								"west": {"uv": [42, 44], "uv_size": [0.75, 0.5]},
								"up": {"uv": [41, 41], "uv_size": [1.75, 0.75]},
								"down": {"uv": [0, 42.75], "uv_size": [1.75, -0.75]}
							}
						},
						{
							"origin": [-0.56885, 4.75278, 9.8085],
							"size": [1.1377, 0.64528, 1.18743],
							"pivot": [-0.61757, 5.24748, 11.64068],
							"rotation": [-37.5, 0, 0],
							"uv": {
								"north": {"uv": [39, 42], "uv_size": [1.25, 0.75]},
								"east": {"uv": [41, 42], "uv_size": [1.25, 0.75]},
								"south": {"uv": [0, 43], "uv_size": [1.25, 0.75]},
								"west": {"uv": [43, 0], "uv_size": [1.25, 0.75]},
								"up": {"uv": [11, 41], "uv_size": [1.25, 1.25]},
								"down": {"uv": [41, 14.25], "uv_size": [1.25, -1.25]}
							}
						},
						{
							"origin": [-0.20315, 4.75278, 10.89684],
							"size": [0.4063, 0.84316, 0.69273],
							"pivot": [-0.68751, 5.24748, 11.64068],
							"rotation": [-37.5, 0, 0],
							"uv": {
								"north": {"uv": [43, 44], "uv_size": [0.5, 0.75]},
								"east": {"uv": [8, 44], "uv_size": [0.75, 0.75]},
								"south": {"uv": [44, 43], "uv_size": [0.5, 0.75]},
								"west": {"uv": [44, 8], "uv_size": [0.75, 0.75]},
								"up": {"uv": [44, 44], "uv_size": [0.5, 0.75]},
								"down": {"uv": [0, 45.75], "uv_size": [0.5, -0.75]}
							}
						},
						{
							"origin": [-0.57938, 6.49748, -8.17182],
							"size": [1.125, 0.25, 17.8125],
							"uv": {
								"north": {"uv": [45, 2], "uv_size": [1.25, 0.25]},
								"east": {"uv": [34, 6], "uv_size": [17.75, 0.25]},
								"south": {"uv": [45, 3], "uv_size": [1.25, 0.25]},
								"west": {"uv": [34, 33], "uv_size": [17.75, 0.25]},
								"up": {"uv": [8, 0], "uv_size": [1.25, 17.75]},
								"down": {"uv": [10, 17.75], "uv_size": [1.25, -17.75]}
							}
						},
						{
							"origin": [-0.57938, 2.93498, -11.73432],
							"size": [1.125, 0.4375, 9.5625],
							"uv": {
								"north": {"uv": [14, 7], "uv_size": [1.25, 0.5]},
								"east": {"uv": [44, 22], "uv_size": [9.5, 0.5]},
								"south": {"uv": [14, 8], "uv_size": [1.25, 0.5]},
								"west": {"uv": [44, 23], "uv_size": [9.5, 0.5]},
								"up": {"uv": [18, 45], "uv_size": [1.25, 9.5]},
								"down": {"uv": [20, 54.5], "uv_size": [1.25, -9.5]}
							}
						},
						{
							"origin": [-0.57938, 3.37248, -8.17182],
							"size": [1.125, 0.25, 6],
							"uv": {
								"north": {"uv": [4, 45], "uv_size": [1.25, 0.25]},
								"east": {"uv": [41, 7], "uv_size": [6, 0.25]},
								"south": {"uv": [45, 4], "uv_size": [1.25, 0.25]},
								"west": {"uv": [41, 10], "uv_size": [6, 0.25]},
								"up": {"uv": [30, 28], "uv_size": [1.25, 6]},
								"down": {"uv": [8, 37], "uv_size": [1.25, -6]}
							}
						},
						{
							"origin": [-1.07938, 5.24748, -7.60932],
							"size": [2.125, 0.875, 2],
							"uv": {
								"north": {"uv": [39, 22], "uv_size": [2.25, 1]},
								"east": {"uv": [23, 27], "uv_size": [2, 1]},
								"south": {"uv": [39, 26], "uv_size": [2.25, 1]},
								"west": {"uv": [10, 29], "uv_size": [2, 1]},
								"up": {"uv": [33, 18], "uv_size": [2.25, 2]},
								"down": {"uv": [33, 22], "uv_size": [2.25, -2]}
							}
						}
					]
				},
				{
					"name": "Bolt",
					"parent": "BaseReceiver",
					"pivot": [0.14851, 3.0284, 3.5329],
					"cubes": [
						{
							"origin": [-0.64321, 4.72057, -0.02169],
							"size": [1.28642, 0.9894, 4.31785],
							"uv": {
								"north": {"uv": [42, 11], "uv_size": [1.25, 1]},
								"east": {"uv": [35, 11], "uv_size": [4.25, 1]},
								"south": {"uv": [42, 12], "uv_size": [1.25, 1]},
								"west": {"uv": [35, 12], "uv_size": [4.25, 1]},
								"up": {"uv": [26, 33], "uv_size": [1.25, 4.25]},
								"down": {"uv": [28, 37.25], "uv_size": [1.25, -4.25]}
							}
						},
						{
							"origin": [-1.64321, 5.22057, 0.72831],
							"size": [2.28642, 0.4894, 0.25],
							"inflate": -0.002,
							"uv": {
								"north": {"uv": [42, 24], "uv_size": [2.25, 0.5]},
								"east": {"uv": [15, 45], "uv_size": [0.25, 0.5]},
								"south": {"uv": [25, 42], "uv_size": [2.25, 0.5]},
								"west": {"uv": [45, 15], "uv_size": [0.25, 0.5]},
								"up": {"uv": [9, 44], "uv_size": [2.25, 0.25]},
								"down": {"uv": [44, 9.25], "uv_size": [2.25, -0.25]}
							}
						},
						{
							"origin": [-0.39586, 5.69078, 0.22566],
							"size": [0.79172, 0.74205, 3.82315],
							"uv": {
								"north": {"uv": [44, 11], "uv_size": [0.75, 0.75]},
								"east": {"uv": [4, 13], "uv_size": [3.75, 0.75]},
								"south": {"uv": [12, 44], "uv_size": [0.75, 0.75]},
								"west": {"uv": [37, 10], "uv_size": [3.75, 0.75]},
								"up": {"uv": [3, 38], "uv_size": [0.75, 3.75]},
								"down": {"uv": [4, 41.75], "uv_size": [0.75, -3.75]}
							}
						}
					]
				},
				{
					"name": "rear_sight",
					"parent": "BaseReceiver",
					"pivot": [0.34629, 7.0341, -2.47271],
					"cubes": [
						{
							"origin": [-0.36363, 6.68322, -2.94431],
							"size": [0.72727, 0.21822, 3.58685],
							"inflate": -0.001,
							"pivot": [0, 6.71961, -0.75354],
							"rotation": [1, 0, 0],
							"uv": {
								"north": {"uv": [45, 12], "uv_size": [0.75, 0.25]},
								"east": {"uv": [43, 14], "uv_size": [3.5, 0.25]},
								"south": {"uv": [13, 45], "uv_size": [0.75, 0.25]},
								"west": {"uv": [17, 43], "uv_size": [3.5, 0.25]},
								"up": {"uv": [29, 38], "uv_size": [0.75, 3.5]},
								"down": {"uv": [10, 42.5], "uv_size": [0.75, -3.5]}
							}
						},
						{
							"origin": [-0.43297, 6.09158, -2.72166],
							"size": [0.86594, 0.61367, 2.63637],
							"inflate": -0.001,
							"pivot": [0.3875, 6.59841, -0.86598],
							"rotation": [-12.5, 0, 0],
							"uv": {
								"north": {"uv": [45, 0], "uv_size": [0.75, 0.5]},
								"east": {"uv": [26, 41], "uv_size": [2.75, 0.5]},
								"south": {"uv": [1, 45], "uv_size": [0.75, 0.5]},
								"west": {"uv": [41, 29], "uv_size": [2.75, 0.5]},
								"up": {"uv": [25, 39], "uv_size": [0.75, 2.75]},
								"down": {"uv": [38, 41.75], "uv_size": [0.75, -2.75]}
							}
						},
						{
							"origin": [-0.61838, 6.51553, -0.22313],
							"size": [1.23675, 0.43538, 0.43534],
							"pivot": [-0.17119, 6.75795, -0.01711],
							"rotation": [45, 0, 0],
							"uv": {
								"north": {"uv": [43, 40], "uv_size": [1.25, 0.5]},
								"east": {"uv": [45, 11], "uv_size": [0.5, 0.5]},
								"south": {"uv": [43, 41], "uv_size": [1.25, 0.5]},
								"west": {"uv": [12, 45], "uv_size": [0.5, 0.5]},
								"up": {"uv": [42, 43], "uv_size": [1.25, 0.5]},
								"down": {"uv": [43, 42.5], "uv_size": [1.25, -0.5]}
							}
						},
						{
							"origin": [-0.74205, 6.70749, 0.32738],
							"size": [1.4841, 0.48481, 0.31512],
							"uv": {
								"north": {"uv": [43, 30], "uv_size": [1.5, 0.5]},
								"east": {"uv": [16, 45], "uv_size": [0.25, 0.5]},
								"south": {"uv": [31, 43], "uv_size": [1.5, 0.5]},
								"west": {"uv": [45, 16], "uv_size": [0.25, 0.5]},
								"up": {"uv": [45, 1], "uv_size": [1.5, 0.25]},
								"down": {"uv": [2, 45.25], "uv_size": [1.5, -0.25]}
							}
						}
					]
				},
				{
					"name": "positioning2",
					"parent": "Ak74m_base",
					"pivot": [0, 0, 0]
				},
				{
					"name": "scope_pos",
					"parent": "positioning2",
					"pivot": [0, 6.475, 6.275]
				},
				{
					"name": "positioning",
					"pivot": [-3.025, -8.95, -11.225]
				},
				{
					"name": "ground",
					"parent": "positioning",
					"pivot": [0, -10, 0]
				},
				{
					"name": "fixed",
					"parent": "positioning",
					"pivot": [1.1, 4.425, 2.175],
					"rotation": [0, 90, 0]
				},
				{
					"name": "thirdperson_hand",
					"parent": "positioning",
					"pivot": [0.025, 2.975, 7.15]
				},
				{
					"name": "shell",
					"parent": "positioning",
					"pivot": [-0.625, 4.875, -1.225]
				},
				{
					"name": "muzzle_flash",
					"parent": "positioning",
					"pivot": [-0.025, 4.6, -14.225]
				}
			]
		}
	]
}